slug,name,gender,specialty,designation,hospitals_listed,hosp_mentions,first_degree_year,fdy_source,years_since_degree,est_age_band,n_clinics,clinic_names,buildings,campuses,on_ihh_campus,group_by_clinic,group_by_name,brand_by_name,group,also_listed_at,ihh_flags,insurance,languages,site,est_age
abdul-razakjr-bin-omar,Dr Abdul Razakjr Bin Omar,Male,Cardiology,Cardiologist,GEH|ME|MEH|PEH,Mount Elizabeth Hospital,1994,qual,32,50-59,2,Specialist Care Group || Parkway MediCentre (The Woodleigh Mall),Mount Elizabeth Medical Centre (3 Mount Elizabeth) || Parkway MediCentre (IHH community clinic),IHH-community|MEH,True,,,,,,also at Parkway MediCentre,"Great Eastern, HSBC Life, Prudential^, Singlife",English,PEH,57
agasthian-t,Dr Agasthian T,Male,Cardiothoracic Surgery,Cardiothoracic Surgeon,ME|MEH,Mount Elizabeth Hospital,1984,qual,42,60-69,1,Agasthian Thoracic Surgery Pte Ltd,Mount Elizabeth Medical Centre (3 Mount Elizabeth),MEH,True,,,,,,,"Great Eastern, HSBC Life, Income, Prudential^","English, Tamil",ME,67
ahmad-mohammed-tauqeer,Dr Ahmad Mohammed Tauqeer,Male,Neurology,Neurologist,GEH|PEH,Gleneagles Hospital,1997,qual,29,50-59,2,Neurology International Clinic || Neurology International Clinic,Gleneagles Medical Centre (6 Napier Rd) || Parkway East Medical Centre (319 Joo Chiat Pl),GEH|PEH,True,,,Thomson Medical,,Thomson Medical,,"Great Eastern, HSBC Life, Prudential^, Singlife","Arabic, Bengali, English, Hindi, Malay",PEH,54
ajeet-madhav-wagle,Dr Ajeet Madhav Wagle,Male,Ophthalmology,Ophthalmologist,ME|MEH,,1994,qual,32,50-59,1,International Eye Cataract Retina Centre,Mount Elizabeth Medical Centre (3 Mount Elizabeth),MEH,True,,,,,,,"AIA, Great Eastern, HSBC Life, Income, Prudential^, Singlife","Bahasa Indonesia, Bengali, English, Hindi, Hokkien, Mandarin, Punjabi, Tamil",ME,57
akash-verma,Dr Akash Verma,Male,Respiratory Medicine,Respiratory Physician,ME|MEH,,1996,qual,30,50-59,1,Interventional Pulmonology & Lung Clinic,Mount Elizabeth Medical Centre (3 Mount Elizabeth),MEH,True,,,,,,,"Great Eastern, HSBC Life, Prudential^, Singlife",English,ME,55
amitabh-monga,Dr Amitabh Monga,Male,Gastroenterology,Gastroenterologist,GEH,Gleneagles Hospital,1995,qual,31,50-59,1,The Gastro Practice,Gleneagles Medical Centre (6 Napier Rd),GEH,True,,,,,,,"AIA, Great Eastern, HSBC Life, Income, Prudential^, Singlife","English, Hindi",GEH,56
amy-elaine-lyn-hwa-stebbings,Dr Amy Elaine Lyn-Hwa Stebbings,Female,Respiratory Medicine,Respiratory Physician,ME|MNH,Gleneagles Hospital|Mount Elizabeth Novena Hospital,,,,,1,The Chest & Internal Medicine Clinic Pte Ltd,Mount Elizabeth Novena Specialist Centre (38 Irrawaddy Rd),MNH,True,,,,,,,,"Bahasa Indonesia, Cantonese, English, Hokkien",ME,
anandakumar-s-o-vellasamy,Dr Anandakumar S/O Vellasamy,Male,Orthopaedic Surgery,Orthopaedic Surgeon,ME|MNH,Mount Elizabeth Novena Hospital,2003,text_grad,23,40-49,1,OrthoCare - Orthopaedics & Sports Medicine,Mount Elizabeth Novena Specialist Centre (38 Irrawaddy Rd),MNH,True,,,,,,,"AIA, Great Eastern, Prudential^, Singlife","Bahasa Indonesia, English, Mandarin, Tamil",ME,48
andrew-mark-choong-tze-liang,Dr Andrew Mark Choong Tze Liang,Male,General Surgery,General Surgeon,ME|MNH,Mount Elizabeth Hospital,2006,text_years,20,40-49,1,Andrew Choong Vascular Surgery,Mount Elizabeth Novena Specialist Centre (38 Irrawaddy Rd),MNH,True,,,Thomson Medical,,Thomson Medical,,"Great Eastern, HSBC Life, Prudential^",English,ME,45
andrew-quoc-dutton,Dr Andrew Quoc Dutton,Male,Orthopaedic Surgery,Orthopaedic Surgeon,ME|MEH,Mount Elizabeth Hospital,,,,,1,Elite Orthopaedics Pte Ltd,Mount Elizabeth Medical Centre (3 Mount Elizabeth),MEH,True,,,,,,,"AIA, HSBC Life, Income, Prudential^, Singlife",English,ME,
aneez-db-ahmed,Dr Aneez DB Ahmed,Male,Cardiothoracic Surgery,Cardiothoracic Surgeon,ME|MNH,Mount Elizabeth Novena Hospital,,,,,1,International Centre for Thoracic Surgery Pte Ltd,Mount Elizabeth Novena Specialist Centre (38 Irrawaddy Rd),MNH,True,,,,,,,"HSBC Life, Prudential^","English, Hindi, Mandarin, Tamil",ME,
ang-cheng-nee-benny,Dr Ang Cheng Nee Benny,Male,Gastroenterology,Gastroenterologist,ME|MEH,,,,,,1,Gastroenterology Clinic,Mount Elizabeth Medical Centre (3 Mount Elizabeth),MEH,True,,,,,,,"Great Eastern, HSBC Life, Prudential^, Singlife","Bahasa Indonesia, Cantonese, English, Hokkien, Mandarin, Teochew",ME,
ang-cher-siang-peter,Dr Ang Cher Siang Peter,Male,Medical Oncology,Medical Oncologist,GEH|ME|MEH|MNH,Gleneagles Hospital|Mount Elizabeth Hospital,,,,,5,OncoCare Cancer Centre || OncoCare Cancer Centre || Oncocare Cancer Centre || OncoCare Cancer Centre || OncoCare Women's Cancer Clinic,Gleneagles Medical Centre (6 Napier Rd) || Mount Elizabeth Medical Centre (3 Mount Elizabeth),GEH|MEH,True,Tamarind Health,Tamarind Health,Tamarind Health - OncoCare|Thomson Medical,Tamarind Health,Thomson Medical,,"AIA, Great Eastern, HSBC Life, Income, Prudential^, Singlife","English, Hokkien, Mandarin, Teochew",GEH,
ang-chia-liang,Dr Ang Chia Liang,Male,Orthopaedic Surgery,Orthopaedic Surgeon,ME|MNH,Mount Elizabeth Novena Hospital,,,,,1,Centurion Orthopaedic Centre,Mount Elizabeth Novena Specialist Centre (38 Irrawaddy Rd),MNH,True,,,Thomson Medical,,Thomson Medical,,"Great Eastern, HSBC Life, Income, Prudential^, Singlife","Bengali, English, Hokkien, Malay, Mandarin",ME,
ang-fu-hong-benjamin,"Dr Ang Fu Hong, Benjamin",Male,Orthopaedic Surgery,Orthopaedic Surgeon,GEH|ME|MEH,Gleneagles Hospital,,,,,2,Activ Orthopaedic Centre || Activ Orthopaedic Centre,Gleneagles Medical Centre (6 Napier Rd) || Mount Elizabeth Medical Centre (3 Mount Elizabeth),GEH|MEH,True,,,Thomson Medical,,Thomson Medical,,"HSBC Life, Income, Prudential^",English,GEH,
ang-huai-yan,Dr Ang Huai Yan,Female,Obstetrics & Gynaecology,Obstetrician & Gynaecologist,GEH,Gleneagles Hospital,2006,text_years,20,40-49,1,International Medicine & Surgery Pte Ltd,Gleneagles Medical Centre (6 Napier Rd),GEH,True,,,Thomson Medical,,Thomson Medical,,,"Bahasa Indonesia, English, Hokkien, Mandarin",GEH,45
ang-hui-chi-annette,Dr Ang Hui Chi Annette,Female,Otorhinolaryngology / ENT,Otorhinolaryngologist,GEH,Gleneagles Hospital,,,,,1,Nobel ENT Centre,Gleneagles Medical Centre (6 Napier Rd),GEH,True,OUE Healthcare / Healthway,,,OUE Healthcare / Healthway,,,"AIA, Great Eastern, HSBC Life, Income, Prudential^, Singlife",English,GEH,
ang-kian-chuan,Dr Ang Kian Chuan,Male,Orthopaedic Surgery,Orthopaedic Surgeon,ME|MNH,,,,,,1,ORTHOSPORTS Orthopaedic Surgery & Sports Medicine,Mount Elizabeth Novena Specialist Centre (38 Irrawaddy Rd),MNH,True,,,,,,,"AIA, Great Eastern, HSBC Life, Prudential^",English,ME,
ang-pek-kiang-leonard,Dr Ang Pek Kiang Leonard,Male,Ophthalmology,Ophthalmologist,ME|MNH,Mount Elizabeth Hospital,,,,,1,Lang Eye Centre,Mount Elizabeth Novena Specialist Centre (38 Irrawaddy Rd),MNH,True,Foundation Healthcare,Foundation Healthcare,Foundation Healthcare,Foundation Healthcare,,,"Great Eastern, HSBC Life, Prudential^","English, Mandarin",ME,
ang-peng-chye,Dr Ang Peng Chye,Male,Psychiatry,Psychiatrist,ME|MEH,,,,,,1,Psychiatric & Behavioural Medicine Clinic,Mount Elizabeth Medical Centre (3 Mount Elizabeth),MEH,True,,,,,,,,"Cantonese, English, Hokkien, Mandarin",ME,
ang-peng-tiam,Dr Ang Peng Tiam,Male,Medical Oncology,Medical Oncologist,GEH|ME|MEH|MNH,Gleneagles Hospital|Mount Elizabeth Hospital,1982,text_grad,44,60-69,3,Parkway Cancer Centre || Parkway Cancer Centre || Parkway Cancer Centre,Gleneagles Hospital Annexe (6A Napier Rd) || Mount Elizabeth Medical Centre (3 Mount Elizabeth) || Mount Elizabeth Novena Specialist Centre (38 Irrawaddy Rd),GEH|MEH|MNH,True,Tamarind Health,Tamarind Health,Tamarind Health - Parkway Cancer Centre / TalkMed,Tamarind Health,,,"HSBC Life, Prudential^, Singlife","Cantonese, English, Hokkien, Mandarin, Teochew",GEH,69
ang-por,Dr Ang Por,Female,Dermatology,Dermatologist,ME|MEH,,,,,,1,The Dermatology Associates,Paragon Medical (290 Orchard Rd),Orchard-other,False,,,,,,,Income,English,ME,
ang-teck-kee,Dr Ang Teck Kee,Male,Cardiology,Cardiologist,ME|MEH,,,,,,1,ACE Cardiology Clinic Pte Ltd,Mount Elizabeth Medical Centre (3 Mount Elizabeth),MEH,True,,,,,,,"AIA, Great Eastern, HSBC Life, Income, Prudential^, Singlife","English, Malay, Mandarin",ME,
ang-xian-en-hope,Dr Ang Xian En Hope,Male,Anaesthesiology,Anaesthesiologist,ME|MNH|PEH,Parkway East Hospital,2008,text_years,18,40-49,2,Avant Pain Management Clinic || Avant Pain Management Clinic,Mount Elizabeth Novena Specialist Centre (38 Irrawaddy Rd) || Parkway East Medical Centre (319 Joo Chiat Pl),MNH|PEH,True,,,,,,,"Great Eastern, HSBC Life, Prudential^",English,PEH,43
anindita-santosa,Dr Anindita Santosa,Female,Rheumatology,Rheumatologist,GEH,Gleneagles Hospital,,,,,1,Aaria Rheumatology,Gleneagles Medical Centre (6 Napier Rd),GEH,True,,,,,,,"Great Eastern, Prudential^, Singlife","Bahasa Indonesia, English, German",GEH,
annabelle-leong-chooi-kien,Dr Annabelle Leong Chooi Kien,Female,Otorhinolaryngology / ENT,Otorhinolaryngologist,ME|MEH,Gleneagles Hospital,,,,,1,ENTcare Clinic,Mount Elizabeth Medical Centre (3 Mount Elizabeth),MEH,True,,,,,,,"Income, Prudential^, Singlife","English, Mandarin",ME,
antony-gardner,Dr Antony Gardner,Male,Orthopaedic Surgery,Orthopaedic Surgeon,ME|MEH|MNH,Mount Elizabeth Hospital,2001,earliest_qual,25,50-59,2,Orthopaedic Associates Medical Group Ptd. Ltd. || Orthopaedic Associates Medical Group Ptd. Ltd.,Mount Elizabeth Medical Centre (3 Mount Elizabeth) || Mount Elizabeth Novena Specialist Centre (38 Irrawaddy Rd),MEH|MNH,True,Foundation Healthcare,,,Foundation Healthcare,,,"AIA, Great Eastern, HSBC Life, Income, Prudential^, Singlife","English, Mandarin, Thai",ME,50
anupriya-agarwal,Dr Anupriya Agarwal,Female,Obstetrics & Gynaecology,Obstetrician & Gynaecologist,ME|MEH,Mount Elizabeth Hospital,1996,qual,30,50-59,1,Holistic Gynaecology and Fertility Pte Ltd,Paragon Medical (290 Orchard Rd),Orchard-other,False,,,,,,,Prudential^,"English, Hindi",ME,55
aravind-kumar,Dr Aravind Kumar,Male,Orthopaedic Surgery,Orthopaedic Surgeon,ME|MNH|PEH,Mount Elizabeth Novena Hospital|Parkway East Hospital,,,,,2,Centre for Spine and Orthopaedic Surgery || Centre For Spine & Orthopaedic Surgery,Mount Elizabeth Novena Specialist Centre (38 Irrawaddy Rd) || Parkway East Medical Centre (319 Joo Chiat Pl),MNH|PEH,True,,,,,,,"AIA, HSBC Life, Prudential^, Singlife","English, Hindi, Tamil",PEH,
asok-kurup,Dr Asok Kurup,Male,Infectious Diseases,Infectious Disease Physician,ME|MEH,Mount Elizabeth Hospital,1992,text_grad,34,50-59,1,Infectious Diseases Care Pte Ltd,Mount Elizabeth Medical Centre (3 Mount Elizabeth),MEH,True,,,,,,,,English,ME,59
au-eong-kah-guan,Dr Au Eong Kah Guan,Male,Ophthalmology,Ophthalmologist,ME|MEH,,1989,qual,37,60-69,1,International Eye Cataract Retina Centre,Mount Elizabeth Medical Centre (3 Mount Elizabeth),MEH,True,,,,,,,"AIA, Great Eastern, HSBC Life, Income, Prudential^, Singlife","English, Hokkien, Mandarin",ME,62
au-siew-cheng-elizabeth,Dr Au Siew Cheng Elizabeth,Female,Medical Oncology,Medical Oncologist,ME|MEH,,,,,,1,Icon Cancer Centre Mount Elizabeth,Mount Elizabeth Medical Centre (3 Mount Elizabeth),MEH,True,Icon Group,,,Icon Group,,,"AIA, Great Eastern, HSBC Life, Income, Prudential^, Singlife","Bahasa Indonesia, Cantonese, English, Mandarin",ME,
baldev-singh-cardiology,Dr Baldev Singh (Cardiology),Male,Intensive Care Medicine,Cardiologist,ME|MEH|PEH,Mount Elizabeth Hospital|Parkway East Hospital,1974,qual,52,70+,2,The Cardio CLINIC @ East || The Cardio CLINIC @ Orchard,Mount Elizabeth Medical Centre (3 Mount Elizabeth) || Parkway East Medical Centre (319 Joo Chiat Pl),MEH|PEH,True,,,,,,,"Great Eastern, HSBC Life, Prudential^, Singlife","Bahasa Indonesia, English, Hindi, Hokkien, Mandarin, Punjabi",PEH,77
bang-shieh-ling-shirley,Dr Bang Shieh Ling (Shirley),Female,Urology,Urologist,GEH|ME|MEH|MNH|PEH,Mount Elizabeth Novena Hospital|Parkway East Hospital,,,,,4,Advanced Urology Associates Pte Ltd || Advanced Urology Associates Pte Ltd || Advanced Urology Associates Pte Ltd || Advanced Urology Associates Pte Ltd,Gleneagles Medical Centre (6 Napier Rd) || Mount Elizabeth Medical Centre (3 Mount Elizabeth) || Mount Elizabeth Novena Specialist Centre (38 Irrawaddy Rd) || Parkway East Medical Centre (319 Joo Chiat Pl),GEH|MEH|MNH|PEH,True,HMI Medical,,,HMI Medical,,,"AIA, HSBC Life, Prudential^","Cantonese, English, Malay, Mandarin",PEH,
bell-david-paul,Dr Bell David Paul,Male,Orthopaedic Surgery,Orthopaedic Surgeon,ME|MNH,,1995,text_grad,31,50-59,1,ORTHOSPORTS Orthopaedic Surgery & Sports Medicine,Mount Elizabeth Novena Specialist Centre (38 Irrawaddy Rd),MNH,True,,,,,,,"AIA, HSBC Life, Prudential^","Cantonese, English, Hokkien, Mandarin, Teochew",ME,56
beng-kian-siew-jimmy,Dr Beng Kian Siew Jimmy,Male,Urology,Urologist,GEH,,,,,,1,Beng Surgery Pte Ltd,Gleneagles Medical Centre (6 Napier Rd),GEH,True,Singapore Medical Group (SMG),,,Singapore Medical Group (SMG),,,,English,GEH,
bhavesh-kishor-doshi,Dr Bhavesh Kishor Doshi,Male,Gastroenterology,Gastroenterologist,GEH,Gleneagles Hospital,1997,qual,29,50-59,1,Gastrohealth Centre for Digestive and Liver Care,Gleneagles Hospital Annexe (6A Napier Rd),GEH,True,,,,,,,"Great Eastern, HSBC Life, Prudential^, Singlife","Bahasa Indonesia, English, Hindi, Malay",GEH,54
boey-mee-leng,Dr Boey Mee Leng,Female,Rheumatology,Rheumatologist,ME|MEH,Mount Elizabeth Hospital,1981,text_years,45,70+,1,Boey Mee Leng Rheumatology & Medical Clinic,Mount Elizabeth Medical Centre (3 Mount Elizabeth),MEH,True,,,,,,,,"English, Mandarin",ME,70
boey-wah-keong,Dr Boey Wah Keong,,Intensive Care Medicine,Anaesthesiologist,GEH,,,,,,0,,,,False,,,,,,,,,,
bonney-glenn-kunnath,Dr Bonney Glenn Kunnath,Male,General Surgery,General Surgeon,GEH|ME|MEH|MNH|PEH,,,,,,4,PanAsia Surgery Pte Ltd || Panasia Surgery Pte Ltd || PanAsia Surgery Pte Ltd || Panasia Surgery Pte Ltd,Gleneagles Medical Centre (6 Napier Rd) || Mount Elizabeth Medical Centre (3 Mount Elizabeth) || Mount Elizabeth Novena Specialist Centre (38 Irrawaddy Rd) || Parkway East Medical Centre (319 Joo Chiat Pl),GEH|MEH|MNH|PEH,True,Foundation Healthcare,Foundation Healthcare,PanAsia Surgery,Foundation Healthcare,,,"Great Eastern, Prudential^",English,PEH,
chai-chung-cheen,Dr Chai Chung Cheen,Male,Renal Medicine,Renal Physician,ME|MEH,Mount Elizabeth Hospital,2011,text_years,15,40-49,1,Centre For Kidney Diseases,Lucky Plaza (304 Orchard Rd),Orchard-other,False,,,,,,,,"Cantonese, English, Malay, Mandarin",ME,40
chai-shu-ming-jean,Dr Chai Shu Ming Jean,Female,Ophthalmology,Ophthalmologist,ME|MEH,Mount Elizabeth Hospital,2004,qual,22,40-49,1,Eagle Eye Centre,Mount Elizabeth Medical Centre (3 Mount Elizabeth),MEH,True,HMI Medical,,,HMI Medical,,,"AIA, Great Eastern, HSBC Life, Income, Prudential^, Singlife","English, Mandarin",ME,47
chan-beng-kuen,Dr Chan Beng Kuen,Male,Orthopaedic Surgery,Orthopaedic Surgeon,GEH|ME|MEH,,,,,,2,Orthopaedics International || Orthopaedics International,Gleneagles Hospital Annexe (6A Napier Rd) || Mount Elizabeth Medical Centre (3 Mount Elizabeth),GEH|MEH,True,Orthopaedics International,,,Orthopaedics International,,,"AIA, Great Eastern, Income, Prudential^",English,GEH,
chan-boon-min-joy,Dr Chan Boon Min Joy,Female,Ophthalmology,Ophthalmologist,ME|MEH,,2004,text_grad,22,40-49,1,International Eye Cataract Retina Centre,Mount Elizabeth Medical Centre (3 Mount Elizabeth),MEH,True,,,,,,,"AIA, Great Eastern, HSBC Life, Income, Prudential^, Singlife","English, Mandarin",ME,47
chan-boon-yeow-daniel,Dr Chan Boon Yeow Daniel,Male,Medical Oncology,Medical Oncologist,GEH|ME|MEH|MNH,,2000,qual,26,50-59,3,Icon Cancer Centre Mount Elizabeth || Icon Cancer Centre Gleneagles || Icon Cancer Centre Novena,Gleneagles Medical Centre (6 Napier Rd) || Mount Elizabeth Medical Centre (3 Mount Elizabeth) || Mount Elizabeth Novena Specialist Centre (38 Irrawaddy Rd),GEH|MEH|MNH,True,Icon Group,Icon Group,Icon Cancer Centre Singapore,Icon Group,,,"AIA, Great Eastern, HSBC Life, Income, Prudential^, Singlife","Bahasa Indonesia, Cantonese, English, Hokkien, Mandarin",GEH,51
chan-ching-wan,Dr Chan Ching Wan,Female,General Surgery,General Surgeon,ME|MEH,Mount Elizabeth Hospital,1995,qual,31,50-59,1,Solis Breast Care & Surgery Centre,Mount Elizabeth Medical Centre (3 Mount Elizabeth),MEH,True,Tamarind Health,,Thomson Medical,Tamarind Health,Thomson Medical,,"AIA, Great Eastern, HSBC Life, Income, Prudential^, Singlife","English, Mandarin",ME,56
chan-chung-yip,Dr Chan Chung Yip,Male,General Surgery,General Surgeon,ME|MEH|MNH,Mount Elizabeth Hospital|Parkway East Hospital,1997,qual,29,50-59,2,Nexus Surgical Associates Pte Ltd || Nexus Surgical Associates Pte Ltd,Mount Elizabeth Medical Centre (3 Mount Elizabeth),MEH,True,Foundation Healthcare,Foundation Healthcare,Foundation Healthcare|Thomson Medical,Foundation Healthcare,Thomson Medical,,"AIA, Great Eastern, HSBC Life, Income, Prudential^, Singlife","Cantonese, English, Hokkien, Mandarin, Teochew",ME,54
chan-hsiang-sui,Dr Chan Hsiang Sui,Male,General Surgery,General Surgeon,GEH,Gleneagles Hospital,,,,,1,H S Chan Surgery,Gleneagles Hospital Annexe (6A Napier Rd),GEH,True,,,,,,,"AIA, Great Eastern, HSBC Life, Income, Prudential^, Singlife",English,GEH,
chan-kong-hon,Dr Chan Kong Hon,Male,Obstetrics & Gynaecology,Obstetrician & Gynaecologist,GEH,Gleneagles Hospital,,,,,1,Chan K H Clinic For Women,Gleneagles Medical Centre (6 Napier Rd),GEH,True,,,,,,,,English,GEH,
chan-kwok-wai-adrian,Dr Chan Kwok Wai Adrian,Male,Respiratory Medicine,Respiratory Physician,ME|MEH|MNH,Mount Elizabeth Novena Hospital,2006,text_grad,20,40-49,2,Respiratory Medical Associates || Respiratory Medical Associates,Mount Elizabeth Medical Centre (3 Mount Elizabeth),MEH,True,,,,,,,"AIA, Great Eastern, Income, Prudential^, Singlife",English,ME,45
chan-lai-yeen-irene,Dr Chan Lai Yeen Irene,Female,Paediatric Medicine,Paediatrician,ME|MEH,,1982,qual,44,60-69,1,I-Kidz Children's Clinic,Paragon Medical (290 Orchard Rd),Orchard-other,False,,,,,,,,English,ME,69
chan-mei-lan-cordelia,Dr Chan Mei Lan Cordelia,Female,Ophthalmology,Ophthalmologist,ME|MNH,Mount Elizabeth Novena Hospital,1991,text_grad,35,60-69,1,Eye Surgeons @ Novena,Mount Elizabeth Novena Specialist Centre (38 Irrawaddy Rd),MNH,True,,,,,,,"HSBC Life, Income, Prudential^, Singlife","Bahasa Indonesia, English, Mandarin",ME,60
chan-pai-ling-david,Dr Chan Pai Ling David,Male,Ophthalmology,Ophthalmologist,ME|MEH,,,,,,1,Atlas Eye Specialist Centre,Paragon Medical (290 Orchard Rd),Orchard-other,False,,,,,,,"AIA, Great Eastern, HSBC Life, Income, Prudential^, Singlife","English, Mandarin",ME,
chan-pak-wo-webber,Dr Chan Pak Wo (Webber),Male,Gastroenterology,Gastroenterologist,GEH|ME|MNH|PEH,Gleneagles Hospital|Mount Elizabeth Novena Hospital,2006,text_years,20,40-49,3,The Gastroenterology Group Pte Ltd || The Gastroenterology Group || The Gastroenterology Group Pte Ltd,Gleneagles Hospital Annexe (6A Napier Rd) || Mount Elizabeth Novena Specialist Centre (38 Irrawaddy Rd) || Parkway East Medical Centre (319 Joo Chiat Pl),GEH|MNH|PEH,True,,,Thomson Medical,,Thomson Medical,,"Great Eastern, HSBC Life, Prudential^, Singlife","Cantonese, English, Mandarin",PEH,45
chan-ping-wah-kenneth,Dr Chan Ping Wah Kenneth,Male,Respiratory Medicine,Respiratory Physician,GEH|ME|MEH|MNH,Gleneagles Hospital|Mount Elizabeth Novena Hospital,2010,text_grad,16,40-49,3,Respiratory Medical Associates || Respiratory Medical Associates || Respiratory Medical Associates,Gleneagles Medical Centre (6 Napier Rd) || Mount Elizabeth Medical Centre (3 Mount Elizabeth),GEH|MEH,True,,,,,,,"AIA, Great Eastern, Income, Prudential^, Singlife","Bahasa Indonesia, Cantonese, English, Malay, Mandarin",GEH,41
chan-po-fun,Dr Chan Po Fun,Female,Cardiology,Cardiologist,GEH,Mount Elizabeth Hospital,,,,,1,Cardiac Care Partners,Gleneagles Hospital Annexe (6A Napier Rd),GEH,True,Cardiac Care Partners,Cardiac Care Partners,Cardiac Care Partners|Thomson Medical,Cardiac Care Partners,Thomson Medical,,"Great Eastern, HSBC Life, Prudential^, Singlife","English, Mandarin",GEH,
chan-shao-wah-georgette-g,Dr Chan Shao-Wah Georgette G,Female,General Surgery,General Surgeon,ME|MEH,,1996,text_grad,30,50-59,1,Dennis Lim Surgery,Mount Elizabeth Medical Centre (3 Mount Elizabeth),MEH,True,,,,,,,"AIA, Prudential^",English,ME,55
chan-siew-ling-pamela,Dr Chan Siew Ling Pamela,Female,Psychiatry,Psychiatrist,ME|MEH,,1986,text_grad,40,60-69,1,Psychiatric & Behavioural Medicine Clinic,Mount Elizabeth Medical Centre (3 Mount Elizabeth),MEH,True,,,,,,,,"Cantonese, English, Mandarin",ME,65
chan-siew-luen,Dr Chan Siew Luen,Male,Oral & Maxillofacial Surgery,Oral and Maxillofacial Surgeon,ME|MEH,,1989,earliest_qual,37,60-69,1,Aesthetic Reconstructive Jawsurgery,Mount Elizabeth Medical Centre (3 Mount Elizabeth),MEH,True,,,,,,,,"Cantonese, English, Mandarin",ME,62
chan-sing-kit,Dr Chan Sing Kit,Female,Paediatric Medicine,Paediatrician,GEH,,,,,,1,Chan Clinic For Children,Gleneagles Medical Centre (6 Napier Rd),GEH,True,,,,,,,,English,GEH,
chan-tanny,Dr Chan Tanny,Female,Obstetrics & Gynaecology,Obstetrician & Gynaecologist,GEH,,,,,,1,Tanny Chan Women's Clinic & Surgery,Gleneagles Medical Centre (6 Napier Rd),GEH,True,,,,,,,,English,GEH,
chan-tiong-beng,Dr Chan Tiong Beng,Male,Respiratory Medicine,Respiratory Physician,ME|MEH,Mount Elizabeth Hospital,,,,,1,Cough & Chest Specialist Pte Ltd,Mount Elizabeth Medical Centre (3 Mount Elizabeth),MEH,True,,,,,,,,"Bahasa Indonesia, Cantonese, English, Hokkien, Mandarin, Teochew",ME,
chan-wah-hak-nien-shen-charles,Dr Chan Wah Hak Nien-Shen Charles,Male,Cardiology,Cardiologist,GEH,,,,,,1,Charles Chan Heart Clinic Pte Ltd,Gleneagles Medical Centre (6 Napier Rd),GEH,True,,,,,,,"AIA, HSBC Life, Income, Prudential^, Singlife","English, French",GEH,
chan-wan-xian,Dr Chan Wan Xian,Female,Cardiology,Cardiologist,GEH|ME|MEH|MNH|PEH,Gleneagles Hospital|Mount Elizabeth Hospital|Parkway East Hospital,,,,,4,Asian Heart & Vascular Centre || Asian Heart And Vascular Centre || Asian Heart & Vascular Centre || Asian Heart & Vascular Centre,Gleneagles Hospital Annexe (6A Napier Rd) || Mount Elizabeth Medical Centre (3 Mount Elizabeth) || Mount Elizabeth Novena Specialist Centre (38 Irrawaddy Rd) || Parkway East Medical Centre (319 Joo Chiat Pl),GEH|MEH|MNH|PEH,True,,,,,,,"AIA, Great Eastern, HSBC Life, Income, Prudential^, Singlife","Cantonese, English, French, Hokkien, Mandarin, Teochew",PEH,
chan-weng-buen-cathryn,Dr Chan Weng Buen Cathryn,Female,Obstetrics & Gynaecology,Obstetrician & Gynaecologist,ME|MNH,Gleneagles Hospital,,,,,1,Astra Women's Specialists,Mount Elizabeth Novena Specialist Centre (38 Irrawaddy Rd),MNH,True,Singapore Medical Group (SMG),,,Singapore Medical Group (SMG),,,"HSBC Life, Income, Prudential^, Singlife",English,ME,
chan-wing-kwong,Dr Chan Wing Kwong,Male,Ophthalmology,Ophthalmologist,ME|MNH,Mount Elizabeth Novena Hospital,,,,,1,Eye & Retina Surgeons,Mount Elizabeth Medical Centre (3 Mount Elizabeth),MEH,True,Eye & Retina Surgeons,,,Eye & Retina Surgeons,,,,"English, Mandarin",ME,
chan-wing-yan,Dr Chan Wing Yan,Female,Anaesthesiology,Anaesthesiologist,ME|MEH|MNH,,,,,,2,T.A. Medical Pte Ltd || Integrative Pain Centre,Mount Elizabeth Medical Centre (3 Mount Elizabeth) || Mount Elizabeth Novena Specialist Centre (38 Irrawaddy Rd),MEH|MNH,True,,,,,,,,English,ME,
chan-xin-hui-diana,Dr Chan Xin Hui Diana,Female,Anaesthesiology,Anaesthesiologist,GEH|ME|MEH,,,,,,2,Advanced Pain Specialists || Advanced Pain Specialists,Gleneagles Medical Centre (6 Napier Rd) || Mount Elizabeth Medical Centre (3 Mount Elizabeth),GEH|MEH,True,,,Thomson Medical,,Thomson Medical,,"Great Eastern, Income, Prudential^, Singlife",English,GEH,
chan-yi-wen-christopher,Dr Chan Yi Wen Christopher,Male,Psychiatry,Psychiatrist,GEH,Mount Elizabeth Novena Hospital,,,,,1,Psychiatric Care Clinic Pte Ltd,Gleneagles Medical Centre (6 Napier Rd),GEH,True,,,Thomson Medical,,Thomson Medical,,,"English, Mandarin",GEH,
chan-yin-lai-grace,Dr Chan Yin Lai Grace,Female,Rheumatology,Rheumatologist,GEH|ME|MEH|MNH,Mount Elizabeth Novena Hospital,,,,,3,Elim Rheumatic Centre (Novena) || Elim Rheumatic Centre (Gleneagles) || Elim Rheumatic Centre,Gleneagles Medical Centre (6 Napier Rd) || Mount Elizabeth Medical Centre (3 Mount Elizabeth) || Mount Elizabeth Novena Specialist Centre (38 Irrawaddy Rd),GEH|MEH|MNH,True,,,,,,,"Great Eastern, HSBC Life, Income, Prudential^, Singlife","Cantonese, English, Malay, Mandarin",GEH,
chan-ying-ho-henry,Dr Chan Ying Ho Henry,Male,Orthopaedic Surgery,Orthopaedic Surgeon,GEH|ME|MEH|MNH|PEH,Mount Elizabeth Hospital,2004,text_grad,22,40-49,4,HC Orthopaedic Surgery || HC Orthopaedic Surgery || HC Orthopaedic Surgery || HC Orthopaedic Surgery,Gleneagles Medical Centre (6 Napier Rd) || Mount Elizabeth Medical Centre (3 Mount Elizabeth) || Mount Elizabeth Novena Specialist Centre (38 Irrawaddy Rd) || Parkway East Medical Centre (319 Joo Chiat Pl),GEH|MEH|MNH|PEH,True,HC Surgical Specialists,,Thomson Medical,HC Surgical Specialists,Thomson Medical,,"HSBC Life, Prudential^","Cantonese, English, Hokkien, Malay, Mandarin",PEH,47
chan-yuin-chew,Dr Chan Yuin Chew,,Dermatology,Dermatologist,GEH,,,,,,0,,,,False,,,,,,,"Income, Prudential^, Singlife",,,
chang-haw-chong,Dr Chang Haw Chong,Male,Orthopaedic Surgery,Orthopaedic Surgeon,GEH|ME|MNH,Gleneagles Hospital|Mount Elizabeth Novena Hospital,1994,text_grad,32,50-59,2,H C Chang Orthopaedic Surgery || Synergy Orthopaedic Group Pte Ltd,Gleneagles Medical Centre (6 Napier Rd) || Mount Elizabeth Novena Specialist Centre (38 Irrawaddy Rd),GEH|MNH,True,,,Thomson Medical,,Thomson Medical,,"HSBC Life, Income, Prudential^, Singlife","Cantonese, English, Hokkien, Mandarin",GEH,57
chang-kin-yong-stephen,Dr Chang Kin Yong Stephen,Male,General Surgery,General Surgeon,ME|MEH,Mount Elizabeth Hospital,1994,text_grad,32,50-59,1,GLAD Clinic,Mount Elizabeth Medical Centre (3 Mount Elizabeth),MEH,True,,,Thomson Medical,,Thomson Medical,,"Great Eastern, HSBC Life, Income, Prudential^","Bahasa Indonesia, Cantonese, English, French, Hakka, Hokkien, Malay, Mandarin",ME,57
chang-wei-chun-eddie,Dr Chang Wei Chun Eddie,Male,Orthopaedic Surgery,Orthopaedic Surgeon,GEH,Gleneagles Hospital|Mount Elizabeth Hospital|Parkway East Hospital,,,,,1,Orthopaedic & Traumatic Surgery Pte Ltd,Gleneagles Medical Centre (6 Napier Rd),GEH,True,,,,,,,"HSBC Life, Prudential^",English,GEH,
chang-wei-yee,Dr Chang Wei Yee,Male,Urology,Urologist,GEH,,1976,qual,50,70+,1,Urological Surgery,Gleneagles Medical Centre (6 Napier Rd),GEH,True,,,,,,,,English,GEH,75
chao-siew-shuen,Dr Chao Siew Shuen,Female,Otorhinolaryngology / ENT,Otorhinolaryngologist,GEH,Gleneagles Hospital,1993,text_grad,33,50-59,1,ENT & Sinus Centre,Gleneagles Medical Centre (6 Napier Rd),GEH,True,,,,,,,"AIA, Income, Prudential^","English, Mandarin",GEH,58
chee-eng-nam-alexius,Dr Chee Eng Nam Alexius,Male,Gastroenterology,Gastroenterologist,ME|MEH,Mount Elizabeth Hospital,,,,,1,Alexius Chee Gastroenterology & Medical Clinic,Mount Elizabeth Medical Centre (3 Mount Elizabeth),MEH,True,,,,,,,,"Bahasa Indonesia, English, Hokkien, Mandarin",ME,
chee-hsien-gerard,Dr Chee Hsien Gerard,Male,Otorhinolaryngology / ENT,Otorhinolaryngologist,ME|MEH,Mount Elizabeth Hospital,,,,,1,G Chee Ent Sinus & Dizziness Centre,Mount Elizabeth Medical Centre (3 Mount Elizabeth),MEH,True,,,,,,,"Income, Prudential^","English, Mandarin",ME,
chee-jing-jye,Dr Chee Jing Jye,Female,Obstetrics & Gynaecology,Obstetrician & Gynaecologist,ME|MNH,Mount Elizabeth Hospital,1996,text_grad,30,50-59,1,Dr JJ Chee Obstetrics & Gynaecology,Mount Elizabeth Novena Specialist Centre (38 Irrawaddy Rd),MNH,True,,,,,,,,English,ME,55
chee-kin-ghee,Dr Chee Kin Ghee,Male,Hand Surgery,Hand Surgeon,GEH|ME|MEH,Gleneagles Hospital,2004,qual,22,40-49,2,Spire Hand Centre || Spire Hand Centre,Gleneagles Medical Centre (6 Napier Rd) || Mount Elizabeth Medical Centre (3 Mount Elizabeth),GEH|MEH,True,,,Thomson Medical,,Thomson Medical,,"Great Eastern, HSBC Life, Prudential^, Singlife","Bahasa Indonesia, Cantonese, English, Malay, Mandarin",GEH,47
chee-soon-phaik,Dr Chee Soon Phaik,Female,Ophthalmology,Ophthalmologist,ME|MNH,Mount Elizabeth Hospital,,,,,1,Eye & Retina Surgeons,Mount Elizabeth Medical Centre (3 Mount Elizabeth),MEH,True,Eye & Retina Surgeons,,,Eye & Retina Surgeons,,,,"English, Mandarin",ME,
chee-tek-siong,Dr Chee Tek Siong,Male,Intensive Care Medicine,Cardiologist,ME|MEH,Mount Elizabeth Hospital|Parkway East Hospital,,,,,1,The Heart Specialist Clinic,Mount Elizabeth Medical Centre (3 Mount Elizabeth),MEH,True,,,,,,,,"Bahasa Indonesia, Cantonese, English, Hokkien, Mandarin",ME,
chee-wang-cheng-nelson,Dr Chee Wang Cheng Nelson,Male,Otorhinolaryngology / ENT,Otorhinolaryngologist,ME|MEH,Mount Elizabeth Hospital,1989,text_grad,37,60-69,1,Chee Ear Nose Throat Surgery Pte Ltd,Mount Elizabeth Medical Centre (3 Mount Elizabeth),MEH,True,,,,,,,"Income, Prudential^","Bahasa Indonesia, Cantonese, English, Hokkien, Mandarin, Tamil, Teochew",ME,62
chee-wei-ter-victor,Dr Chee Wei Ter Victor,Male,Intensive Care Medicine,Anaesthesiologist,ME|MEH,,,,,,1,Anaesthesia Unlimited,Mount Elizabeth Medical Centre (3 Mount Elizabeth),MEH,True,,,,,,,,"Cantonese, English, Hokkien, Mandarin, Teochew",ME,
chee-wen-ling-elaine,Dr Chee Wen Ling Elaine,Female,Ophthalmology,Ophthalmologist,ME|MNH,Mount Elizabeth Novena Hospital,,,,,1,Eye & Retina Surgeons,Mount Elizabeth Medical Centre (3 Mount Elizabeth),MEH,True,Eye & Retina Surgeons,,,Eye & Retina Surgeons,,,"AIA, Great Eastern, Income, Prudential^, Singlife","Bahasa Indonesia, Cantonese, English, Hokkien, Mandarin",ME,
chen-chung-ming,Dr Chen Chung Ming,Male,General Surgery,General Surgeon,ME|MNH,,1994,text_grad,32,50-59,1,Affinity Surgery Centre,Mount Elizabeth Novena Specialist Centre (38 Irrawaddy Rd),MNH,True,,,,,,,"AIA, Income, Prudential^, Singlife",English,ME,57
chen-min-qi,Dr Chen Min Qi,Male,General Surgery,General Surgeon,GEH|ME|MNH,Gleneagles Hospital|Mount Elizabeth Novena Hospital,2005,qual,21,40-49,2,Vascular & Interventional Centre || Vascular & Interventional Centre,Gleneagles Medical Centre (6 Napier Rd) || Mount Elizabeth Novena Specialist Centre (38 Irrawaddy Rd),GEH|MNH,True,,,Thomson Medical,,Thomson Medical,,"Great Eastern, HSBC Life, Income, Prudential^","English, Mandarin",GEH,46
chen-weihao,Dr Chen Weihao,Male,Gastroenterology,Gastroenterologist,GEH|ME|MEH|MNH|PEH,Parkway East Hospital,,,,,4,GUTCARE || GUTCARE || GUTCARE || GUTCARE,Gleneagles Medical Centre (6 Napier Rd) || Mount Elizabeth Medical Centre (3 Mount Elizabeth) || Mount Elizabeth Novena Specialist Centre (38 Irrawaddy Rd) || Parkway East Medical Centre (319 Joo Chiat Pl),GEH|MEH|MNH|PEH,True,gutCARE,,,gutCARE,,,"AIA, Great Eastern, HSBC Life, Income, Prudential^, Singlife","Cantonese, English, Hokkien, Mandarin",PEH,
chen-yongqiang-jerry-delphi,Dr Chen Yongqiang Jerry Delphi,Male,Orthopaedic Surgery,Orthopaedic Surgeon,ME|MEH,Mount Elizabeth Hospital,,,,,1,Alps Orthopaedic Centre,Mount Elizabeth Medical Centre (3 Mount Elizabeth),MEH,True,,,,,,,"AIA, Great Eastern, HSBC Life, Income, Prudential^, Singlife","Cantonese, English, Hokkien, Mandarin",ME,
chen-yuan-tud-richard,Dr Chen Yuan Tud Richard,Male,Endocrinology,Endocrinologist,GEH,Gleneagles Hospital,1991,text_grad,35,60-69,1,Glen Arden Endocrinology Specialist Clinic,Gleneagles Medical Centre (6 Napier Rd),GEH,True,,,,,,,"AIA, HSBC Life, Income, Prudential^, Singlife","Bahasa Indonesia, Cantonese, English, Hokkien, Malay, Mandarin, Teochew",GEH,60
chen-yun-yin-cosmas,Dr Chen Yun Yin Cosmas,Male,General Surgery,General Surgeon,ME|MEH,,,,,,1,Cosmas Chen General Surgery & Vascular Centre Pte Ltd,Mount Elizabeth Medical Centre (3 Mount Elizabeth),MEH,True,,,,,,,"AIA, Great Eastern, HSBC Life, Income, Singlife",English,ME,
cheng-alfred,Dr Cheng Alfred,Male,Cardiology,Cardiologist,ME|MEH,Mount Elizabeth Hospital,,,,,1,Alfred Cheng Cardiac Care Pte Ltd,Mount Elizabeth Medical Centre (3 Mount Elizabeth),MEH,True,,,,,,,"AIA, HSBC Life, Prudential^, Singlife",English,ME,
cheng-chi-chung-ansgar,Dr Cheng Chi-Chung Ansgar,Male,Prosthodontics,Prosthodontist,ME|MEH,,,,,,1,Specialist Dental Group,Mount Elizabeth Medical Centre (3 Mount Elizabeth),MEH,True,Specialist Dental Group,,,Specialist Dental Group,,,,"Cantonese, English, Mandarin",ME,
cheng-ching-li-bobby,Dr Cheng Ching Li Bobby,Male,Ophthalmology,Ophthalmologist,ME|MEH,Mount Elizabeth Hospital,,,,,1,Singapore Eye & Vision Pte Ltd,Paragon Medical (290 Orchard Rd),Orchard-other,False,,,,,,,"AIA, Great Eastern, HSBC Life, Income, Prudential^, Singlife",English,ME,
cheng-chuo-fei-alfred,Dr Cheng Chuo Fei Alfred,Male,Orthodontics,Orthodontist,ME|MEH,,,,,,1,Alfred Cheng Orthodontic Clinic,Mount Elizabeth Medical Centre (3 Mount Elizabeth),MEH,True,,,,,,,,English,ME,
cheng-hung-henry,Dr Cheng Hung Henry,Male,Obstetrics & Gynaecology,Obstetrician & Gynaecologist,ME|MNH,,1982,qual,44,60-69,1,Astra Women's Specialists,Mount Elizabeth Novena Specialist Centre (38 Irrawaddy Rd),MNH,True,Singapore Medical Group (SMG),,Thomson Medical,Singapore Medical Group (SMG),Thomson Medical,,,"Bahasa Indonesia, Cantonese, English, Mandarin",ME,69
cheng-jin-fong,Dr Cheng Jin Fong,Female,Ophthalmology,Ophthalmologist,GEH,,1998,text_grad,28,50-59,1,The Radiant Eye Centre Pte Ltd,Gleneagles Medical Centre (6 Napier Rd),GEH,True,,,,,,,"Great Eastern, HSBC Life, Prudential^, Singlife","Cantonese, English, Mandarin",GEH,53
cheng-jun,Dr Cheng Jun,Male,Gastroenterology,Gastroenterologist,ME|MEH,Mount Elizabeth Hospital,,,,,1,Cheng Jun Gastroenterology & Medical Clinic,Mount Elizabeth Medical Centre (3 Mount Elizabeth),MEH,True,,,,,,,"Great Eastern, HSBC Life, Prudential^, Singlife","Bahasa Indonesia, Cantonese, English, Mandarin",ME,
cheng-mei-ling-theresa-nee-wong,Dr Cheng Mei Ling Theresa Nee Wong,Female,Obstetrics & Gynaecology,Obstetrician & Gynaecologist,ME|MEH,Mount Elizabeth Hospital,,,,,1,Theresa's Women Clinic,Mount Elizabeth Medical Centre (3 Mount Elizabeth),MEH,True,,,,,,,Prudential^,"Cantonese, English, Mandarin",ME,
cheng-shin-chuen,Dr Cheng Shin Chuen,Male,General Surgery,General Surgeon,ME|MEH|MNH|PEH,,1998,qual,28,50-59,3,Cheng SC Vein and Endovascular Clinic || Unitas Surgical Clinic || Unitas Surgical Clinic,Mount Elizabeth Medical Centre (3 Mount Elizabeth) || Mount Elizabeth Novena Specialist Centre (38 Irrawaddy Rd) || Parkway East Medical Centre (319 Joo Chiat Pl),MEH|MNH|PEH,True,,,Thomson Medical,,Thomson Medical,,"AIA, HSBC Life, Prudential^","Cantonese, English, Hokkien, Mandarin",PEH,53
cheng-tai-kin,Dr Cheng Tai Kin,Male,Paediatric Medicine,Paediatrician,PEH,Parkway East Hospital,1997,qual,29,50-59,1,Kinder Clinic Pte Ltd,Parkway East Medical Centre (319 Joo Chiat Pl),PEH,True,,,,,,,,English,PEH,54
cheng-yen-chuan-jacob,Dr Cheng Yen Chuan Jacob,Male,Ophthalmology,Ophthalmologist,ME|MEH|MNH|PEH,Parkway East Hospital,1964,qual,62,70+,3,Eagle Eye Centre || Eagle Eye Centre || Eagle Eye Centre,Mount Elizabeth Medical Centre (3 Mount Elizabeth) || Mount Elizabeth Novena Specialist Centre (38 Irrawaddy Rd) || Parkway East Medical Centre (319 Joo Chiat Pl),MEH|MNH|PEH,True,HMI Medical,,,HMI Medical,,,"AIA, Great Eastern, HSBC Life, Income, Prudential^, Singlife","English, Mandarin",PEH,87
cheong-lai-leng,Dr Cheong Lai Leng,Female,Dermatology,Dermatologist,ME|MEH,,,,,,1,LL Cheong Skin & Laser Clinic,Mount Elizabeth Medical Centre (3 Mount Elizabeth),MEH,True,,,,,,,,"Cantonese, English, Hokkien, Mandarin, Teochew",ME,
cheong-mun-onn-denis,Dr Cheong Mun Onn Denis,Male,General Surgery,General Surgeon,ME|MEH|MNH|PEH,,1983,text_grad,43,60-69,3,Panasia Surgery Pte Ltd || PanAsia Surgery Pte Ltd || Panasia Surgery Pte Ltd,Mount Elizabeth Medical Centre (3 Mount Elizabeth) || Mount Elizabeth Novena Specialist Centre (38 Irrawaddy Rd) || Parkway East Medical Centre (319 Joo Chiat Pl),MEH|MNH|PEH,True,Foundation Healthcare,Foundation Healthcare,Foundation Healthcare,Foundation Healthcare,,,"AIA, Great Eastern, HSBC Life, Income, Prudential^, Singlife","Bahasa Indonesia, English, Mandarin",PEH,68
cheong-tuck-hong,Dr Cheong Tuck Hong,Male,Respiratory Medicine,Respiratory Physician,ME|MEH,Mount Elizabeth Hospital,1978,text_grad,48,70+,1,Cheong Chest & Medical Clinic,Mount Elizabeth Medical Centre (3 Mount Elizabeth),MEH,True,,,,,,,"AIA, Income, Prudential^","Bahasa Indonesia, Cantonese, English, Hokkien, Mandarin",ME,73
cheong-wei-kuen,Dr Cheong Wei Kuen,Male,Gastroenterology,Gastroenterologist,ME|MEH,,1983,text_grad,43,60-69,1,WK Cheong Gastrointestinal & Liver Specialists,Mount Elizabeth Medical Centre (3 Mount Elizabeth),MEH,True,,,,,,,"AIA, Income, Prudential^","Bahasa Indonesia, Cantonese, English, Hokkien, Mandarin",ME,68
cheong-yee-ling,Dr Cheong Yee Ling,Female,Paediatric Surgery,Paediatric Surgeon,GEH|ME|MNH,Gleneagles Hospital,2003,qual,23,40-49,2,Nobel Pediatric Surgery Centre || Nobel Paediatric Surgery Centre,Gleneagles Hospital Annexe (6A Napier Rd) || Mount Elizabeth Novena Specialist Centre (38 Irrawaddy Rd),GEH|MNH,True,OUE Healthcare / Healthway,,,OUE Healthcare / Healthway,,,"AIA, Great Eastern, HSBC Life, Income, Prudential^, Singlife","English, Malay, Mandarin",GEH,48
cheong-yeem-yoong-pauline,Dr Cheong Yeem Yoong Pauline,Female,Ophthalmology,Ophthalmologist,GEH|ME|MNH,Gleneagles Hospital|Mount Elizabeth Novena Hospital,,,,,2,Eye Surgeons @ Novena || Eye Surgeons @ Napier,Gleneagles Medical Centre (6 Napier Rd) || Mount Elizabeth Novena Specialist Centre (38 Irrawaddy Rd),GEH|MNH,True,,,,,,,"Great Eastern, HSBC Life, Income, Prudential^, Singlife",English,GEH,
cheung-tin-lung-alan,Dr Cheung Tin Lung Alan,Male,Orthopaedic Surgery,Orthopaedic Surgeon,ME|MNH,Mount Elizabeth Novena Hospital,,,,,1,International Orthopaedic Clinic,Mount Elizabeth Novena Specialist Centre (38 Irrawaddy Rd),MNH,True,,,,,,,"Great Eastern, HSBC Life, Prudential^","Cantonese, English, Mandarin",ME,
chew-chee-ping,Dr Chew Chee Ping,Male,Orthopaedic Surgery,Orthopaedic Surgeon,GEH|ME|MEH,Gleneagles Hospital,2014,text_grad,12,<40,2,Alpha Joints Orthopaedics || Alpha Joints & Orthopaedics,Gleneagles Medical Centre (6 Napier Rd) || Paragon Medical (290 Orchard Rd),GEH|Orchard-other,True,,,Thomson Medical,,Thomson Medical,,"AIA, Great Eastern, HSBC Life, Prudential^, Singlife","English, Hokkien, Mandarin",GEH,37
chew-chee-tong-peter,Dr Chew Chee Tong Peter,Male,Obstetrics & Gynaecology,Obstetrician & Gynaecologist,GEH,,1969,text_grad,57,70+,1,Peter Chew Clinic For Women,Gleneagles Medical Centre (6 Napier Rd),GEH,True,,,Thomson Medical,,Thomson Medical,,Prudential^,"English, Hokkien, Mandarin, Teochew",GEH,82
chew-chee-yen-annabel,Dr Chew Chee Yen Annabel,Female,Ophthalmology,Ophthalmologist,ME|MNH,Mount Elizabeth Novena Hospital,2011,text_years,15,40-49,1,Lang Eye Centre,Mount Elizabeth Novena Specialist Centre (38 Irrawaddy Rd),MNH,True,Foundation Healthcare,Foundation Healthcare,Foundation Healthcare,Foundation Healthcare,,,"Great Eastern, HSBC Life, Prudential^",English,ME,40
chew-huck-chin,Dr Chew Huck Chin,Male,Intensive Care Medicine,Respiratory Physician,GEH|ME|MEH|MNH,Mount Elizabeth Novena Hospital,2006,text_years,20,40-49,3,Respiratory Medical Associates || Respiratory Medical Associates || Respiratory Medical Associates,Gleneagles Medical Centre (6 Napier Rd) || Mount Elizabeth Medical Centre (3 Mount Elizabeth),GEH|MEH,True,,,,,,,"AIA, Great Eastern, Prudential^, Singlife","English, Hokkien",GEH,45
chew-kim-huat-richard,Dr Chew Kim Huat Richard,Male,General Surgery,General Surgeon,ME|MEH,,1975,text_grad,51,70+,1,Richard Chew Surgery,Mount Elizabeth Medical Centre (3 Mount Elizabeth),MEH,True,,,,,,,"Prudential^, Singlife","English, Mandarin",ME,76
chew-min-hoe,Dr Chew Min Hoe,Male,General Surgery,General Surgeon,ME|MEH,Mount Elizabeth Hospital,2001,qual,25,50-59,1,Thesurgeons Pte Ltd,Mount Elizabeth Medical Centre (3 Mount Elizabeth),MEH,True,,,Thomson Medical,,Thomson Medical,,"AIA, Great Eastern, HSBC Life, Income, Prudential^, Singlife","English, Hokkien, Mandarin",ME,50
chew-sern-yan-nicholas,Dr Chew Sern Yan Nicholas,Male,Infectious Diseases,Infectious Disease Physician,ME|MNH,Mount Elizabeth Novena Hospital,,,,,1,Nicholas Chew Infectious Diseases,Mount Elizabeth Novena Specialist Centre (38 Irrawaddy Rd),MNH,True,,,,,,,"Great Eastern, Prudential^","English, Mandarin",ME,
chew-shing-chai,Dr Chew Shing Chai,Male,Obstetrics & Gynaecology,Obstetrician & Gynaecologist,ME|MEH,,,,,,1,S C Chew's Clinic,Mount Elizabeth Medical Centre (3 Mount Elizabeth),MEH,True,,,,,,,,English,ME,
chew-soo-ping,Dr Chew Soo Ping,Male,General Surgery,General Surgeon,ME|MEH,Mount Elizabeth Hospital,,,,,1,S P Chew Surgery,Mount Elizabeth Medical Centre (3 Mount Elizabeth),MEH,True,,,,,,,"AIA, Prudential^","Bahasa Indonesia, Cantonese, English, Hokkien, Malay, Mandarin, Teochew",ME,
chew-swee-chiok-bruce,Dr Chew Swee Chiok Bruce,Male,Oral & Maxillofacial Surgery,Oral and Maxillofacial Surgeon,ME|MEH,,1977,earliest_qual,49,70+,1,Chew & Chew Dental Surgery,Mount Elizabeth Medical Centre (3 Mount Elizabeth),MEH,True,,,,,,,,English,ME,74
chew-tec-hock-jeffrey,Dr Chew Tec Hock Jeffrey,Male,Orthopaedic Surgery,Orthopaedic Surgeon,ME|MNH|PEH,Mount Elizabeth Hospital|Mount Elizabeth Novena Hospital|Parkway East Hospital,1989,text_grad,37,60-69,2,Centre For Orthopaedics and Hip and Knee Surgery || Centre For Orthopaedics & Hip & Knee Surgery,Mount Elizabeth Novena Specialist Centre (38 Irrawaddy Rd) || Parkway East Medical Centre (319 Joo Chiat Pl),MNH|PEH,True,,,,,,,"HSBC Life, Prudential^, Singlife","Bahasa Indonesia, English, Hokkien, Malay, Mandarin",PEH,62
chew-tec-huan-stephen,Dr Chew Tec Huan Stephen,Male,Renal Medicine,Renal Physician,ME|MEH,,,,,,1,Stephen Chew Centre for Kidney Disease & Hypertension,Mount Elizabeth Medical Centre (3 Mount Elizabeth),MEH,True,,,,,,,"AIA, Income, Prudential^",English,ME,
chew-yoon-chong-winston,Dr Chew Yoon Chong Winston,Male,Orthopaedic Surgery,"Hand Surgeon, Orthopaedic Surgeon",GEH|ME|MEH|MNH|PEH,Gleneagles Hospital|Mount Elizabeth Novena Hospital|Parkway East Hospital,1989,qual,37,60-69,4,Hand Surgery Associates (Novena) || Hand Surgery Associates (Parkway East) || Hand Surgery Associates (Napier) Pte Ltd || Hand Surgery Associates (Orchard),Gleneagles Medical Centre (6 Napier Rd) || Mount Elizabeth Medical Centre (3 Mount Elizabeth) || Parkway East Medical Centre (319 Joo Chiat Pl),GEH|MEH|PEH,True,,Foundation Healthcare,Foundation Healthcare,Foundation Healthcare,,,"AIA, Great Eastern, HSBC Life, Income, Prudential^, Singlife",English,PEH,62
chi-claudia,Dr Chi Claudia,Female,Obstetrics & Gynaecology,Obstetrician & Gynaecologist,ME|MEH,Mount Elizabeth Hospital,2000,qual,26,50-59,1,Dr Claudia Chi Women's Clinic,Mount Elizabeth Medical Centre (3 Mount Elizabeth),MEH,True,,,,,,,"Prudential^, Singlife","English, Mandarin",ME,51
chia-chung-king,Dr Chia Chung King,Male,Gastroenterology,Gastroenterologist,ME|MEH|MNH|PEH,Mount Elizabeth Novena Hospital|Parkway East Hospital,1997,text_grad,29,50-59,3,GUTCARE || GUTCARE || GUTCARE,Mount Elizabeth Medical Centre (3 Mount Elizabeth) || Mount Elizabeth Novena Specialist Centre (38 Irrawaddy Rd) || Parkway East Medical Centre (319 Joo Chiat Pl),MEH|MNH|PEH,True,gutCARE,gutCARE,gutCARE,gutCARE,,,"AIA, Great Eastern, HSBC Life, Income, Prudential^, Singlife","English, Mandarin",PEH,54
chia-hui-ling,Dr Chia Hui Ling,Female,Plastic Surgery,Plastic Surgeon,ME|MEH,Mount Elizabeth Hospital,2003,qual,23,40-49,2,Astrid Plastic Surgery || Astrid Plastic Surgery,Mount Elizabeth Medical Centre (3 Mount Elizabeth) || Paragon Medical (290 Orchard Rd),MEH|Orchard-other,True,,,Thomson Medical,,Thomson Medical,,"Income, Prudential^","Bahasa Indonesia, Cantonese, English, Hokkien, Malay, Mandarin, Teochew",ME,48
chia-shi-lu,Dr Chia Shi-Lu,Male,Orthopaedic Surgery,Orthopaedic Surgeon,GEH|ME|MEH,Mount Elizabeth Hospital,2017,text_grad,9,<40,2,Activ Orthopaedic Centre || Activ Orthopaedic Centre,Gleneagles Medical Centre (6 Napier Rd) || Mount Elizabeth Medical Centre (3 Mount Elizabeth),GEH|MEH,True,,,,,,,"Great Eastern, HSBC Life, Prudential^, Singlife","Cantonese, English, French, Hokkien, Malay, Mandarin, Teochew",GEH,34
chia-sing-joo,Dr Chia Sing Joo,Male,Urology,Urologist,ME|MNH,Mount Elizabeth Novena Hospital,,,,,1,ML've URoCare Center,Mount Elizabeth Novena Specialist Centre (38 Irrawaddy Rd),MNH,True,,,,,,,"AIA, Great Eastern, HSBC Life, Income, Prudential^, Singlife","English, Mandarin",ME,
chia-stanley,Dr Chia Stanley,Male,Cardiology,Cardiologist,GEH|ME|MEH|MNH|PEH,Mount Elizabeth Hospital,2010,text_grad,16,40-49,5,Asian Heart & Vascular Centre || Asian Heart And Vascular Centre || Asian Heart & Vascular Centre || Asian Heart & Vascular Centre || Asian Heart & Vascular Centre,Gleneagles Hospital Annexe (6A Napier Rd) || Mount Elizabeth Medical Centre (3 Mount Elizabeth) || Mount Elizabeth Novena Specialist Centre (38 Irrawaddy Rd) || Parkway East Medical Centre (319 Joo Chiat Pl),GEH|MEH|MNH|PEH,True,,,,,,,"AIA, Great Eastern, HSBC Life, Income, Prudential^, Singlife","English, Hokkien, Mandarin, Teochew",PEH,41
chia-su-ynn,Dr Chia Su-Ynn,Female,Endocrinology,Endocrinologist,ME|MEH|MNH,,1999,qual,27,50-59,2,The Endocrine Clinic || The Endocrine Clinic @ Novena,Mount Elizabeth Medical Centre (3 Mount Elizabeth) || Mount Elizabeth Novena Specialist Centre (38 Irrawaddy Rd),MEH|MNH,True,,,,,,,,English,ME,52
chia-whay-kuang-john,Dr Chia Whay Kuang John,Male,Medical Oncology,Medical Oncologist,GEH|ME|MEH|MNH,Mount Elizabeth Novena Hospital,2006,text_years,20,40-49,3,Curie Oncology || Curie Oncology & Haematology || Curie Oncology (Gleneagles),Gleneagles Medical Centre (6 Napier Rd) || Mount Elizabeth Medical Centre (3 Mount Elizabeth) || Mount Elizabeth Novena Specialist Centre (38 Irrawaddy Rd),GEH|MEH|MNH,True,Curie Oncology,,,Curie Oncology,,,"AIA, Great Eastern, HSBC Life, Income, Prudential^, Singlife","English, Mandarin",GEH,45
chia-yee-tien,Dr Chia Yee Tien,Female,Obstetrics & Gynaecology,Obstetrician & Gynaecologist,ME|MEH,Mount Elizabeth Hospital,1985,text_grad,41,60-69,1,The Obstetrics And Gynaecology Practice,Mount Elizabeth Medical Centre (3 Mount Elizabeth),MEH,True,,,Thomson Medical,,Thomson Medical,,"AIA, HSBC Life, Income","Bahasa Indonesia, Cantonese, English, Mandarin",ME,66
chia-yin-nin,Dr Chia Yin Nin,Female,Obstetrics & Gynaecology,Obstetrician & Gynaecologist,GEH,Gleneagles Hospital,,,,,1,Gynaecology & Oncology Specialists,Gleneagles Hospital Annexe (6A Napier Rd),GEH,True,,,,,,,,"English, Hokkien, Mandarin, Teochew",GEH,
chiam-toon-lim-paul,Dr Chiam Toon Lim Paul,Male,Cardiology,Cardiologist,GEH|ME|MEH|MNH,Mount Elizabeth Hospital,1995,text_grad,31,50-59,3,The Heart And Vascular Centre || The Heart & Vascular Centre (Gleneagles) || The Heart & Vascular Centre (Novena),Gleneagles Medical Centre (6 Napier Rd) || Mount Elizabeth Medical Centre (3 Mount Elizabeth) || Mount Elizabeth Novena Specialist Centre (38 Irrawaddy Rd),GEH|MEH|MNH,True,,,,,,,"AIA, Great Eastern, HSBC Life, Income, Prudential^, Singlife","English, Hainanese, Hokkien, Mandarin",GEH,56
chiam-yuun-tirng-lynn,Dr Chiam Yuun Tirng Lynn,Female,Dermatology,Dermatologist,ME|MNH,,,,,,1,Children & Adult Skin Hair Laser Clinic,Mount Elizabeth Novena Specialist Centre (38 Irrawaddy Rd),MNH,True,,,,,,,,English,ME,
chiang-currie,Dr Chiang Currie,Female,Ophthalmology,Ophthalmologist,ME|MEH,,,,,,1,International Eye Clinic,Mount Elizabeth Medical Centre (3 Mount Elizabeth),MEH,True,,,,,,,,English,ME,
chiang-wen-chin,Dr Chiang Wen Chin,Female,Paediatric Medicine,Paediatrician,ME|MEH,,1997,qual,29,50-59,1,Chiang Children's Allergy & Asthma Clinic,Mount Elizabeth Medical Centre (3 Mount Elizabeth),MEH,True,,,,,,,"AIA, HSBC Life, Prudential^",English,ME,54
chin-chao-wu-david,Dr Chin Chao-Wu David,Male,Otorhinolaryngology / ENT,Otorhinolaryngologist,ME|MEH|PEH,Mount Elizabeth Hospital|Parkway East Hospital,2014,text_grad,12,<40,2,Ascent Ear Nose Throat Specialist Group || Ascent Ear Nose Throat SG East,Mount Elizabeth Medical Centre (3 Mount Elizabeth) || Parkway East Medical Centre (319 Joo Chiat Pl),MEH|PEH,True,,,Thomson Medical,,Thomson Medical,,"AIA, HSBC Life, Prudential^, Singlife","English, French, Mandarin",PEH,37
chin-chong-min,Dr Chin Chong Min,Male,Urology,Urologist,ME|MNH,Mount Elizabeth Novena Hospital,1986,text_grad,40,60-69,1,Chin Chong Min Urology & Robotic Surgery Centre,Mount Elizabeth Novena Specialist Centre (38 Irrawaddy Rd),MNH,True,,,Thomson Medical,,Thomson Medical,,"Great Eastern, HSBC Life, Income, Prudential^, Singlife","English, Hokkien, Mandarin",ME,65
chin-hsuan-crystal,Dr Chin Hsuan Crystal,Female,Obstetrics & Gynaecology,Obstetrician & Gynaecologist,ME|MNH,Mount Elizabeth Novena Hospital,,,,,1,HAFcare Novena Clinic,Mount Elizabeth Novena Specialist Centre (38 Irrawaddy Rd),MNH,True,,,Thomson Medical,,Thomson Medical,,"AIA, Prudential^","English, Mandarin",ME,
chin-hui-xian-felicia,Dr Chin Hui Xian (Felicia),Female,Obstetrics & Gynaecology,Obstetrician & Gynaecologist,GEH,Gleneagles Hospital|Mount Elizabeth Hospital,2011,text_years,15,40-49,1,Gynae Onco Partners,Gleneagles Medical Centre (6 Napier Rd),GEH,True,,,Thomson Medical,,Thomson Medical,,"Income, Singlife","Bahasa Indonesia, English, Mandarin",GEH,40
chin-kin-wuu,Dr Chin Kin Wuu,Male,Anaesthesiology,Anaesthesiologist,GEH,,,,,,1,Chin Anaesthetic Consultant Pte Ltd,Gleneagles Medical Centre (6 Napier Rd),GEH,True,,,,,,,,English,GEH,
chin-kuok-choon-francis,Dr Chin Kuok Choon Francis,Male,Radiation Oncology,Radiation Oncologist,GEH|ME|MEH|MNH,Gleneagles Hospital,2006,text_years,20,40-49,3,Curie Oncology || Curie Oncology (Gleneagles) || Curie Oncology & Haematology,Gleneagles Medical Centre (6 Napier Rd) || Mount Elizabeth Medical Centre (3 Mount Elizabeth) || Mount Elizabeth Novena Specialist Centre (38 Irrawaddy Rd),GEH|MEH|MNH,True,Curie Oncology,,,Curie Oncology,,,"AIA, Great Eastern, HSBC Life, Prudential^",English,GEH,45
chin-pak-lin,Dr Chin Pak Lin,Male,Orthopaedic Surgery,Orthopaedic Surgeon,GEH|ME|MNH,Gleneagles Hospital|Mount Elizabeth Hospital|Mount Elizabeth Novena Hospital,1998,text_grad,28,50-59,3,The Orthopaedic Centre (Novena) || Asian Healthcare Specialists (Novena) || The Orthopaedic Centre (Gleneagles),Gleneagles Medical Centre (6 Napier Rd) || Mount Elizabeth Novena Specialist Centre (38 Irrawaddy Rd),GEH|MNH,True,Doctor Anywhere / AHS,,,Doctor Anywhere / AHS,,,"AIA, Great Eastern, HSBC Life, Income, Prudential^, Singlife",English,GEH,53
chin-tan-min,Dr Chin Tan Min,Female,Medical Oncology,Medical Oncologist,GEH|ME|MEH|MNH,Gleneagles Hospital|Mount Elizabeth Hospital,,,,,3,Parkway Cancer Centre || Parkway Cancer Centre || Parkway Cancer Centre,Gleneagles Medical Centre (6 Napier Rd) || Mount Elizabeth Medical Centre (3 Mount Elizabeth) || Mount Elizabeth Novena Specialist Centre (38 Irrawaddy Rd),GEH|MEH|MNH,True,Tamarind Health,,,Tamarind Health,,,"AIA, Great Eastern, HSBC Life, Income, Prudential^, Singlife","English, Mandarin",GEH,
chin-yien-leng,Dr Chin Yien Leng,Female,Anaesthesiology,Anaesthesiologist,ME|MEH,,,,,,1,YLC Anaesthesia Pte Ltd,Mount Elizabeth Medical Centre (3 Mount Elizabeth),MEH,True,,,,,,,,English,ME,
chin-yu-hang-jacob,Dr. Chin Yu Hang Jacob,Male,Ophthalmology,Ophthalmologist,GEH|ME|MNH,,,,,,2,Eye Surgeons @ Novena || Eye Surgeons @ Napier,Gleneagles Medical Centre (6 Napier Rd) || Mount Elizabeth Novena Specialist Centre (38 Irrawaddy Rd),GEH|MNH,True,,,,,,,Prudential^,English,GEH,
chin-yue-kim-lisa,Dr Chin Yue Kim Lisa,Female,Obstetrics & Gynaecology,Obstetrician & Gynaecologist,GEH,Gleneagles Hospital,1983,qual,43,60-69,1,Chin YK Clinic For Women & Menopause Centre,Gleneagles Medical Centre (6 Napier Rd),GEH,True,,,,,,,"AIA, Prudential^",English,GEH,68
chin-yung-ka,Dr Chin Yung Ka,Male,Gastroenterology,Gastroenterologist,ME|MEH,Mount Elizabeth Hospital,2007,qual,19,40-49,1,Gastroenterology and Liver Specialist Clinic,Mount Elizabeth Medical Centre (3 Mount Elizabeth),MEH,True,,,Thomson Medical,,Thomson Medical,,"Great Eastern, Prudential^, Singlife","Bahasa Indonesia, Cantonese, English, Hakka, Hokkien, Malay, Mandarin",ME,44
chng-nai-wee,Dr Chng Nai Wee,Male,Ophthalmology,Ophthalmologist,ME|MEH|MNH|PEH,Gleneagles Hospital|Mount Elizabeth Hospital|Mount Elizabeth Novena Hospital|Parkway East Hospital,1993,text_grad,33,50-59,3,Eagle Eye Centre || Eagle Eye Centre || Eagle Eye Centre,Mount Elizabeth Medical Centre (3 Mount Elizabeth) || Mount Elizabeth Novena Specialist Centre (38 Irrawaddy Rd) || Parkway East Medical Centre (319 Joo Chiat Pl),MEH|MNH|PEH,True,HMI Medical,HMI Medical,HMI Medical - Eagle Eye Centre,HMI Medical,,,"AIA, Great Eastern, HSBC Life, Income, Prudential^, Singlife","Bahasa Indonesia, Cantonese, English, Hokkien, Mandarin",PEH,58
chng-si-en-tabitha,Dr Chng Si En Tabitha,Female,Paediatric Dentistry,Paediatric Dentist,ME|MEH,Mount Elizabeth Hospital,,,,,1,Specialist Dental Group,Mount Elizabeth Medical Centre (3 Mount Elizabeth),MEH,True,Specialist Dental Group,,,Specialist Dental Group,,,,English,ME,
cho-li-wei,Dr Cho Li Wei,Female,Endocrinology,Endocrinologist,GEH|PEH,Gleneagles Hospital,2006,text_years,20,40-49,2,LW Cho Endocrine Clinic || LW Cho Endocrine Clinic,Gleneagles Medical Centre (6 Napier Rd) || Parkway East Medical Centre (319 Joo Chiat Pl),GEH|PEH,True,,,,,,,"Great Eastern, HSBC Life, Prudential^, Singlife","Cantonese, English, Hakka, Hokkien, Malay, Mandarin",PEH,45
choi-kah-yen-harold,Dr Choi Kah Yen Harold,Male,Ophthalmology,Ophthalmologist,ME|MNH,Mount Elizabeth Hospital,,,,,1,Eagle Eye Centre,Mount Elizabeth Novena Specialist Centre (38 Irrawaddy Rd),MNH,True,HMI Medical,,,HMI Medical,,,"AIA, Great Eastern, HSBC Life, Income, Prudential^, Singlife","English, Mandarin",ME,
chok-aik-yong,Dr Chok Aik Yong,Male,General Surgery,General Surgeon,ME|MEH|PEH,Mount Elizabeth Hospital,2011,text_years,15,40-49,2,Aelius Surgical Centre || Aelius Surgical Centre,Mount Elizabeth Medical Centre (3 Mount Elizabeth) || Parkway East Medical Centre (319 Joo Chiat Pl),MEH|PEH,True,,,Thomson Medical,,Thomson Medical,,"Great Eastern, HSBC Life, Prudential^, Singlife","Cantonese, English, Hokkien, Mandarin",PEH,40
chong-chee-keong,Dr Chong Chee Keong,Male,General Surgery,General Surgeon,ME|MNH|PEH,Mount Elizabeth Novena Hospital|Parkway East Hospital,1993,text_grad,33,50-59,2,Maven Surgery || Maven Surgery,Mount Elizabeth Medical Centre (3 Mount Elizabeth) || Parkway East Medical Centre (319 Joo Chiat Pl),MEH|PEH,True,,,,,,,"Great Eastern, HSBC Life, Prudential^",English,PEH,58
chong-chern-hao,Dr Chong Chern Hao,Male,Gastroenterology,Gastroenterologist,GEH|ME|MEH|PEH,Parkway East Hospital,2009,qual,17,40-49,3,Acorn Gastroenterology || Acorn Gastroenterology || Acorn Gastroenterology,Gleneagles Medical Centre (6 Napier Rd) || Mount Elizabeth Medical Centre (3 Mount Elizabeth) || Parkway East Medical Centre (319 Joo Chiat Pl),GEH|MEH|PEH,True,,,Thomson Medical,,Thomson Medical,,"AIA, Great Eastern, HSBC Life, Income, Prudential^, Singlife","Bahasa Indonesia, Cantonese, English, Hakka, Malay, Mandarin",PEH,42
chong-chew-wei,Dr Chong Chew Wei,Female,Hand Surgery,Hand Surgeon,GEH|ME|MEH|MNH|PEH,,,,,,4,Hand Surgery Associates (Novena) || Hand Surgery Associates (Napier) Pte Ltd || Hand Surgery Associates (Parkway East) || Hand Surgery Associates (Orchard),Gleneagles Medical Centre (6 Napier Rd) || Mount Elizabeth Medical Centre (3 Mount Elizabeth) || Parkway East Medical Centre (319 Joo Chiat Pl),GEH|MEH|PEH,True,,Foundation Healthcare,Foundation Healthcare|Thomson Medical,Foundation Healthcare,Thomson Medical,,"AIA, Great Eastern, HSBC Life, Prudential^",English,PEH,
chong-choon-seng,Dr Chong Choon Seng,Male,General Surgery,General Surgeon,ME|MEH,Mount Elizabeth Hospital,2004,qual,22,40-49,1,ARK Surgical Practice,Mount Elizabeth Medical Centre (3 Mount Elizabeth),MEH,True,,,Thomson Medical,,Thomson Medical,,"Great Eastern, HSBC Life, Income, Prudential^","Cantonese, English, Hokkien, Malay, Mandarin, Teochew",ME,47
chong-guang-wei-wesley,Dr Chong Guang Wei Wesley,Male,Ophthalmology,Ophthalmologist,ME|MEH|MNH|PEH,Mount Elizabeth Hospital,,,,,3,Eagle Eye Centre || Eagle Eye Centre || Eagle Eye Centre,Mount Elizabeth Medical Centre (3 Mount Elizabeth) || Mount Elizabeth Novena Specialist Centre (38 Irrawaddy Rd) || Parkway East Medical Centre (319 Joo Chiat Pl),MEH|MNH|PEH,True,HMI Medical,,,HMI Medical,,,"Great Eastern, HSBC Life, Income, Prudential^, Singlife","English, Mandarin",PEH,
chong-keen-wai,Dr Chong Keen Wai,Male,Orthopaedic Surgery,Orthopaedic Surgeon,GEH,Gleneagles Hospital,,,,,1,The Orthoklinic,Gleneagles Medical Centre (6 Napier Rd),GEH,True,,,,,,,"AIA, Great Eastern, HSBC Life, Income, Prudential^, Singlife","English, Mandarin",GEH,
chong-kian-chun,Dr Chong Kian Chun,Male,Orthopaedic Surgery,Orthopaedic Surgeon,GEH|ME|MEH,,,,,,2,Island Orthopaedic Pte Ltd || Island Orthopaedic Pte Ltd,Gleneagles Medical Centre (6 Napier Rd) || Mount Elizabeth Medical Centre (3 Mount Elizabeth),GEH|MEH,True,,,,,,,"AIA, HSBC Life, Prudential^, Singlife","Cantonese, English, Hakka, Hokkien, Mandarin",GEH,
chong-kian-tai,Dr Chong Kian Tai,Male,Urology,Urologist,ME|MEH|MNH|PEH,Mount Elizabeth Hospital|Parkway East Hospital,,,,,3,PanAsia Surgery Pte Ltd || PanAsia Surgery Pte Ltd || Panasia Surgery Pte Ltd,Mount Elizabeth Medical Centre (3 Mount Elizabeth) || Mount Elizabeth Novena Specialist Centre (38 Irrawaddy Rd) || Parkway East Medical Centre (319 Joo Chiat Pl),MEH|MNH|PEH,True,Foundation Healthcare,Foundation Healthcare,PanAsia Surgery|Thomson Medical,Foundation Healthcare,Thomson Medical,,"AIA, Great Eastern, HSBC Life, Income, Prudential^, Singlife",English,PEH,
chong-mark-seng-ye,Dr Mark Chong,Male,Orthopaedic Surgery,Orthopaedic Surgeon,ME|MNH,Mount Elizabeth Novena Hospital,2000,qual,26,50-59,1,International Orthopaedic Clinic,Mount Elizabeth Novena Specialist Centre (38 Irrawaddy Rd),MNH,True,,,,,,,"Great Eastern, Prudential^",English,ME,51
chong-piang-ngok,Dr Chong Piang Ngok,Male,Neurology,Neurologist,ME|MEH,Mount Elizabeth Hospital,,,,,1,P N Chong Neurology Clinic,Mount Elizabeth Medical Centre (3 Mount Elizabeth),MEH,True,,,,,,,"AIA, Prudential^","English, Mandarin",ME,
chong-siong-eng-roland,Dr Chong Siong Eng Roland,Male,Gastroenterology,Gastroenterologist,GEH|ME|MNH|PEH,,,,,,3,The Gastroenterology Group Pte Ltd || The Gastroenterology Group || The Gastroenterology Group Pte Ltd,Gleneagles Hospital Annexe (6A Napier Rd) || Mount Elizabeth Novena Specialist Centre (38 Irrawaddy Rd) || Parkway East Medical Centre (319 Joo Chiat Pl),GEH|MNH|PEH,True,,,,,,,"AIA, Great Eastern, HSBC Life, Income, Prudential^, Singlife",English,PEH,
chong-weiliang,Dr. Chong Weiliang,Male,Urology,Urologist,GEH|ME|MEH|MNH|PEH,,,,,,5,Advanced Urology Associates Pte Ltd || Advanced Urology Associates Pte Ltd || Advanced Urology Associates Pte Ltd || Advanced Urology Associates Pte Ltd || Advanced Urology Associates Pte Ltd,Gleneagles Medical Centre (6 Napier Rd) || HMI Medical Centre / Farrer Park (12 Farrer Park Station Rd) || Mount Elizabeth Medical Centre (3 Mount Elizabeth) || Mount Elizabeth Novena Specialist Centre (38 Irrawaddy Rd) || Parkway East Medical Centre (319 Joo Chiat Pl),Farrer Park|GEH|MEH|MNH|PEH,True,HMI Medical,,,HMI Medical,,,"Great Eastern, Prudential^",English,PEH,
chong-weng-wah-roland,Dr Chong Weng Wah Roland,Male,Orthopaedic Surgery,Orthopaedic Surgeon,GEH|ME|MNH,,2001,text_grad,25,50-59,2,SportsIn Orthopaedic Clinic (Novena) || SportsIN Orthopaedic Clinic,Gleneagles Medical Centre (6 Napier Rd) || Mount Elizabeth Novena Specialist Centre (38 Irrawaddy Rd),GEH|MNH,True,,,,,,,"AIA, Great Eastern, HSBC Life, Income, Prudential^, Singlife","Bahasa Indonesia, Cantonese, English, Hokkien, Mandarin",GEH,50
chong-yew-luen-christopher,Dr Chong Yew Luen Christopher,Male,Obstetrics & Gynaecology,Obstetrician & Gynaecologist,GEH,Gleneagles Hospital,,,,,1,Chris Chong Clinic Pte Ltd,Gleneagles Hospital Annexe (6A Napier Rd),GEH,True,,,Thomson Medical,,Thomson Medical,,,"Cantonese, English, Mandarin",GEH,
choo-chee-yong,Dr Choo Chee Yong,Male,Anaesthesiology,Anaesthesiologist,ME|MNH,Mount Elizabeth Hospital,,,,,1,Novena Pain Management Centre,Mount Elizabeth Novena Specialist Centre (38 Irrawaddy Rd),MNH,True,,,,,,,"AIA, Great Eastern, HSBC Life, Prudential^, Singlife","English, Mandarin",ME,
choo-chuan-gee,Dr Choo Chuan Gee,Male,Internal Medicine,Respiratory Physician,GEH|ME|MEH|MNH|PEH,Mount Elizabeth Hospital,2006,text_years,20,40-49,4,The Respiratory Practice || O2 Lung Centre || The Respiratory Practice || The Respiratory Practice,Gleneagles Medical Centre (6 Napier Rd) || Mount Elizabeth Medical Centre (3 Mount Elizabeth) || Mount Elizabeth Novena Specialist Centre (38 Irrawaddy Rd) || Parkway East Medical Centre (319 Joo Chiat Pl),GEH|MEH|MNH|PEH,True,OUE Healthcare / Healthway,,Thomson Medical,OUE Healthcare / Healthway,Thomson Medical,,"Great Eastern, HSBC Life, Prudential^, Singlife","Cantonese, English, Hokkien, Malay, Mandarin",PEH,45
choo-su-pin,Dr Choo Su Pin,Female,Medical Oncology,Medical Oncologist,GEH|ME|MEH|MNH,Mount Elizabeth Hospital,2006,text_years,20,40-49,3,Curie Oncology || Curie Oncology & Haematology || Curie Oncology (Gleneagles),Gleneagles Medical Centre (6 Napier Rd) || Mount Elizabeth Medical Centre (3 Mount Elizabeth) || Mount Elizabeth Novena Specialist Centre (38 Irrawaddy Rd),GEH|MEH|MNH,True,Curie Oncology,Curie Oncology,Curie Oncology,Curie Oncology,,,"AIA, HSBC Life, Income, Prudential^, Singlife","English, Mandarin",GEH,45
choo-wan-ling,Dr Choo Wan Ling,Female,Obstetrics & Gynaecology,Obstetrician & Gynaecologist,ME|MNH,Mount Elizabeth Novena Hospital,,,,,1,Ascensus - Choo Wan Ling Clinic for Women,Mount Elizabeth Novena Specialist Centre (38 Irrawaddy Rd),MNH,True,,,Thomson Medical,,Thomson Medical,,"Income, Prudential^","English, Hokkien, Mandarin",ME,
chopra-akhil,Dr Chopra Akhil,Male,Medical Oncology,Medical Oncologist,GEH|ME|MEH|MNH,Mount Elizabeth Novena Hospital,,,,,4,OncoCare Cancer Centre || Oncocare Cancer Centre || OncoCare Cancer Centre || OncoCare Cancer Centre,Gleneagles Medical Centre (6 Napier Rd) || Mount Elizabeth Medical Centre (3 Mount Elizabeth),GEH|MEH,True,Tamarind Health,,,Tamarind Health,,,"AIA, Great Eastern, HSBC Life, Income, Prudential^, Singlife","English, Hindi, Punjabi",GEH,
chou-ning,Dr Chou Ning,Male,Neurosurgery,Neurosurgeon,GEH|PEH,Gleneagles Hospital,,,,,2,Chou Neurosurgery Pte Ltd || APEX Brain and Spine Surgical Centre,Gleneagles Medical Centre (6 Napier Rd) || Parkway East Medical Centre (319 Joo Chiat Pl),GEH|PEH,True,,,,,,,"AIA, Great Eastern, HSBC Life, Income, Prudential^, Singlife","English, Mandarin",PEH,
chow-hui-jeremy,Dr Chow Hui Jeremy,Male,Cardiology,Cardiologist,GEH|ME|MEH|MNH|PEH,Gleneagles Hospital|Mount Elizabeth Hospital,,,,,4,Asian Heart & Vascular Centre || Asian Heart And Vascular Centre || Asian Heart & Vascular Centre || Asian Heart & Vascular Centre,Gleneagles Hospital Annexe (6A Napier Rd) || Mount Elizabeth Medical Centre (3 Mount Elizabeth) || Mount Elizabeth Novena Specialist Centre (38 Irrawaddy Rd) || Parkway East Medical Centre (319 Joo Chiat Pl),GEH|MEH|MNH|PEH,True,,,,,,,"AIA, Great Eastern, HSBC Life, Income, Prudential^, Singlife","English, Hainanese, Hokkien, Mandarin, Teochew",PEH,
chow-jau-thoo-sebastian,Dr Chow Jau Thoo Sebastian,Male,Orthodontics,Orthodontist,ME|MEH,,,,,,1,Dr Sebastian Chow & Associates,Mount Elizabeth Medical Centre (3 Mount Elizabeth),MEH,True,,,,,,,,English,ME,
chow-mon-ben,Dr Chow Mon Ben,Male,Diagnostic Radiology,Diagnostic Radiologist,ME|MNH,,,,,,1,Radiology Department,Mount Elizabeth Novena Specialist Centre (38 Irrawaddy Rd),MNH,True,,,,,,IHH hospital department / centre,,English,ME,
chow-yew-hoong-mark,Dr Chow Yew Hoong Mark,Male,Intensive Care Medicine,Anaesthesiologist,ME|MEH,,,,,,1,Specialist Anaesthesia Services Pte Ltd,Mount Elizabeth Medical Centre (3 Mount Elizabeth),MEH,True,,,,,,,,"Bahasa Indonesia, Cantonese, English, Hokkien, Mandarin",ME,
christine-yau-wen-leng,Dr Christine Yau Wen Leng,Female,Ophthalmology,Ophthalmologist,ME|MEH,Mount Elizabeth Hospital,,,,,1,International Eye Cataract Retina Centre,Mount Elizabeth Medical Centre (3 Mount Elizabeth),MEH,True,,,,,,,"Great Eastern, HSBC Life, Prudential^","Cantonese, English, Mandarin",ME,
chu-poh-cheong-roland,Dr Chu Poh Cheong Roland,Male,Dermatology,Dermatologist,ME|MEH,,,,,,1,Skin Physicians,Mount Elizabeth Medical Centre (3 Mount Elizabeth),MEH,True,,,,,,,Singlife,English,ME,
chua-chi-ming-kelvin,Dr Chua Chi Ming Kelvin,Male,Cardiology,Cardiologist,GEH|ME|MNH,Gleneagles Hospital|Mount Elizabeth Novena Hospital,2006,qual,20,40-49,2,The Heart & Vascular Centre (Gleneagles) || The Heart & Vascular Centre (Novena),Gleneagles Medical Centre (6 Napier Rd) || Mount Elizabeth Novena Specialist Centre (38 Irrawaddy Rd),GEH|MNH,True,,,,,,,"Great Eastern, HSBC Life, Income, Prudential^, Singlife","English, Hokkien, Mandarin",GEH,45
chua-ee-chek,Dr Chua Ee Chek,Male,Ophthalmology,Ophthalmologist,GEH,Gleneagles Hospital,,,,,1,Chua Eye Surgery Pte Ltd,Gleneagles Medical Centre (6 Napier Rd),GEH,True,,,,,,,"AIA, Great Eastern, HSBC Life, Prudential^, Singlife",English,GEH,
chua-gim-chuah,Dr Chua Gim Chuah,Male,Diagnostic Radiology,Diagnostic Radiologist,GEH,Gleneagles Hospital,1996,text_years,30,50-59,1,Gleneagles Radiology Consultants Pte Ltd,Gleneagles Hospital Annexe (6A Napier Rd),GEH,True,,,,,,,,English,GEH,55
chua-hai-liang-nicholas,Dr Chua Hai Liang Nicholas,Male,Anaesthesiology,Anaesthesiologist,ME|MNH,Mount Elizabeth Hospital,,,,,1,Specialist Pain International Clinic,Mount Elizabeth Medical Centre (3 Mount Elizabeth),MEH,True,,,,,,,"Great Eastern, HSBC Life, Prudential^, Singlife",English,ME,
chua-jun-jin,Dr Chua Jun Jin,Male,Plastic Surgery,Plastic Surgeon,ME|MEH,,,,,,1,JJ Chua Rejuvenative Cosmetic & Laser Surgery,Paragon Medical (290 Orchard Rd),Orchard-other,False,,,Thomson Medical,,Thomson Medical,,,"Cantonese, English, Hokkien, Japanese, Mandarin, Teochew",ME,
chua-kerk-hsiang-zackary,Dr Chua Kerk Hsiang Zackary,Male,Orthopaedic Surgery,Orthopaedic Surgeon,ME|MNH|PEH,Mount Elizabeth Novena Hospital,,,,,2,ACME Orthopaedics || ACME Orthopaedics,Mount Elizabeth Novena Specialist Centre (38 Irrawaddy Rd) || Parkway East Medical Centre (319 Joo Chiat Pl),MNH|PEH,True,,,Thomson Medical,,Thomson Medical,,"Great Eastern, Income, Prudential^, Singlife","Cantonese, English, Hokkien, Malay, Mandarin",PEH,
chua-meng-hui-sebastian,Dr Chua Meng Hui Sebastian,Male,Anaesthesiology,Anaesthesiologist,ME|MEH,,,,,,1,Specialist Anaesthesia Services Pte Ltd,Mount Elizabeth Medical Centre (3 Mount Elizabeth),MEH,True,,,Thomson Medical,,Thomson Medical,,,"Cantonese, English, Mandarin",ME,
chua-poh-kim-selina,Dr Chua Poh Kim Selina,Female,Obstetrics & Gynaecology,Obstetrician & Gynaecologist,ME|MEH,,1982,qual,44,60-69,1,Selina Chua Women's Clinic,Mount Elizabeth Medical Centre (3 Mount Elizabeth),MEH,True,,,,,,,"HSBC Life, Income, Prudential^","Bahasa Indonesia, Cantonese, English, Hokkien, Mandarin",ME,69
chua-soo-yeng-benjamin,Dr Chua Soo Yeng Benjamin,Male,General Surgery,General Surgeon,GEH|ME|MNH,Mount Elizabeth Novena Hospital,2000,text_grad,26,50-59,2,Vascular & Interventional Centre || The Vascular and Interventional Centre,Gleneagles Medical Centre (6 Napier Rd) || Mount Elizabeth Novena Specialist Centre (38 Irrawaddy Rd),GEH|MNH,True,,,,,,,"AIA, Great Eastern, HSBC Life, Prudential^, Singlife","Bahasa Indonesia, Cantonese, English, Hokkien, Mandarin, Teochew",GEH,51
chua-soo-yong,Dr Chua Soo Yong,Male,Orthopaedic Surgery,Orthopaedic Surgeon,ME|MEH,Mount Elizabeth Hospital,2012,text_grad,14,<40,1,Atlas Spine and Orthopaedic Surgery Centre Pte Ltd,Mount Elizabeth Medical Centre (3 Mount Elizabeth),MEH,True,,,,,,,"HSBC Life, Income, Prudential^, Singlife","English, Hokkien, Mandarin, Teochew",ME,39
chua-sze-yuen-irene,Dr Chua Sze Yuen Irene,Female,Obstetrics & Gynaecology,Obstetrician & Gynaecologist,GEH|ME|MNH,Gleneagles Hospital|Mount Elizabeth Novena Hospital,,,,,2,Irene and Jon Clinic for Women || Irene Chua Clinic For Women,Gleneagles Medical Centre (6 Napier Rd) || Mount Elizabeth Novena Specialist Centre (38 Irrawaddy Rd),GEH|MNH,True,,,Thomson Medical,,Thomson Medical,,Prudential^,"English, Hokkien, Mandarin",GEH,
chua-tju-siang,Dr Chua Tju Siang,Male,Gastroenterology,Gastroenterologist,ME|MEH|MNH,Mount Elizabeth Hospital|Mount Elizabeth Novena Hospital,1995,qual,31,50-59,2,AliveoMedical || AliveoMedical,Mount Elizabeth Medical Centre (3 Mount Elizabeth) || Mount Elizabeth Novena Specialist Centre (38 Irrawaddy Rd),MEH|MNH,True,,Foundation Healthcare,Foundation Healthcare|Thomson Medical,Foundation Healthcare,Thomson Medical,,"AIA, Great Eastern, HSBC Life, Income, Prudential^","Cantonese, English, Hokkien, Mandarin",ME,56
chua-tjun-huat-ivan,Dr Chua Tjun Huat Ivan,Male,Orthopaedic Surgery,Orthopaedic Surgeon,GEH|ME|MEH|MNH,Mount Elizabeth Novena Hospital,,,,,3,Orthopaedics International || Orthopaedics International || Orthopaedics International,Gleneagles Hospital Annexe (6A Napier Rd) || Mount Elizabeth Medical Centre (3 Mount Elizabeth) || Mount Elizabeth Novena Specialist Centre (38 Irrawaddy Rd),GEH|MEH|MNH,True,Orthopaedics International,,Thomson Medical,Orthopaedics International,Thomson Medical,,"Great Eastern, HSBC Life, Prudential^, Singlife","English, Mandarin",GEH,
chua-wei-han,Dr Chua Wei Han,Male,Ophthalmology,Ophthalmologist,ME|MEH,Mount Elizabeth Hospital,1994,text_grad,32,50-59,1,Advanced Eye Clinic & Surgery,Mount Elizabeth Medical Centre (3 Mount Elizabeth),MEH,True,,,Thomson Medical,,Thomson Medical,,"HSBC Life, Prudential^, Singlife","Cantonese, English, Hokkien, Mandarin, Teochew",ME,57
chua-wei-liang,Dr Chua Wei Liang,Male,Orthopaedic Surgery,Orthopaedic Surgeon,ME|MEH|MNH,Mount Elizabeth Hospital,2011,text_years,15,40-49,2,Orthopaedic Associates Medical Group Ptd. Ltd. || Orthopaedic Associates Medical Group Ptd. Ltd.,Mount Elizabeth Medical Centre (3 Mount Elizabeth) || Mount Elizabeth Novena Specialist Centre (38 Irrawaddy Rd),MEH|MNH,True,Foundation Healthcare,Foundation Healthcare,Foundation Healthcare,Foundation Healthcare,,,"Great Eastern, HSBC Life, Prudential^","English, Hokkien, Mandarin, Teochew",ME,40
chua-weilyn-natalie,Dr Chua Weilyn Natalie,Female,Obstetrics & Gynaecology,Obstetrician & Gynaecologist,PEH,Parkway East Hospital,2004,qual,22,40-49,1,Ascensus - Natalie Chua Clinic For Women,Parkway East Medical Centre (319 Joo Chiat Pl),PEH,True,,,,,,,"Income, Prudential^, Singlife",English,PEH,47
chua-yu-kim-dennis,Dr Chua Yu Kim Dennis,Male,Otorhinolaryngology / ENT,Otorhinolaryngologist,ME|MEH|MNH,Mount Elizabeth Hospital,,,,,2,ENT Surgeons Medical Centre || ENT Surgeons Medical Centre,Mount Elizabeth Medical Centre (3 Mount Elizabeth) || Mount Elizabeth Novena Specialist Centre (38 Irrawaddy Rd),MEH|MNH,True,,,,,,,Prudential^,"English, Hokkien, Malay, Mandarin",ME,
chuah-chin-tek,Dr Chuah Chin Tek,Male,Ophthalmology,Ophthalmologist,ME|MNH,,,,,,1,Specialist Eye & Eyelids Clinic,Novena Medical Center (10 Sinaran Dr),Novena-other,False,,,,,,,"Great Eastern, HSBC Life, Income, Prudential^","Bahasa Indonesia, Cantonese, English, Hokkien, Malay, Mandarin",ME,
chuah-sai-wei,Dr Chuah Sai Wei,Female,Gastroenterology,Gastroenterologist,GEH,Gleneagles Hospital,,,,,1,GI Associates Gastroenterology,Gleneagles Medical Centre (6 Napier Rd),GEH,True,,,,,,,"AIA, Great Eastern, HSBC Life, Income, Prudential^, Singlife","English, Hokkien, Malay, Mandarin, Teochew",GEH,
chuah-sai-yee,Dr Chuah Sai Yee,Female,Dermatology,Dermatologist,ME|MNH,Mount Elizabeth Novena Hospital,,,,,1,CSY Dermatology,Mount Elizabeth Novena Specialist Centre (38 Irrawaddy Rd),MNH,True,,,,,,,"HSBC Life, Prudential^","Cantonese, English, Hokkien, Malay, Mandarin, Teochew",ME,
chuah-yen-seong-benjamin,Dr Chuah Yen Seong Benjamin,Male,Medical Oncology,Medical Oncologist,GEH|ME|MEH|MNH,Gleneagles Hospital,2001,text_years,25,50-59,4,Oncocare Cancer Centre || OncoCare Cancer Centre || OncoCare Cancer Centre || OncoCare Cancer Centre,Gleneagles Medical Centre (6 Napier Rd) || Mount Elizabeth Medical Centre (3 Mount Elizabeth),GEH|MEH,True,Tamarind Health,Tamarind Health,Tamarind Health - OncoCare,Tamarind Health,,,"AIA, Great Eastern, HSBC Life, Income, Prudential^, Singlife","Cantonese, English, Mandarin",GEH,50
chuang-hsuan-hung,Dr Chuang Hsuan-Hung,Male,Cardiology,Cardiologist,GEH|ME|MEH|MNH|PEH,Gleneagles Hospital|Mount Elizabeth Hospital,,,,,4,Asian Heart & Vascular Centre || Asian Heart And Vascular Centre || Asian Heart & Vascular Centre || Asian Heart & Vascular Centre,Gleneagles Hospital Annexe (6A Napier Rd) || Mount Elizabeth Medical Centre (3 Mount Elizabeth) || Mount Elizabeth Novena Specialist Centre (38 Irrawaddy Rd) || Parkway East Medical Centre (319 Joo Chiat Pl),GEH|MEH|MNH|PEH,True,,,,,,,"AIA, Great Eastern, HSBC Life, Income, Prudential^, Singlife","English, Hokkien, Mandarin",PEH,
chui-chan-hon,Dr Chui Chan Hon,Male,Paediatric Surgery,Paediatric Surgeon,ME|MEH,Mount Elizabeth Hospital,1990,qual,36,60-69,1,Surgery Centre For Children,Mount Elizabeth Medical Centre (3 Mount Elizabeth),MEH,True,,,,,,,"Income, Prudential^","Cantonese, English, Hokkien, Mandarin",ME,61
chui-hoe-kong-christopher,Dr Chui Hoe Kong Christopher,Male,Plastic Surgery,Plastic Surgeon,GEH,Mount Elizabeth Novena Hospital,,,,,1,AZATACA Plastic Surgery,Gleneagles Medical Centre (6 Napier Rd),GEH,True,,,,,,,"Great Eastern, Prudential^","English, Mandarin",GEH,
chutatape-thor-timothy-anuntapon,Dr Chutatape Thor Timothy Anuntapon,Male,Anaesthesiology,Anaesthesiologist,ME|MNH,,,,,,1,Novena Pain Management Centre,Mount Elizabeth Novena Specialist Centre (38 Irrawaddy Rd),MNH,True,,,Thomson Medical,,Thomson Medical,,"AIA, Great Eastern, HSBC Life, Income, Prudential^, Singlife","English, Mandarin",ME,
chuwa-wee-lee-esther,Dr Chuwa Wee Lee Esther,Female,General Surgery,General Surgeon,ME|MEH,Gleneagles Hospital,,,,,1,Solis Breast Care & Surgery Centre,Paragon Medical (290 Orchard Rd),Orchard-other,False,Tamarind Health,,,Tamarind Health,,,"AIA, Income, Prudential^","English, Hokkien, Mandarin, Teochew",ME,
clarissa-cheng-shu-ming,Dr Clarissa Cheng Shu Ming,Female,Ophthalmology,Ophthalmologist,GEH,Gleneagles Hospital,2007,qual,19,40-49,1,Lumin Eye Specialists Clinic,Gleneagles Hospital Annexe (6A Napier Rd),GEH,True,,,,,,,"HSBC Life, Prudential^, Singlife","English, Mandarin",GEH,44
colleen-kim-thomas,Dr Colleen Kim Thomas,Female,Internal Medicine,Internist - Internal Medicine Specialist,ME|MNH,Mount Elizabeth Novena Hospital,,,,,1,Saint Jude Centre for Internal Medicine,Mount Elizabeth Novena Specialist Centre (38 Irrawaddy Rd),MNH,True,,,,,,,"Great Eastern, HSBC Life, Prudential^, Singlife",English,ME,
colum-patrick-nolan,Dr Colum Patrick Nolan,Male,Neurosurgery,Neurosurgeon,ME|MEH|MNH,Mount Elizabeth Novena Hospital,2001,qual,25,50-59,2,Oxford Spine & Neurosurgery Centre || Oxford Spine & Neurosurgery Centre,Mount Elizabeth Medical Centre (3 Mount Elizabeth) || Mount Elizabeth Novena Specialist Centre (38 Irrawaddy Rd),MEH|MNH,True,,,Thomson Medical,,Thomson Medical,,"Great Eastern, HSBC Life, Income, Prudential^, Singlife",English,ME,50
dede-selamat-sutedja,Dr Dede Selamat Sutedja,Male,Gastroenterology,Gastroenterologist,GEH,Gleneagles Hospital,1989,text_grad,37,60-69,1,The Singapore Gastroenterology & Liver Internist Centre,Gleneagles Hospital Annexe (6A Napier Rd),GEH,True,,,,,,,"AIA, Great Eastern, Prudential^, Singlife","Bahasa Indonesia, English, Malay, Mandarin",GEH,62
dennis-koh,Dr Dennis Koh,Male,General Surgery,General Surgeon,GEH|ME|MEH|MNH,Mount Elizabeth Hospital,,,,,4,Colorectal Practice || Curasia Endoscopy Centre (Orchard) || Colorectal Practice || Colorectal Practice,Gleneagles Medical Centre (6 Napier Rd) || Lucky Plaza (304 Orchard Rd) || Mount Elizabeth Medical Centre (3 Mount Elizabeth) || Mount Elizabeth Novena Specialist Centre (38 Irrawaddy Rd),GEH|MEH|MNH|Orchard-other,True,,,,,,,"AIA, HSBC Life, Income, Prudential^, Singlife","English, Hokkien, Mandarin, Teochew",GEH,
derek-howard-park,Dr Derek Howard Park,Male,Orthopaedic Surgery,Orthopaedic Surgeon,GEH,Gleneagles Hospital,2006,text_years,20,40-49,1,Park Orthopaedics,Gleneagles Medical Centre (6 Napier Rd),GEH,True,,,Thomson Medical,,Thomson Medical,,"Great Eastern, Income, Prudential^","English, Malay, Mandarin",GEH,45
desmond-ho-yu-mun,Dr Desmond Ho Yu Mun,Male,Anaesthesiology,Anaesthesiologist,ME|MEH|MNH,,,,,,2,The Pain Specialist || The Pain Specialist,Mount Elizabeth Medical Centre (3 Mount Elizabeth) || Mount Elizabeth Novena Specialist Centre (38 Irrawaddy Rd),MEH|MNH,True,,Foundation Healthcare,Foundation Healthcare|Thomson Medical,Foundation Healthcare,Thomson Medical,,"Great Eastern, HSBC Life, Prudential^",English,ME,
devinder-singh,Dr Devinder Singh,Male,Cardiology,Cardiologist,ME|MEH,Mount Elizabeth Hospital,1998,qual,28,50-59,1,Cadence Heart Centre,Mount Elizabeth Medical Centre (3 Mount Elizabeth),MEH,True,Beyond Medical Group,,,Beyond Medical Group,,,"AIA, HSBC Life, Income, Prudential^, Singlife","English, Hindi, Punjabi",ME,53
dharambir-singh-sethi,Dr Dharambir Singh Sethi,Male,Otorhinolaryngology / ENT,Otorhinolaryngologist,ME|MNH,Mount Elizabeth Novena Hospital,,,,,1,Novena ENT-Head & Neck Surgery Specialist Centre,Mount Elizabeth Novena Specialist Centre (38 Irrawaddy Rd),MNH,True,,,,,,,"AIA, HSBC Life, Prudential^, Singlife",English,ME,
dharshini-gopalakrishnakone,Dr Dharshini Gopalakrishnakone,Female,Obstetrics & Gynaecology,Obstetrician & Gynaecologist,ME|MNH,Mount Elizabeth Novena Hospital,,,,,1,Kierauniv International Clinic For Women Pte Ltd,Mount Elizabeth Novena Specialist Centre (38 Irrawaddy Rd),MNH,True,,,,,,,,English,ME,
dinesh-nair,Dr Dinesh Nair,Male,Cardiology,Cardiologist,ME|MNH,Mount Elizabeth Hospital,1991,text_grad,35,60-69,1,Heart Matters Cardiac Centre Pte Ltd,Mount Elizabeth Novena Specialist Centre (38 Irrawaddy Rd),MNH,True,Foundation Healthcare,,,Foundation Healthcare,,,"Great Eastern, HSBC Life, Income, Prudential^, Singlife","Bahasa Indonesia, English, Malay",ME,60
diong-colin-phipps,Dr Diong Colin Phipps,Male,Haematology,Haematologist,ME|MEH|MNH,Gleneagles Hospital|Mount Elizabeth Hospital,2002,text_grad,24,40-49,2,Parkway Cancer Centre || Parkway Cancer Centre,Mount Elizabeth Medical Centre (3 Mount Elizabeth) || Mount Elizabeth Novena Specialist Centre (38 Irrawaddy Rd),MEH|MNH,True,Tamarind Health,Tamarind Health,Tamarind Health - Parkway Cancer Centre / TalkMed,Tamarind Health,,,"AIA, Great Eastern, HSBC Life, Income, Prudential^, Singlife","Bahasa Indonesia, English, Mandarin",ME,49
djeng-shih-kien,Dr Djeng Shih Kien,Male,Orthodontics,Orthodontist,ME|MEH,,,,,,2,Ko Djeng Dental Centre Pte Ltd || C K Sim General & Paediatric Surgery,Lucky Plaza (304 Orchard Rd) || Mount Elizabeth Medical Centre (3 Mount Elizabeth),MEH|Orchard-other,True,,,,,,,,English,ME,
edward-cheong-chee-keong,Dr. Edward Cheong Chee Keong,Male,General Surgery,General Surgeon,GEH|ME|MEH|MNH|PEH,,,,,,4,PanAsia Surgery Pte Ltd || Panasia Surgery Pte Ltd || PanAsia Surgery Pte Ltd || Panasia Surgery Pte Ltd,Gleneagles Medical Centre (6 Napier Rd) || Mount Elizabeth Medical Centre (3 Mount Elizabeth) || Mount Elizabeth Novena Specialist Centre (38 Irrawaddy Rd) || Parkway East Medical Centre (319 Joo Chiat Pl),GEH|MEH|MNH|PEH,True,Foundation Healthcare,Foundation Healthcare,Foundation Healthcare,Foundation Healthcare,,,"AIA, Great Eastern, HSBC Life, Income, Prudential^",English,PEH,
ee-hock-leong-melvin,Dr Ee Hock Leong Melvin,Male,Dermatology,Dermatologist,ME|MEH,,1998,qual,28,50-59,1,Dermatology Specialists,Paragon Medical (290 Orchard Rd),Orchard-other,False,,,,,,,"AIA, HSBC Life, Prudential^, Singlife","Cantonese, English, Hokkien, Mandarin, Teochew",ME,53
ee-kuang-hock-bernard,Dr Ee Kuang Hock Bernard,Male,Cardiology,Cardiologist,GEH,Gleneagles Hospital,1985,text_years,41,60-69,1,The Heart Practice,Gleneagles Medical Centre (6 Napier Rd),GEH,True,Foundation Healthcare,,,Foundation Healthcare,,,,English,GEH,66
elliott-myra-nee-lin-wen-jui,Dr Elliott Myra Nee Lin Wen Jui,Female,Oral & Maxillofacial Surgery,Oral and Maxillofacial Surgeon,ME|MEH,,,,,,1,Aesthetic Reconstructive Jaw Surgery Pte Ltd,Mount Elizabeth Medical Centre (3 Mount Elizabeth),MEH,True,,,,,,,,English,ME,
eng-cher-tiew-philip,Dr Eng Cher Tiew Philip,Male,Respiratory Medicine,Respiratory Physician,ME|MEH,Mount Elizabeth Hospital,1984,text_grad,42,60-69,1,Philip Eng Respiratory & Medical Clinic,Mount Elizabeth Medical Centre (3 Mount Elizabeth),MEH,True,,,,,,,"HSBC Life, Prudential^, Singlife","Cantonese, English, Hokkien, Mandarin, Teochew",ME,67
eng-hsi-ko-peter,Dr Eng Hsi Ko Peter,Male,Endocrinology,Endocrinologist,ME|MEH,,1988,qual,38,60-69,1,Peter Eng Endocrine Clinic,Mount Elizabeth Medical Centre (3 Mount Elizabeth),MEH,True,,,,,,,"HSBC Life, Prudential^","English, Hokkien, Mandarin",ME,63
eng-soh-ping,Dr Eng Soh Ping,Male,Otorhinolaryngology / ENT,Otorhinolaryngologist,ME|MEH|PEH,Mount Elizabeth Hospital|Parkway East Hospital,,,,,3,Ascent Ear Nose Throat Specialist Group || Ascent Ear Nose Throat SG East || Ascent Ear Nose Throat Specialist Group,Mount Elizabeth Medical Centre (3 Mount Elizabeth) || Parkway East Medical Centre (319 Joo Chiat Pl),MEH|PEH,True,,,Thomson Medical,,Thomson Medical,,"AIA, HSBC Life, Prudential^, Singlife","Bahasa Indonesia, Cantonese, English, Hokkien, Teochew",PEH,
epton-natalie-ann,Dr Epton Natalie Ann,Female,Paediatric Medicine,Paediatrician,ME|MNH,Mount Elizabeth Novena Hospital,1999,text_grad,27,50-59,1,"SBCC Baby & Child Clinic - Gastroenterology, Neonatology & Paediatric Centre",Royal Square at Novena (101 Irrawaddy Rd),Novena-other,False,,,,,,,,English,ME,52
eu-kong-weng,Dr Eu Kong Weng,Male,General Surgery,General Surgeon,ME|MNH,Mount Elizabeth Novena Hospital,2001,text_years,25,50-59,1,"Colorectal Surgeons, Inc. (Pte Ltd)",Mount Elizabeth Novena Specialist Centre (38 Irrawaddy Rd),MNH,True,,,,,,,"Prudential^, Singlife","Bahasa Indonesia, Cantonese, English, Hokkien, Mandarin, Teochew",ME,50
euan-murugasu,Dr Euan Murugasu,Male,Otorhinolaryngology / ENT,Otorhinolaryngologist,ME|MEH,,,,,,1,Euan's ENT Surgery & Clinic,Mount Elizabeth Medical Centre (3 Mount Elizabeth),MEH,True,,,,,,,"AIA, Great Eastern, HSBC Life, Prudential^","Cantonese, English, Hokkien, Malay, Mandarin",ME,
eugene-lim-ui-chong,Dr Eugene Lim Ui Chong,Male,Rheumatology,Rheumatologist,GEH|ME|MEH|MNH,Mount Elizabeth Novena Hospital,1990,qual,36,60-69,3,Elim Rheumatic Centre (Novena) || Elim Rheumatic Centre (Gleneagles) || Elim Rheumatic Centre,Gleneagles Medical Centre (6 Napier Rd) || Mount Elizabeth Medical Centre (3 Mount Elizabeth) || Mount Elizabeth Novena Specialist Centre (38 Irrawaddy Rd),GEH|MEH|MNH,True,,,,,,,"AIA, Great Eastern, Income, Prudential^","English, Mandarin",GEH,61
fan-foo-tang-richard,Dr Fan Foo Tang Richard,Male,Ophthalmology,Ophthalmologist,ME|MEH,,1973,qual,53,70+,1,Richard Fan Eye Clinic & Surgery,Mount Elizabeth Medical Centre (3 Mount Elizabeth),MEH,True,,,,,,,,"Bahasa Indonesia, Cantonese, English, Hokkien, Mandarin",ME,78
fan-tai-weng-victor,Dr Fan Tai Weng Victor,Male,Oral & Maxillofacial Surgery,Oral and Maxillofacial Surgeon,GEH,,,,,,1,Medical Oral & Maxillofacial Surgery Dental Specialist Centre,Gleneagles Medical Centre (6 Napier Rd),GEH,True,,,,,,,Prudential^,"English, Mandarin",GEH,
fernandes-mark-lee,Dr Fernandes Mark Lee,Male,Gastroenterology,Gastroenterologist,GEH|ME|MEH|MNH|PEH,Gleneagles Hospital|Mount Elizabeth Hospital|Parkway East Hospital,2000,qual,26,50-59,4,GUTCARE || GUTCARE || GUTCARE || GUTCARE,Gleneagles Medical Centre (6 Napier Rd) || Mount Elizabeth Medical Centre (3 Mount Elizabeth) || Mount Elizabeth Novena Specialist Centre (38 Irrawaddy Rd) || Parkway East Medical Centre (319 Joo Chiat Pl),GEH|MEH|MNH|PEH,True,gutCARE,,,gutCARE,,,"AIA, Great Eastern, HSBC Life, Income, Prudential^, Singlife","English, Mandarin",PEH,51
fok-chun-kwok-alex,Dr Fok Chun Kwok Alex,Male,Endocrinology,Endocrinologist,ME|MEH,Mount Elizabeth Hospital,1981,qual,45,70+,1,Alex Fok Endocrine Practice,Mount Elizabeth Medical Centre (3 Mount Elizabeth),MEH,True,,,,,,,,English,ME,70
fok-wing-sang-harry,Dr Fok Wing Sang Harry,Male,Plastic Surgery,Plastic Surgeon,ME|MEH,,1981,text_grad,45,70+,1,Harry Fok Surgery,Mount Elizabeth Medical Centre (3 Mount Elizabeth),MEH,True,,,,,,,"AIA, Prudential^","Cantonese, English, Mandarin",ME,70
fones-calvin-soon-leng,Dr Fones Calvin Soon Leng,Male,Psychiatry,Psychiatrist,GEH|ME|MNH,,,,,,2,Fones Clinic || Fones Clinic,Gleneagles Medical Centre (6 Napier Rd) || Mount Elizabeth Novena Specialist Centre (38 Irrawaddy Rd),GEH|MNH,True,,,,,,,,English,GEH,
fong-kah-leng,Dr Fong Kah Leng,Female,Obstetrics & Gynaecology,Obstetrician & Gynaecologist,ME|MEH,Mount Elizabeth Hospital|Parkway East Hospital,,,,,1,Clinic for Women OBS + GYNAE,Mount Elizabeth Medical Centre (3 Mount Elizabeth),MEH,True,,,Thomson Medical,,Thomson Medical,,Prudential^,"Cantonese, English, Mandarin",ME,
fong-mei-yee-audra,Dr Fong Mei Yee Audra,Female,Ophthalmology,Ophthalmologist,ME|MEH|MNH,,,,,,2,Eagle Eye Centre || Eagle Eye Centre,Mount Elizabeth Medical Centre (3 Mount Elizabeth) || Mount Elizabeth Novena Specialist Centre (38 Irrawaddy Rd),MEH|MNH,True,HMI Medical,,,HMI Medical,,,"AIA, Great Eastern, HSBC Life, Income, Prudential^, Singlife","Cantonese, English, Mandarin",ME,
fong-poh-ling,Dr Fong Poh Ling,Female,Orthopaedic Surgery,Orthopaedic Surgeon,ME|MNH,Mount Elizabeth Novena Hospital,2004,text_grad,22,40-49,2,Orthopaedics International || Orthopaedics International,Mount Elizabeth Medical Centre (3 Mount Elizabeth) || Mount Elizabeth Novena Specialist Centre (38 Irrawaddy Rd),MEH|MNH,True,Orthopaedics International,,,Orthopaedics International,,,"Great Eastern, Income, Prudential^","Cantonese, English, French, Mandarin",ME,47
fong-yang,Dr Fong Yang,Male,Obstetrics & Gynaecology,Obstetrician & Gynaecologist,ME|MNH,,,,,,1,Aspire Centre for Women & Fertility Pte Ltd,Mount Elizabeth Novena Specialist Centre (38 Irrawaddy Rd),MNH,True,Foundation Healthcare,,,Foundation Healthcare,,,"AIA, Great Eastern, HSBC Life, Income, Prudential^","English, Hokkien, Mandarin, Teochew",ME,
fong-yoke-fai,Dr Fong Yoke Fai,Male,Obstetrics & Gynaecology,Obstetrician & Gynaecologist,ME|MNH,Mount Elizabeth Novena Hospital,1981,text_grad,45,70+,1,Centre for Endometriosis and Fibroids,Mount Elizabeth Novena Specialist Centre (38 Irrawaddy Rd),MNH,True,,Foundation Healthcare,Foundation Healthcare|Thomson Medical,Foundation Healthcare,Thomson Medical,,"AIA, Income, Prudential^, Singlife","English, Mandarin",ME,70
foo-chek-siang,Dr Foo Chek Siang,Male,General Surgery,General Surgeon,ME|MNH,Mount Elizabeth Novena Hospital,2009,text_grad,17,40-49,1,Clinic for Digestive Surgery,Mount Elizabeth Novena Specialist Centre (38 Irrawaddy Rd),MNH,True,Foundation Healthcare,Foundation Healthcare,Foundation Healthcare,Foundation Healthcare,,,"AIA, Great Eastern, HSBC Life, Income, Prudential^, Singlife","English, Mandarin",ME,42
foo-gen-lin,Dr Foo Gen Lin,Male,Orthopaedic Surgery,Orthopaedic Surgeon,ME|MEH|MNH,Mount Elizabeth Hospital,2011,text_years,15,40-49,2,Apex Sports Clinic || Spring Hope Orthopaedic Spine Surgery,Paragon Medical (290 Orchard Rd) || Royal Square at Novena (101 Irrawaddy Rd),Novena-other|Orchard-other,False,,,Thomson Medical,,Thomson Medical,,"Great Eastern, HSBC Life, Income, Prudential^","Bahasa Indonesia, Cantonese, English, Malay, Mandarin",ME,40
foo-kiam-leng,Dr Foo Kiam Leng,Female,Anaesthesiology,Anaesthesiologist,ME|MEH,,,,,,1,Foo Kiam Leng Pte Ltd,Mount Elizabeth Medical Centre (3 Mount Elizabeth),MEH,True,,,,,,,,English,ME,
foo-kian-fong,Dr Foo Kian Fong,Male,Medical Oncology,Medical Oncologist,GEH|ME|MEH|MNH,Gleneagles Hospital|Mount Elizabeth Hospital,,,,,3,Parkway Cancer Centre || Parkway Cancer Centre || Parkway Cancer Centre,Gleneagles Hospital Annexe (6A Napier Rd) || Mount Elizabeth Medical Centre (3 Mount Elizabeth) || Mount Elizabeth Novena Specialist Centre (38 Irrawaddy Rd),GEH|MEH|MNH,True,Tamarind Health,Tamarind Health,Tamarind Health - Parkway Cancer Centre / TalkMed,Tamarind Health,,,"AIA, Great Eastern, HSBC Life, Income, Prudential^, Singlife","English, Mandarin",GEH,
foo-shuo-min-jonathan,Dr Foo Shuo Min Jonathan,Male,General Surgery,General Surgeon,ME|MEH|MNH,Mount Elizabeth Hospital|Mount Elizabeth Novena Hospital,1966,text_grad,60,70+,2,The Aeden Surgeons || The Aeden Surgeons,Mount Elizabeth Medical Centre (3 Mount Elizabeth) || Mount Elizabeth Novena Specialist Centre (38 Irrawaddy Rd),MEH|MNH,True,,,Thomson Medical,,Thomson Medical,,"Great Eastern, HSBC Life, Income, Prudential^","English, Hokkien, Mandarin",ME,85
foo-siang-shen-leon,Dr Foo Siang Shen Leon,Male,Orthopaedic Surgery,Orthopaedic Surgeon,ME|MEH,Mount Elizabeth Hospital,,,,,1,Island Orthopaedic Pte Ltd,Mount Elizabeth Medical Centre (3 Mount Elizabeth),MEH,True,,,Thomson Medical,,Thomson Medical,,"AIA, HSBC Life, Prudential^, Singlife","English, Mandarin",ME,
foong-lian-cheun,Dr Foong Lian Cheun,Male,Obstetrics & Gynaecology,Obstetrician & Gynaecologist,GEH,,,,,,1,O&G Partners Clinic For Women,Gleneagles Hospital Annexe (6A Napier Rd),GEH,True,,,,,,,,English,GEH,
fu-raw-yueh-esther,Dr Fu Raw Yueh Esther,Female,Ophthalmology,Ophthalmologist,ME|MNH,Gleneagles Hospital|Mount Elizabeth Novena Hospital,,,,,1,Eye Surgeons @ Novena,Mount Elizabeth Novena Specialist Centre (38 Irrawaddy Rd),MNH,True,,,,,,,"Great Eastern, HSBC Life, Income, Prudential^, Singlife",English,ME,
fun-li-ling-wendy,Dr Fun Li-Ling Wendy,Female,Anaesthesiology,Anaesthesiologist,GEH,,,,,,1,SportsIN Orthopaedic Clinic,Gleneagles Medical Centre (6 Napier Rd),GEH,True,,,Thomson Medical,,Thomson Medical,,,English,GEH,
fung-chak-yuen,Dr. Fung Chak Yuen,Male,Otorhinolaryngology / ENT,Otorhinolaryngologist,GEH|ME|MNH,Mount Elizabeth Novena Hospital,,,,,2,Nobel ENT Centre (Mount Elizabeth Novena) || Nobel ENT Centre,Gleneagles Medical Centre (6 Napier Rd) || Mount Elizabeth Novena Specialist Centre (38 Irrawaddy Rd),GEH|MNH,True,OUE Healthcare / Healthway,,,OUE Healthcare / Healthway,,,"Great Eastern, Prudential^","Cantonese, English, Mandarin",GEH,
gan-eng-cern,Dr Gan Eng Cern,Male,Otorhinolaryngology / ENT,Otorhinolaryngologist,ME|MNH,Mount Elizabeth Novena Hospital,2007,text_grad,19,40-49,1,"A Specialist Clinic for Sinus, Snoring & ENT",Mount Elizabeth Novena Specialist Centre (38 Irrawaddy Rd),MNH,True,,,,,,,"Income, Prudential^","English, Hokkien, Malay, Mandarin",ME,44
gan-enoch,Dr Gan Enoch,Male,Urology,Urologist,ME|MNH,,1987,qual,39,60-69,1,Urosurgery Mt.E Urology Specialist Clinic,Mount Elizabeth Novena Specialist Centre (38 Irrawaddy Rd),MNH,True,,,,,,,"HSBC Life, Prudential^, Singlife","Bahasa Indonesia, English, Hokkien, Mandarin",ME,64
gan-wei-tat-aaron,Dr Gan Wei Tat Aaron,Male,Hand Surgery,Hand Surgeon,ME|MEH,,,,,,1,Centre For Hand & Reconstructive MicroSurgery,Mount Elizabeth Medical Centre (3 Mount Elizabeth),MEH,True,,,,,,,"AIA, Great Eastern, HSBC Life, Income, Prudential^, Singlife","Bahasa Indonesia, English, Mandarin",ME,
ganesh-ramalingam,Dr Ganesh Ramalingam,Male,General Surgery,General Surgeon,ME|MNH,Parkway East Hospital,1997,text_grad,29,50-59,1,G&L Surgical Clinic - Centre of Gastrointestinal and Laparoscopic Surgery,Mount Elizabeth Medical Centre (3 Mount Elizabeth),MEH,True,,,,,,,"Great Eastern, Income, Prudential^, Singlife","English, Mandarin, Tamil",ME,54
gangadharan-sathyadevan,Dr Gangadharan Sathyadevan,Male,Psychiatry,Psychiatrist,ME|MNH,,,,,,1,Dr Devan Psychiatry & Psychotherapy,Mount Elizabeth Novena Specialist Centre (38 Irrawaddy Rd),MNH,True,,,,,,,,English,ME,
geh-min,Dr Geh Min,Female,Ophthalmology,Ophthalmologist,ME|MEH,,,,,,1,Eye Clinic & Surgery,Mount Elizabeth Medical Centre (3 Mount Elizabeth),MEH,True,,,,,,,,"Bahasa Indonesia, Cantonese, English, Hokkien, Mandarin, Tamil, Teochew",ME,
go-wee-ser,Dr Go Wee Ser,Male,Oral & Maxillofacial Surgery,Oral and Maxillofacial Surgeon,ME|MEH,,,,,,1,W S Go & Associates,Paragon Medical (290 Orchard Rd),Orchard-other,False,,,,,,,,English,ME,
goh-boon-kee,Dr Goh Boon Kee,Male,Dermatology,Dermatologist,ME|MEH,,1993,text_grad,33,50-59,1,Skin Physicians,Mount Elizabeth Medical Centre (3 Mount Elizabeth),MEH,True,,,,,,,"AIA, Prudential^, Singlife","Cantonese, English, Hokkien, Mandarin, Teochew",ME,58
goh-chor-yong-joyce,Dr Goh Chor Yong Joyce,Female,Anaesthesiology,Anaesthesiologist,ME|MEH,,,,,,1,Anaesthesia Unlimited,Mount Elizabeth Medical Centre (3 Mount Elizabeth),MEH,True,,,,,,,,"Bahasa Indonesia, Cantonese, English, Hokkien, Mandarin, Tamil, Teochew",ME,
goh-hak-su,Dr Goh Hak Su,Male,General Surgery,General Surgeon,GEH,,,,,,1,Goh Hak Su Colon & Rectal Centre,Gleneagles Medical Centre (6 Napier Rd),GEH,True,,,,,,,"AIA, Great Eastern, Prudential^, Singlife",English,GEH,
goh-han-meng,Dr Goh Han Meng,Male,Paediatric Medicine,Paediatrician,PEH,,2000,qual,26,50-59,1,Kinder Clinic Pte Ltd,Parkway East Medical Centre (319 Joo Chiat Pl),PEH,True,,,,,,,,English,PEH,51
goh-hood-keng-christopher,Dr Goh Hood Keng Christopher,Male,Otorhinolaryngology / ENT,Otorhinolaryngologist,ME|MNH,Mount Elizabeth Novena Hospital,1985,text_grad,41,60-69,1,Novena ENT-Head & Neck Surgery Specialist Centre,Mount Elizabeth Novena Specialist Centre (38 Irrawaddy Rd),MNH,True,,,,,,,"AIA, Prudential^","Bahasa Indonesia, English, Hokkien, Mandarin",ME,66
goh-kah-hong,"Dr Goh Kah Hong, Clarence",Male,Psychiatry,Psychiatrist,ME|MNH,Mount Elizabeth Novena Hospital,2004,qual,22,40-49,1,Famille Psychiatry Associates,Mount Elizabeth Novena Specialist Centre (38 Irrawaddy Rd),MNH,True,,,,,,,,"Cantonese, English, Hokkien, Mandarin",ME,47
goh-kong-yong,Dr Goh Kong Yong,Male,Ophthalmology,Ophthalmologist,ME|MNH,,,,,,1,Dr Goh Eye Neuro-ophthalmic & Low Vision Specialist,Mount Elizabeth Novena Specialist Centre (38 Irrawaddy Rd),MNH,True,,,,,,,"AIA, HSBC Life, Income, Prudential^, Singlife","Bahasa Indonesia, Cantonese, English, Hokkien, Mandarin",ME,
goh-lin-hon-terence,Dr Goh Lin Hon Terence,Male,Plastic Surgery,Plastic Surgeon,GEH,Mount Elizabeth Novena Hospital,,,,,1,AZATACA Plastic Surgery,Gleneagles Medical Centre (6 Napier Rd),GEH,True,,,,,,,"Great Eastern, Prudential^","Bahasa Indonesia, English, Malay, Mandarin",GEH,
goh-minghui,Dr Goh Minghui,Female,General Surgery,General Surgeon,ME|MNH,Mount Elizabeth Novena Hospital,,,,,1,Goh Minghui Endoscopy & Surgery,Novena Medical Center (10 Sinaran Dr),Novena-other,False,HC Surgical Specialists,,,HC Surgical Specialists,,,"AIA, Great Eastern, HSBC Life, Prudential^, Singlife","English, Mandarin",ME,
goh-oon-leng-patrick,Dr Goh Oon Leng Patrick,Male,Sports Medicine,Orthopaedic Surgeon,GEH,,,,,,1,Orthopaedic International,Gleneagles Hospital Annexe (6A Napier Rd),GEH,True,,,,,,,Prudential^,English,GEH,
goh-ping-ping,Dr Goh Ping Ping,Female,Cardiology,Cardiologist,ME|MEH|MNH|PEH,Mount Elizabeth Hospital|Mount Elizabeth Novena Hospital,1988,text_grad,38,60-69,3,Asian Heart & Vascular Centre || Asian Heart & Vascular Centre || Asian Heart & Vascular Centre,Mount Elizabeth Medical Centre (3 Mount Elizabeth) || Mount Elizabeth Novena Specialist Centre (38 Irrawaddy Rd) || Parkway East Medical Centre (319 Joo Chiat Pl),MEH|MNH|PEH,True,,,,,,,"HSBC Life, Income, Prudential^, Singlife","Cantonese, English, Hokkien, Mandarin",PEH,63
goh-seow-kuang-jeffrey,Dr Goh Seow Kuang Jeffrey,Male,Diagnostic Radiology,Diagnostic Radiologist,ME|MEH,Mount Elizabeth Hospital,1996,text_years,30,50-59,1,Radiology Department,Mount Elizabeth Medical Centre (3 Mount Elizabeth),MEH,True,,,,,,IHH hospital department / centre,,English,ME,55
goh-shirley,Dr Goh Shirley,Female,Intensive Care Medicine,Anaesthesiologist,ME|MNH,,2001,qual,25,50-59,1,Integrative Critical Care Anaesthesia & Pain Services Pte Ltd,Mount Elizabeth Novena Specialist Centre (38 Irrawaddy Rd),MNH,True,,,,,,,,English,ME,50
goh-shu-chen-geraldine,Dr Goh Shu Chen Geraldine,Female,Psychiatry,Psychiatrist,GEH,,,,,,1,Child & Family Guidance Clinic,Gleneagles Medical Centre (6 Napier Rd),GEH,True,,,,,,,,English,GEH,
goh-siak-shyong-shawn,Dr Goh Siak Shyong Shawn,Male,Oral & Maxillofacial Surgery,Oral and Maxillofacial Surgeon,ME|MNH,,,,,,1,The Oral Maxillofacial Practice,Mount Elizabeth Novena Specialist Centre (38 Irrawaddy Rd),MNH,True,,,,,,,,English,ME,
goh-ting-hui-angeline,Dr Goh Ting Hui Angeline,Female,Renal Medicine,Renal Physician,ME|MEH,Mount Elizabeth Hospital,2006,text_years,20,40-49,1,The Kidney Health Clinic Pte Ltd,Mount Elizabeth Medical Centre (3 Mount Elizabeth),MEH,True,,,,,,,"AIA, Great Eastern, Prudential^","English, Hokkien, Malay, Mandarin, Teochew",ME,45
goh-yau-hong,Dr Goh Yau Hong,Male,Otorhinolaryngology / ENT,Otorhinolaryngologist,ME|MEH,,1990,text_grad,36,60-69,1,"YH Goh Ear Nose Throat, Head & Neck",Mount Elizabeth Medical Centre (3 Mount Elizabeth),MEH,True,,Foundation Healthcare,Foundation Healthcare,Foundation Healthcare,,,"AIA, Great Eastern, HSBC Life, Income, Prudential^, Singlife","Bahasa Indonesia, Cantonese, English, Hokkien, Mandarin, Teochew",ME,61
goh-yaw-chong,Dr Goh Yaw Chong,Male,General Surgery,General Surgeon,ME|MEH,Mount Elizabeth Hospital,1992,qual,34,50-59,1,Goh Yaw Chong Surgery Pte Ltd,Mount Elizabeth Medical Centre (3 Mount Elizabeth),MEH,True,,,Thomson Medical,,Thomson Medical,,"AIA, Income, Prudential^","Bahasa Indonesia, Cantonese, English, Hokkien, Mandarin",ME,59
goh-yu-ching-keith,Dr Goh Yu-Ching Keith,Male,Neurosurgery,Neurosurgeon,ME|MEH,Mount Elizabeth Hospital,1985,qual,41,60-69,1,International Neuro Associates,Mount Elizabeth Medical Centre (3 Mount Elizabeth),MEH,True,,,,,,,"Income, Prudential^","Bahasa Indonesia, Cantonese, English, Mandarin",ME,66
goh-yu-tang-peter,Dr Goh Yu-Tang Peter,Male,Diagnostic Radiology,Diagnostic Radiologist,ME|MEH,Mount Elizabeth Hospital,1991,text_years,35,60-69,1,Radiology Department,Mount Elizabeth Medical Centre (3 Mount Elizabeth),MEH,True,,,,,,IHH hospital department / centre,,English,ME,60
gong-ing-san,Dr Gong Ing San,Male,General Surgery,General Surgeon,GEH,Gleneagles Hospital,1971,text_grad,55,70+,1,Gong Surgery Pte Ltd,Gleneagles Medical Centre (6 Napier Rd),GEH,True,,,,,,,"HSBC Life, Income, Prudential^, Singlife",English,GEH,80
gong-wei-kin,Dr Gong Wei Kin,Male,Paediatric Medicine,Paediatrician,GEH,,,,,,1,Kinder Clinic Pte Ltd,Gleneagles Medical Centre (6 Napier Rd),GEH,True,,,Thomson Medical,,Thomson Medical,,"AIA, Great Eastern, Income, Prudential^",English,GEH,
goo-tiong-thye-jerry,Dr Goo Tiong Thye (Jerry),Male,General Surgery,General Surgeon,GEH,Gleneagles Hospital,2006,text_years,20,40-49,1,Alliance Specialist Group (Breast and General Surgery) @ Gleneagles,Gleneagles Medical Centre (6 Napier Rd),GEH,True,,,Thomson Medical,,Thomson Medical,,"Great Eastern, Prudential^","Bahasa Indonesia, English, Malay, Mandarin",GEH,45
gowreeson-thevendran,Dr Gowreeson Thevendran,Male,Orthopaedic Surgery,Orthopaedic Surgeon,ME|MEH|MNH,Gleneagles Hospital|Mount Elizabeth Hospital,,,,,2,Island Orthopaedic Pte Ltd || Island Orthopaedic Pte Ltd,Mount Elizabeth Medical Centre (3 Mount Elizabeth) || Mount Elizabeth Novena Specialist Centre (38 Irrawaddy Rd),MEH|MNH,True,,,,,,,"AIA, HSBC Life, Income, Prudential^, Singlife","Bahasa Indonesia, English, Malay, Spanish, Tamil",ME,
grace-kusumawidjaja,Dr Grace Kusumawidjaja,Female,Radiation Oncology,Radiation Oncologist,GEH|ME|MEH|MNH,Gleneagles Hospital|Mount Elizabeth Hospital,2011,text_years,15,40-49,3,Radiation Oncology Centre || Radiation Oncology Centre || Radiation Oncology Centre,"Gleneagles Hospital Annexe (6A Napier Rd) || Mount Elizabeth Novena Specialist Centre (38 Irrawaddy Rd) || Other: Mount Elizabeth Hospital 3, Level 2 Mount Elizabeth Hospital SG 228510",GEH|MNH|other,True,,,,,,,"Great Eastern, HSBC Life, Income, Prudential^, Singlife","Bahasa Indonesia, English, German",GEH,40
gurpal-singh,Dr Gurpal Singh,Male,Orthopaedic Surgery,Orthopaedic Surgeon,ME|MNH|PEH,Mount Elizabeth Novena Hospital|Parkway East Hospital,2011,text_years,15,40-49,2,Centre For Orthopaedics and Hip and Knee Surgery || Centre For Orthopaedics and Hip and Knee Surgery,Mount Elizabeth Novena Specialist Centre (38 Irrawaddy Rd) || Parkway East Medical Centre (319 Joo Chiat Pl),MNH|PEH,True,,,,,,,"AIA, HSBC Life, Prudential^, Singlife","Bahasa Indonesia, English, Hindi, Malay, Mandarin, Punjabi",PEH,40
gwee-hak-meng,Dr Gwee Hak Meng,Male,Endocrinology,Endocrinologist,ME|MEH,,1970,text_grad,56,70+,1,Gwee Endocrine & Medical Clinic,Mount Elizabeth Medical Centre (3 Mount Elizabeth),MEH,True,,,,,,,,"Bahasa Indonesia, Cantonese, English, Hokkien, Teochew",ME,81
gwee-kok-ann,Dr Gwee Kok Ann,Male,Gastroenterology,Gastroenterologist,GEH|ME|MNH|PEH,Gleneagles Hospital,,,,,3,The Gastroenterology Group Pte Ltd || The Gastroenterology Group || The Gastroenterology Group Pte Ltd,Gleneagles Hospital Annexe (6A Napier Rd) || Mount Elizabeth Novena Specialist Centre (38 Irrawaddy Rd) || Parkway East Medical Centre (319 Joo Chiat Pl),GEH|MNH|PEH,True,,,Thomson Medical,,Thomson Medical,,"AIA, Great Eastern, HSBC Life, Income, Prudential^, Singlife","Bahasa Indonesia, English, Mandarin",PEH,
hagarty-anne-elaine,Dr Hagarty Anne Elaine,Female,Obstetrics & Gynaecology,Obstetrician & Gynaecologist,ME|MEH,,,,,,1,Women's Health Professionals Pte Ltd,Paragon Medical (290 Orchard Rd),Orchard-other,False,,,,,,,,English,ME,
hamid-rahmatullah-bin-abd-razak,Dr Hamid Rahmatullah Bin Abd Razak,Male,Orthopaedic Surgery,Orthopaedic Surgeon,GEH|ME|MEH|MNH,,,,,,3,Total Orthopaedic Care & Surgery || Total Orthopaedic Care & Surgery (Gleneagles) || Heah Colorectal Endos & Piles Centre,Gleneagles Hospital Annexe (6A Napier Rd) || Mount Elizabeth Medical Centre (3 Mount Elizabeth) || Novena Medical Center (10 Sinaran Dr),GEH|MEH|Novena-other,True,HC Surgical Specialists,,,HC Surgical Specialists,,,"Great Eastern, HSBC Life, Income, Prudential^, Singlife","English, Malay, Mandarin, Tamil",GEH,
han-chuk-yin-daphne,Dr Han Chuk Yin Daphne,Female,Ophthalmology,Ophthalmologist,ME|MEH,Gleneagles Hospital|Mount Elizabeth Hospital,2008,text_years,18,40-49,1,LSC Eye Clinic,Paragon Medical (290 Orchard Rd),Orchard-other,False,Singapore Medical Group (SMG),,,Singapore Medical Group (SMG),,,"Great Eastern, HSBC Life, Income, Singlife","Bahasa Indonesia, Cantonese, English, Hokkien, Mandarin",ME,43
han-fucai,Dr Han Fucai,Male,Orthopaedic Surgery,Orthopaedic Surgeon,GEH|ME|MEH|MNH|PEH,Mount Elizabeth Novena Hospital,2007,qual,19,40-49,3,Ace International Orthopaedic Centre (Novena) || Ace International Orthopaedic Centre (Parkway East) || Parkway MediCentre (The Woodleigh Mall),Mount Elizabeth Novena Specialist Centre (38 Irrawaddy Rd) || Parkway East Medical Centre (319 Joo Chiat Pl) || Parkway MediCentre (IHH community clinic),IHH-community|MNH|PEH,True,,,,,,also at Parkway MediCentre,"Great Eastern, HSBC Life, Prudential^, Singlife","Bahasa Indonesia, English, Hokkien, Mandarin",PEH,44
han-hong-juan,Dr Han Hong Juan,Male,Otorhinolaryngology / ENT,Otorhinolaryngologist,ME|MEH,Mount Elizabeth Hospital,1998,text_grad,28,50-59,1,"The ENT, Voice & Snoring Clinic",Mount Elizabeth Medical Centre (3 Mount Elizabeth),MEH,True,,Foundation Healthcare,Foundation Healthcare,Foundation Healthcare,,,"AIA, Great Eastern, HSBC Life, Income, Prudential^, Singlife","English, Hokkien, Mandarin",ME,53
han-how-chuan,Dr Han How Chuan,Male,Obstetrics & Gynaecology,Obstetrician & Gynaecologist,ME|MNH,Mount Elizabeth Novena Hospital,1986,qual,40,60-69,1,HC Han Clinic for Women,Mount Elizabeth Novena Specialist Centre (38 Irrawaddy Rd),MNH,True,,,Thomson Medical,,Thomson Medical,,"AIA, HSBC Life, Income, Prudential^, Singlife","English, Hokkien, Mandarin",ME,65
harish-mithiran-muthiah,Dr Harish Mithiran Muthiah,Male,Cardiothoracic Surgery,Cardiothoracic Surgeon,GEH,Gleneagles Hospital,2004,qual,22,40-49,1,Neumark Lung & Chest Surgery Centre Pte. Ltd.,Gleneagles Medical Centre (6 Napier Rd),GEH,True,,,,,,,"Great Eastern, HSBC Life, Income, Prudential^, Singlife","English, Malay",GEH,47
heah-hon-wei-harold,Dr Heah Hon Wei Harold,Male,Otorhinolaryngology / ENT,Otorhinolaryngologist,GEH|ME|MEH,Mount Elizabeth Hospital,2004,qual,22,40-49,2,H N TAY ENT Head & Neck Thyroid Sleep ROBOTIC SURGERY || CURA ENT | Head & Neck | Thyroid | Sleep Surgery,Gleneagles Medical Centre (6 Napier Rd) || Mount Elizabeth Medical Centre (3 Mount Elizabeth),GEH|MEH,True,,Foundation Healthcare,Foundation Healthcare,Foundation Healthcare,,,"Great Eastern, HSBC Life, Prudential^, Singlife",English,GEH,47
heah-hong-en-nathaniel,Dr. Heah Hong En Nathaniel,Male,Urology,Urologist,ME|MEH|MNH,,,,,,2,Urohealth Medical Clinic || Urohealth Medical Clinic,Mount Elizabeth Medical Centre (3 Mount Elizabeth) || Mount Elizabeth Novena Specialist Centre (38 Irrawaddy Rd),MEH|MNH,True,OUE Healthcare / Healthway,,Thomson Medical,OUE Healthcare / Healthway,Thomson Medical,,"Great Eastern, Prudential^",English,ME,
heah-sieu-min,Dr Heah Sieu Min,Male,General Surgery,General Surgeon,ME|MEH,Mount Elizabeth Hospital,2006,text_years,20,40-49,1,Heah Colorectal Endos & Piles Centre,Mount Elizabeth Medical Centre (3 Mount Elizabeth),MEH,True,HC Surgical Specialists,HC Surgical Specialists,HC Surgical Specialists,HC Surgical Specialists,,,"AIA, Great Eastern, HSBC Life, Income, Prudential^, Singlife","English, Hokkien, Mandarin, Teochew",ME,45
hee-hwan-tak,Dr Hee Hwan Tak,Male,Orthopaedic Surgery,Orthopaedic Surgeon,ME|MEH,,1990,text_grad,36,60-69,1,Pinnacle Spine & Scoliosis Centre,Mount Elizabeth Medical Centre (3 Mount Elizabeth),MEH,True,,,,,,,"Income, Prudential^","Bahasa Indonesia, Cantonese, English, Hokkien, Mandarin, Teochew",ME,61
hee-owen-kim,Dr Hee Owen Kim,Male,Ophthalmology,Ophthalmologist,GEH,Gleneagles Hospital,2011,text_years,15,40-49,1,HESED Eye Specialists,Gleneagles Hospital Annexe (6A Napier Rd),GEH,True,,,,,,,"Great Eastern, HSBC Life, Income, Prudential^, Singlife","Cantonese, English, Fuzhou, Mandarin",GEH,40
hendricks-marianne-sybille,Dr Hendricks Marianne Sybille,Female,Obstetrics & Gynaecology,Obstetrician & Gynaecologist,ME|MNH,Mount Elizabeth Novena Hospital,,,,,1,Women & Fertility Clinic by Marianne,Mount Elizabeth Novena Specialist Centre (38 Irrawaddy Rd),MNH,True,,,Thomson Medical,,Thomson Medical,,,"Cantonese, English, Hokkien, Malay, Mandarin",ME,
heng-anthony,Dr Heng Anthony,Male,General Surgery,General Surgeon,GEH,,,,,,1,Anthony Heng Surgery,Gleneagles Medical Centre (6 Napier Rd),GEH,True,,,,,,,,English,GEH,
heng-lee-kwang,Dr Heng Lee Kwang,Male,Ophthalmology,Ophthalmologist,GEH,Gleneagles Hospital,,,,,1,Heng Eye Clinic & Surgery,Gleneagles Medical Centre (6 Napier Rd),GEH,True,,,,,,,,English,GEH,
heng-lee-suan,Dr Heng Lee Suan,Female,Ophthalmology,Ophthalmologist,GEH,Gleneagles Hospital,,,,,1,Heng Eye Clinic & Surgery,Gleneagles Medical Centre (6 Napier Rd),GEH,True,,,,,,,,English,GEH,
heng-tung-lan,Dr Heng Tung Lan,Female,Obstetrics & Gynaecology,Obstetrician & Gynaecologist,PEH,,,,,,1,Ascensus - Heng Clinic For Women,Parkway East Medical Centre (319 Joo Chiat Pl),PEH,True,,,Thomson Medical,,Thomson Medical,,"AIA, Income, Prudential^, Singlife","Bahasa Indonesia, English, Malay, Mandarin",PEH,
heywood-rebecca-louise,Dr Heywood Rebecca Louise,Female,Otorhinolaryngology / ENT,Otorhinolaryngologist,GEH|ME|MNH,Gleneagles Hospital,1998,qual,28,50-59,2,THE ENT Clinic || The ENT Clinic,Gleneagles Hospital Annexe (6A Napier Rd) || Mount Elizabeth Novena Specialist Centre (38 Irrawaddy Rd),GEH|MNH,True,Fullerton Health,,,Fullerton Health,,,"HSBC Life, Prudential^, Singlife","English, French",GEH,53
hia-ping-ping-cindy,Dr Hia Ping Ping Cindy,Female,Paediatric Medicine,Paediatrician,ME|MNH,,,,,,1,Cindy Hia Clinic for Children and Paediatric Cardiology Pte. Ltd.,Mount Elizabeth Novena Specialist Centre (38 Irrawaddy Rd),MNH,True,,,,,,,,English,ME,
ho-chee-khun,Dr Ho Chee Khun,Male,Renal Medicine,Renal Physician,ME|MEH,Mount Elizabeth Hospital,1989,text_grad,37,60-69,1,The Kidney Clinic Pte Ltd,Mount Elizabeth Medical Centre (3 Mount Elizabeth),MEH,True,,,,,,,"HSBC Life, Income, Prudential^","Bahasa Indonesia, Cantonese, English, Hokkien, Malay, Mandarin",ME,62
ho-choon-kiat,Dr Ho Choon Kiat,Male,General Surgery,General Surgeon,ME|MEH|MNH,Mount Elizabeth Hospital|Mount Elizabeth Novena Hospital|Parkway East Hospital,1994,text_grad,32,50-59,2,Nexus Surgical Associates Pte Ltd || Nexus Surgical Associates Pte Ltd,Mount Elizabeth Medical Centre (3 Mount Elizabeth),MEH,True,Foundation Healthcare,Foundation Healthcare,Foundation Healthcare|Thomson Medical,Foundation Healthcare,Thomson Medical,,"AIA, Great Eastern, HSBC Life, Income, Prudential^, Singlife","Bahasa Indonesia, Cantonese, English, Hainanese, Hokkien, Malay, Mandarin, Teochew",ME,57
ho-eu-chin,Dr Ho Eu Chin,Male,Otorhinolaryngology / ENT,Otorhinolaryngologist,GEH|ME|MNH,Gleneagles Hospital|Mount Elizabeth Hospital,1999,qual,27,50-59,2,The ENT Clinic || THE ENT Clinic,Gleneagles Hospital Annexe (6A Napier Rd) || Mount Elizabeth Novena Specialist Centre (38 Irrawaddy Rd),GEH|MNH,True,Fullerton Health,,,Fullerton Health,,,"HSBC Life, Prudential^, Singlife","Bahasa Indonesia, English, Hokkien, Malay",GEH,52
ho-gay-hui,Dr Ho Gay Hui,Female,General Surgery,General Surgeon,ME|MNH,Gleneagles Hospital,2001,text_years,25,50-59,1,Koong & Ho Surgery Centre Pte Ltd,Mount Elizabeth Novena Specialist Centre (38 Irrawaddy Rd),MNH,True,,,Thomson Medical,,Thomson Medical,,"AIA, Great Eastern, HSBC Life, Income, Prudential^",English,ME,50
ho-gim-hin,Dr Ho Gim Hin,Male,Gastroenterology,Gastroenterologist,GEH|ME|MEH|PEH,Parkway East Hospital,,,,,3,GUTCARE || GUTCARE || GUTCARE,Gleneagles Medical Centre (6 Napier Rd) || Mount Elizabeth Medical Centre (3 Mount Elizabeth) || Parkway East Medical Centre (319 Joo Chiat Pl),GEH|MEH|PEH,True,gutCARE,gutCARE,gutCARE,gutCARE,,,"AIA, Great Eastern, HSBC Life, Income, Prudential^, Singlife","English, Mandarin",PEH,
ho-kee-hai,Dr Ho Kee Hai,Male,Oral & Maxillofacial Surgery,Oral and Maxillofacial Surgeon,ME|MEH,,1971,earliest_qual,55,70+,1,Coden Specialists Pte Ltd,Paragon Medical (290 Orchard Rd),Orchard-other,False,,,,,,,,English,ME,80
ho-kok-sen,Dr Ho Kok Sen,Male,Oral & Maxillofacial Surgery,Oral and Maxillofacial Surgeon,ME|MEH,,,,,,1,Specialist Dental Group,Mount Elizabeth Medical Centre (3 Mount Elizabeth),MEH,True,Specialist Dental Group,,,Specialist Dental Group,,,"AIA, Income, Prudential^","English, Hokkien, Mandarin, Teochew",ME,
ho-kok-sun,Dr Ho Kok Sun,Male,General Surgery,General Surgeon,ME|MEH,Mount Elizabeth Hospital,,,,,1,Ho Kok Sun Colorectal Pte Ltd,Mount Elizabeth Medical Centre (3 Mount Elizabeth),MEH,True,,,,,,,"Great Eastern, Income, Prudential^","Cantonese, English, Hokkien, Malay, Mandarin",ME,
ho-kok-tong,Dr Ho Kok Tong,Male,Gastroenterology,Gastroenterologist,ME|MEH,Mount Elizabeth Hospital,,,,,1,Ho Kok Tong Gastro & Medical Clinic,Mount Elizabeth Medical Centre (3 Mount Elizabeth),MEH,True,,,,,,,,"Cantonese, English, Hokkien, Mandarin, Teochew",ME,
ho-kok-yuen,Dr Ho Kok Yuen,Male,Anaesthesiology,Anaesthesiologist,ME|MEH,,,,,,1,The Pain Clinic,Mount Elizabeth Medical Centre (3 Mount Elizabeth),MEH,True,,,Raffles Medical Group,,Raffles Medical Group,,"AIA, Great Eastern, Income, Prudential^",English,ME,
ho-ming-li-leonard,Dr Ho Ming Li Leonard,Male,General Surgery,General Surgeon,ME|MNH|PEH,Mount Elizabeth Novena Hospital|Parkway East Hospital,2006,text_years,20,40-49,2,One Surgical Clinic & Surgery (East) || One Surgical Clinic & Surgery,Mount Elizabeth Medical Centre (3 Mount Elizabeth) || Parkway East Medical Centre (319 Joo Chiat Pl),MEH|PEH,True,,,Thomson Medical,,Thomson Medical,,"AIA, Great Eastern, HSBC Life, Prudential^, Singlife","English, Malay, Mandarin, Teochew",PEH,45
ho-pui-san,Dr Ho Pui San,Female,Paediatric Medicine,Paediatrician,GEH,,,,,,1,Chan Clinic For Children,Gleneagles Medical Centre (6 Napier Rd),GEH,True,,,,,,,,English,GEH,
ho-siew-hong,Dr Ho Siew Hong,Male,Urology,Urologist,GEH|ME|MNH,Gleneagles Hospital|Mount Elizabeth Novena Hospital,,,,,3,S H Ho Urology and Laparoscopy Centre (Gleneagles) || Asian Healthcare Specialists (Novena) || S H Ho Urology and Laparoscopy Centre,Gleneagles Medical Centre (6 Napier Rd) || Mount Elizabeth Novena Specialist Centre (38 Irrawaddy Rd),GEH|MNH,True,Doctor Anywhere / AHS,,Thomson Medical,Doctor Anywhere / AHS,Thomson Medical,,"Great Eastern, HSBC Life, Income, Prudential^, Singlife",English,GEH,
ho-siyun-michelle,Dr Ho Siyun Michelle,Female,Plastic Surgery,Plastic Surgeon,GEH|ME|MEH|MNH,,,,,,3,Plastic & Aesthetic Practice @ TDP || The Dermatology Practice @ Gleneagles || The Dermatology Practice @ Orchard - Skin Hair Allergy Laser,Gleneagles Medical Centre (6 Napier Rd) || Mount Elizabeth Medical Centre (3 Mount Elizabeth),GEH|MEH,True,,,Thomson Medical,,Thomson Medical,,"Income, Prudential^, Singlife","English, Hokkien, Mandarin, Teochew",GEH,
ho-soon-teck,Dr Ho Soon Teck,Male,General Surgery,General Surgeon,ME|MEH,Mount Elizabeth Hospital,,,,,1,Ho Surgical Clinic,Mount Elizabeth Medical Centre (3 Mount Elizabeth),MEH,True,,,,,,,"AIA, Great Eastern, HSBC Life, Prudential^, Singlife","Bahasa Indonesia, English, Mandarin",ME,
ho-su-chin,Dr Ho Su Chin,Female,Endocrinology,Endocrinologist,ME|MEH|MNH,,1990,qual,36,60-69,2,The Endocrine Clinic || The Endocrine Clinic @ Novena,Mount Elizabeth Medical Centre (3 Mount Elizabeth) || Mount Elizabeth Novena Specialist Centre (38 Irrawaddy Rd),MEH|MNH,True,,,,,,,,English,ME,61
ho-weng-yan,Dr Ho Weng Yan,Female,Obstetrics & Gynaecology,Obstetrician & Gynaecologist,ME|MNH,Mount Elizabeth Novena Hospital,,,,,1,STO+G Cancer & Fertility Practice,Mount Elizabeth Novena Specialist Centre (38 Irrawaddy Rd),MNH,True,,,Thomson Medical,,Thomson Medical,,"Great Eastern, Income, Prudential^, Singlife",English,ME,
hobbs-christopher,Dr Hobbs Christopher,Male,Otorhinolaryngology / ENT,Otorhinolaryngologist,GEH|ME|MNH,Gleneagles Hospital,1996,qual,30,50-59,2,The ENT Clinic || THE ENT Clinic,Gleneagles Hospital Annexe (6A Napier Rd) || Mount Elizabeth Novena Specialist Centre (38 Irrawaddy Rd),GEH|MNH,True,Fullerton Health,,,Fullerton Health,,,"AIA, Great Eastern, HSBC Life, Income, Prudential^, Singlife","English, French",GEH,55
hoe-ah-leong-justin,Dr Hoe Ah Leong Justin,Male,General Surgery,General Surgeon,GEH,,,,,,1,Hoe Ah Leong Surgery Pte Ltd,Gleneagles Medical Centre (6 Napier Rd),GEH,True,,,,,,,,English,GEH,
hoe-nan-yuh-michael,Dr Hoe Nan Yuh Michael,Male,General Surgery,General Surgeon,GEH,Gleneagles Hospital,1978,qual,48,70+,1,Michael Hoe Surgery Pte Ltd,Gleneagles Medical Centre (6 Napier Rd),GEH,True,,,,,,,"AIA, HSBC Life, Income, Prudential^, Singlife",English,GEH,73
hoe-wei-ming-john,Dr Hoe Wei Ming John,Male,Diagnostic Radiology,Diagnostic Radiologist,ME|MEH,,,,,,1,Radiologic Clinic / MRI Centre,Mount Elizabeth Medical Centre (3 Mount Elizabeth),MEH,True,,,,,,,,English,ME,
hoh-sek-tien,Dr Hoh Sek Tien,Male,Ophthalmology,Ophthalmologist,ME|MNH,Gleneagles Hospital|Mount Elizabeth Novena Hospital,1991,qual,35,60-69,1,Eye Surgeons @ Novena,Mount Elizabeth Novena Specialist Centre (38 Irrawaddy Rd),MNH,True,,,,,,,"HSBC Life, Income, Prudential^, Singlife","Bahasa Indonesia, English, Malay, Mandarin",ME,60
hon-kim-fatt-jimmy,Dr Hon Kim Fatt Jimmy,Male,Cardiothoracic Surgery,Cardiothoracic Surgeon,ME|MNH,Mount Elizabeth Novena Hospital,2001,text_years,25,50-59,1,The Summit Cardiothoracic,Mount Elizabeth Novena Specialist Centre (38 Irrawaddy Rd),MNH,True,,,,,,,Prudential^,"Cantonese, English, Hakka, Hokkien, Mandarin, Teochew",ME,50
hong-alvin,Dr Hong Alvin,Male,Neurosurgery,Neurosurgeon,ME|MEH,,1994,qual,32,50-59,1,Alvin Hong Neurosurgery,Mount Elizabeth Medical Centre (3 Mount Elizabeth),MEH,True,,,,,,,,"Cantonese, English, Mandarin",ME,57
hong-cho-tek-eric,Dr Hong Cho Tek Eric,Male,Cardiology,Cardiologist,ME|MEH,Mount Elizabeth Hospital,1996,text_grad,30,50-59,1,EH Heart Specialist Private Limited,Mount Elizabeth Medical Centre (3 Mount Elizabeth),MEH,True,,,,,,,"AIA, Great Eastern, Prudential^","Bahasa Indonesia, Cantonese, English, Hokkien, Mandarin, Teochew",ME,55
hong-ga-sze,Dr Hong Ga Sze,Male,General Surgery,General Surgeon,ME|MEH,,1983,text_grad,43,60-69,1,G S Hong Surgical Care Pte Ltd,Paragon Medical (290 Orchard Rd),Orchard-other,False,,,,,,,,"English, Hokkien, Mandarin",ME,68
hong-pooi-mun-debbie,Dr Hong Pooi Mun Debbie,Female,Oral & Maxillofacial Surgery,Oral and Maxillofacial Surgeon,ME|MNH,,2005,earliest_qual,21,40-49,1,Winston Tan Oral Maxillofacial Surgery,Mount Elizabeth Novena Specialist Centre (38 Irrawaddy Rd),MNH,True,Foundation Healthcare,Foundation Healthcare,Foundation Healthcare,Foundation Healthcare,,,Income,English,ME,46
how-su-wei-alicia-claire,Dr How Su-Wei Alicia Claire,Female,Ophthalmology,Ophthalmologist,GEH,,2010,text_years,16,40-49,1,Dr Alicia Eye Specialist,Gleneagles Medical Centre (6 Napier Rd),GEH,True,,,,,,,"AIA, Great Eastern, HSBC Life, Prudential^, Singlife","Bahasa Indonesia, Cantonese, English, French, Mandarin",GEH,41
hsiang-c-john,Dr Hsiang C John,Male,Gastroenterology,Gastroenterologist,ME|MEH,Mount Elizabeth Hospital,2011,text_years,15,40-49,1,Richmond Gastroenterology Centre,Mount Elizabeth Medical Centre (3 Mount Elizabeth),MEH,True,,,,,,,"Great Eastern, HSBC Life, Income, Prudential^","English, Hokkien, Mandarin",ME,40
hsieh-wen-son,Dr Hsieh Wen-Son,Male,Medical Oncology,Medical Oncologist,GEH|ME|MEH|MNH,,,,,,3,Icon Cancer Centre Mount Elizabeth || Icon Cancer Centre Gleneagles || Icon Cancer Centre Novena,Gleneagles Medical Centre (6 Napier Rd) || Mount Elizabeth Medical Centre (3 Mount Elizabeth) || Mount Elizabeth Novena Specialist Centre (38 Irrawaddy Rd),GEH|MEH|MNH,True,Icon Group,Icon Group,Icon Cancer Centre Singapore,Icon Group,,,"AIA, Great Eastern, HSBC Life, Income, Prudential^, Singlife",English,GEH,
hsu-li-fern,Dr Hsu Li Fern,Male,Cardiology,Cardiologist,GEH|ME|MEH|MNH,Mount Elizabeth Novena Hospital,1992,text_grad,34,50-59,3,Novena Heart Centre || Novena Heart Centre || Novena Heart Centre,Gleneagles Medical Centre (6 Napier Rd) || Mount Elizabeth Medical Centre (3 Mount Elizabeth) || Mount Elizabeth Novena Specialist Centre (38 Irrawaddy Rd),GEH|MEH|MNH,True,Tamarind Health,,,Tamarind Health,,,"AIA, Great Eastern, HSBC Life, Income, Prudential^, Singlife","English, Mandarin",GEH,59
hu-shulin-jesse,Dr Hu Shulin (Jesse),Female,General Surgery,General Surgeon,ME|MEH|MNH,Mount Elizabeth Hospital,2005,qual,21,40-49,2,The Aeden Surgeons || The Aeden Surgeons,Mount Elizabeth Medical Centre (3 Mount Elizabeth) || Mount Elizabeth Novena Specialist Centre (38 Irrawaddy Rd),MEH|MNH,True,,,,,,,"Great Eastern, HSBC Life, Income, Prudential^","English, Mandarin",ME,46
huang-huizhen-elaine,Dr Huang Huizhen Elaine,Female,Ophthalmology,Ophthalmologist,ME|MNH,Mount Elizabeth Novena Hospital,,,,,1,Eye Max Centre,Mount Elizabeth Novena Specialist Centre (38 Irrawaddy Rd),MNH,True,,,,,,,"Great Eastern, HSBC Life, Prudential^, Singlife","Cantonese, English, Hainanese, Hokkien, Japanese, Malay, Mandarin, Teochew",ME,
huang-keqin-philemon,Dr Huang Keqin Philemon,Male,Ophthalmology,Ophthalmologist,ME|MEH,,,,,,1,OneVision Eye Specialist & LASIK Centre,Mount Elizabeth Medical Centre (3 Mount Elizabeth),MEH,True,,,,,,,"Great Eastern, HSBC Life, Prudential^, Singlife",English,ME,
huang-shimin-olivia,Dr Huang Shimin Olivia,Female,Ophthalmology,Ophthalmologist,ME|MEH,Mount Elizabeth Hospital,,,,,1,International Eye Cataract Retina Centre,Mount Elizabeth Medical Centre (3 Mount Elizabeth),MEH,True,,,,,,,,"English, Mandarin",ME,
huang-shoou-chyuan,Dr Huang Shoou Chyuan,Male,Otorhinolaryngology / ENT,Otorhinolaryngologist,GEH,Gleneagles Hospital,1984,qual,42,60-69,1,Huang ENT Surgery Pte Ltd,Gleneagles Medical Centre (6 Napier Rd),GEH,True,,,,,,,"HSBC Life, Income, Prudential^","Bahasa Indonesia, Cantonese, English, Foochow, Hokkien, Mandarin, Teochew",GEH,67
huang-xinyong,Dr Huang Xinyong,Male,Otorhinolaryngology / ENT,Otorhinolaryngologist,ME|MEH|PEH,Mount Elizabeth Hospital|Parkway East Hospital,2000,qual,26,50-59,2,Ascent Ear Nose Throat Specialist Group || Ascent Ear Nose Throat SG East,Mount Elizabeth Medical Centre (3 Mount Elizabeth) || Parkway East Medical Centre (319 Joo Chiat Pl),MEH|PEH,True,,,,,,,"AIA, HSBC Life, Prudential^, Singlife","Cantonese, English, Hokkien, Mandarin",PEH,51
huang-yilun,Dr Huang Yilun,Male,Orthopaedic Surgery,Orthopaedic Surgeon,GEH|ME|MNH,Gleneagles Hospital,2007,text_grad,19,40-49,2,Total Orthopaedic Care & Surgery || Total Orthopaedic Care & Surgery (Gleneagles),Gleneagles Hospital Annexe (6A Napier Rd) || Novena Medical Center (10 Sinaran Dr),GEH|Novena-other,True,HC Surgical Specialists,,,HC Surgical Specialists,,,"Great Eastern, HSBC Life, Income, Prudential^","English, Hokkien, Malay, Mandarin",GEH,44
hui-kok-pheng,Dr Hui Kok Pheng,Male,Intensive Care Medicine,Respiratory Physician,ME|MEH,,1982,qual,44,60-69,1,Hui Kok Pheng Respiratory & Medical Clinic,Mount Elizabeth Medical Centre (3 Mount Elizabeth),MEH,True,,,,,,,"HSBC Life, Prudential^","Bahasa Indonesia, Cantonese, English, Mandarin",ME,69
hui-yan-yan-celene,Dr Hui Yan Yan Celene,Female,Obstetrics & Gynaecology,Obstetrician & Gynaecologist,ME|MNH,,,,,,1,Evia Specialist Centre for Women,Royal Square at Novena (101 Irrawaddy Rd),Novena-other,False,,,Thomson Medical,,Thomson Medical,,"Great Eastern, Income, Prudential^","English, Mandarin",ME,
hwang-cheng-yang,Dr Hwang Cheng Yang,Male,Diagnostic Radiology,Diagnostic Radiologist,PEH,,,,,,1,Radiology Department,Parkway East Medical Centre (319 Joo Chiat Pl),PEH,True,,,,,,IHH hospital department / centre,,English,PEH,
hwang-siew-yoong-jason,Dr Hwang Siew Yoong Jason,Male,Otorhinolaryngology / ENT,Otorhinolaryngologist,GEH,,1996,text_grad,30,50-59,1,Care Sinus Snoring Ent Centre,Gleneagles Medical Centre (6 Napier Rd),GEH,True,,,,,,,,English,GEH,55
ikshuvanam-malathi,Dr Ikshuvanam Malathi,Female,Paediatric Medicine,Paediatrician,PEH,,1983,qual,43,60-69,1,Happy Baby & Child Clinic Pte Ltd,Parkway East Medical Centre (319 Joo Chiat Pl),PEH,True,,,,,,,,English,PEH,68
iyer-shridhar-ganpathi,Dr Iyer Shridhar Ganpathi,Male,General Surgery,General Surgeon,ME|MEH,Mount Elizabeth Hospital,2001,text_years,25,50-59,1,"Advanced Liver-Biliary, Pancreatic & Surgical Clinic",Mount Elizabeth Medical Centre (3 Mount Elizabeth),MEH,True,,,,,,,"HSBC Life, Income, Prudential^, Singlife","English, Hindi, Tamil, Telugu",ME,50
jaideep-raj-rao,Dr Jaideep Raj Rao,Male,General Surgery,General Surgeon,ME|MNH,Mount Elizabeth Novena Hospital,2006,text_years,20,40-49,1,Arden JR Surgery,Mount Elizabeth Novena Specialist Centre (38 Irrawaddy Rd),MNH,True,,,,,,,"Income, Prudential^, Singlife","English, French, Hindi, Tamil",ME,45
jason-lee-kian-seng,Dr Jason Lee Kian Seng,Male,Ophthalmology,Ophthalmologist,PEH,Parkway East Hospital,,,,,1,The Straits Eye Centre for Kids and Adults,Parkway East Medical Centre (319 Joo Chiat Pl),PEH,True,,,,,,,"HSBC Life, Prudential^, Singlife","English, Hokkien, Mandarin",PEH,
jayant-venkatramani-iyer,Dr Jayant Venkatramani Iyer,Male,Ophthalmology,Ophthalmologist,PEH,Parkway East Hospital,,,,,1,The Straits Eye Centre for Kids and Adults,Parkway East Medical Centre (319 Joo Chiat Pl),PEH,True,,,,,,,"HSBC Life, Prudential^, Singlife","English, Mandarin, Tamil",PEH,
jeevendra-kanagalingam,Dr Jeevendra Kanagalingam,Male,Otorhinolaryngology / ENT,Otorhinolaryngologist,GEH|ME|MNH,,2016,text_years,10,<40,2,The ENT Clinic || THE ENT Clinic,Gleneagles Hospital Annexe (6A Napier Rd) || Mount Elizabeth Novena Specialist Centre (38 Irrawaddy Rd),GEH|MNH,True,Fullerton Health,,,Fullerton Health,,,"AIA, HSBC Life, Income, Prudential^, Singlife","Bahasa Indonesia, English",GEH,35
jendana-chanyaputhipong,Dr Jendana Chanyaputhipong,Female,General Surgery,General Surgeon,ME|MEH,Mount Elizabeth Hospital|Parkway East Hospital,,,,,1,The Specialist Breast Clinic @ Orchard,Mount Elizabeth Medical Centre (3 Mount Elizabeth),MEH,True,,,,,,,"AIA, Great Eastern, HSBC Life, Prudential^",English,ME,
jiang-kian-hong-jackson,Dr Jiang Kian Hong Jackson,Male,Hand Surgery,Hand Surgeon,ME|MEH|MNH|PEH,Mount Elizabeth Hospital,2011,text_years,15,40-49,3,Orchard Hand Surgery || Bone Island Children's Clinic || Bone Island Children's Clinic,Mount Elizabeth Novena Specialist Centre (38 Irrawaddy Rd) || Paragon Medical (290 Orchard Rd) || Parkway East Medical Centre (319 Joo Chiat Pl),MNH|Orchard-other|PEH,True,,,Thomson Medical,,Thomson Medical,,"Great Eastern, HSBC Life, Prudential^, Singlife","English, Hokkien, Mandarin",PEH,40
joethy-janna-vale,Dr Joethy Janna Vale,Male,Plastic Surgery,Plastic Surgeon,GEH,,,,,,1,Nassim Plastic Surgery,Gleneagles Medical Centre (6 Napier Rd),GEH,True,,,,,,,"Income, Prudential^",English,GEH,
john-allumootil-benjamin,Dr John Allumootil Benjamin,Male,Otorhinolaryngology / ENT,Otorhinolaryngologist,ME|MEH,,,,,,1,"A B John Ear, Nose & Throat",Mount Elizabeth Medical Centre (3 Mount Elizabeth),MEH,True,,,,,,,"AIA, HSBC Life, Income, Prudential^","Bahasa Indonesia, Cantonese, English, Hokkien, Mandarin, Tamil, Teochew",ME,
john-law-lik-muk,Dr John Law Lik Muk,Male,Respiratory Medicine,Respiratory Physician,GEH|ME|MEH|PEH,Gleneagles Hospital|Parkway East Hospital,2002,text_grad,24,40-49,3,The Respiratory Practice || O2 Lung Centre || The Respiratory Practice,Gleneagles Medical Centre (6 Napier Rd) || Mount Elizabeth Medical Centre (3 Mount Elizabeth) || Parkway East Medical Centre (319 Joo Chiat Pl),GEH|MEH|PEH,True,OUE Healthcare / Healthway,,,OUE Healthcare / Healthway,,,"AIA, Great Eastern, HSBC Life, Income, Prudential^, Singlife","Bahasa Indonesia, Cantonese, English, Malay, Mandarin",PEH,49
john-wong-xin-hao,Dr John Wong Xin Hao,Male,Ophthalmology,Ophthalmologist,ME|MEH|MNH,,,,,,2,Atlas Eye Specialist Centre || Atlas Eye Specialist Centre,Paragon Medical (290 Orchard Rd) || Royal Square at Novena (101 Irrawaddy Rd),Novena-other|Orchard-other,False,,,,,,,"Great Eastern, HSBC Life, Prudential^, Singlife",English,ME,
jong-khi-min-winston,Dr Jong Khi Min Winston,Male,Anaesthesiology,Anaesthesiologist,ME|MEH,,,,,,1,Anaesthesia Unlimited,Mount Elizabeth Medical Centre (3 Mount Elizabeth),MEH,True,,,,,,,,"Bahasa Indonesia, Cantonese, English, Hokkien, Mandarin, Tamil, Teochew",ME,
jong-sze-chin,Dr Jong Sze Chin,Female,Rehabilitation Medicine,Rehabilitation Physician,GEH|ME|MEH|PEH,Gleneagles Hospital,,,,,2,Orthopaedic and Hand Surgery Partners Pte Ltd || Parkway MediCentre (The Woodleigh Mall),Gleneagles Hospital Annexe (6A Napier Rd) || Parkway MediCentre (IHH community clinic),GEH|IHH-community,True,,,Thomson Medical,,Thomson Medical,also at Parkway MediCentre,Prudential^,"Cantonese, English, Hakka, Hokkien, Malay, Mandarin",PEH,
jothi-kumar,Dr Jothi Kumar,Male,Obstetrics & Gynaecology,Obstetrician & Gynaecologist,GEH,Gleneagles Hospital,1984,text_grad,42,60-69,1,SMSC - O&G Partners,Gleneagles Hospital Annexe (6A Napier Rd),GEH,True,,,,,,,,"Bahasa Indonesia, English, Tamil",GEH,67
juanda-leo-hartono,Dr Juanda Leo Hartono,Male,Gastroenterology,Gastroenterologist,ME|MEH,Mount Elizabeth Hospital,,,,,1,Juanda Leo Gastroenterology Liver Clinic,Mount Elizabeth Medical Centre (3 Mount Elizabeth),MEH,True,,,Thomson Medical,,Thomson Medical,,"Prudential^, Singlife","Bahasa Indonesia, English, Hokkien, Malay, Mandarin",ME,
jude-lee-ee-ling,Dr Jude Lee,Male,General Surgery,General Surgeon,ME|MNH,Mount Elizabeth Novena Hospital,1997,text_grad,29,50-59,1,Jude Lee Gastrointestinal & Laparoscopic Surgery,Mount Elizabeth Novena Specialist Centre (38 Irrawaddy Rd),MNH,True,,,,,,,"AIA, Income, Prudential^","Bahasa Indonesia, Cantonese, English, Hokkien, Mandarin, Teochew",ME,54
julianah-bte-abu,Dr Julianah Bte Abu,Female,Obstetrics & Gynaecology,Obstetrician & Gynaecologist,ME|MEH,,,,,,1,"International Urology, Fertility & Gynaecology Centre",Mount Elizabeth Medical Centre (3 Mount Elizabeth),MEH,True,,,,,,,,"Bahasa Indonesia, English",ME,
kam-li-wei-michelle,Dr Kam Li Wei Michelle,Female,Respiratory Medicine,Respiratory Physician,GEH|ME|MEH|MNH|PEH,Gleneagles Hospital,,,,,4,The Respiratory Practice || O2 Lung Centre || The Respiratory Practice || The Respiratory Practice,Gleneagles Medical Centre (6 Napier Rd) || Mount Elizabeth Medical Centre (3 Mount Elizabeth) || Mount Elizabeth Novena Specialist Centre (38 Irrawaddy Rd) || Parkway East Medical Centre (319 Joo Chiat Pl),GEH|MEH|MNH|PEH,True,OUE Healthcare / Healthway,,Thomson Medical,OUE Healthcare / Healthway,Thomson Medical,,"Great Eastern, Prudential^","Bahasa Indonesia, Cantonese, English, Malay, Mandarin",PEH,
kan-yuk-man,Dr Kan Yuk Man,Male,General Surgery,General Surgeon,ME|MEH,Mount Elizabeth Hospital,1993,qual,33,50-59,1,KYM Surgery @ Orchard,Mount Elizabeth Medical Centre (3 Mount Elizabeth),MEH,True,,,,,,,"AIA, Great Eastern, HSBC Life, Income, Prudential^, Singlife","English, Mandarin",ME,58
kang-ning,Dr Kang Ning,Male,Cardiothoracic Surgery,Cardiothoracic Surgeon,ME|MEH,Gleneagles Hospital|Mount Elizabeth Hospital|Parkway East Hospital,2001,earliest_qual,25,50-59,1,Kang Ning Cardiothoracic Surgery,Mount Elizabeth Medical Centre (3 Mount Elizabeth),MEH,True,,,,,,,"Great Eastern, Prudential^, Singlife","English, Mandarin",ME,50
kang-song-chua-dave,Dr Kang Song Chua Dave,Male,Intensive Care Medicine,Anaesthesiologist,ME|MEH|MNH,,,,,,2,Anaesthesia And Intensive Care Services || Integrative Critical Care Anaesthesia & Pain Services Pte Ltd,Mount Elizabeth Medical Centre (3 Mount Elizabeth) || Mount Elizabeth Novena Specialist Centre (38 Irrawaddy Rd),MEH|MNH,True,,,Thomson Medical,,Thomson Medical,,,English,ME,
kang-wee-lee,Dr Kang Wee Lee,Male,Otorhinolaryngology / ENT,Otorhinolaryngologist,ME|MNH,Mount Elizabeth Novena Hospital|Parkway East Hospital,1993,qual,33,50-59,1,Starlight ENT Specialist Centre,Royal Square at Novena (101 Irrawaddy Rd),Novena-other,False,,,,,,,,"English, Hokkien, Mandarin",ME,58
kang-yong-chiang,Dr Kang Yong Chiang,Male,Hand Surgery,Hand Surgeon,GEH|ME|MEH|MNH,Mount Elizabeth Hospital,2011,text_years,15,40-49,3,Orthopaedics International || Orthopaedics International || Orthopaedics International,Gleneagles Hospital Annexe (6A Napier Rd) || Mount Elizabeth Medical Centre (3 Mount Elizabeth) || Mount Elizabeth Novena Specialist Centre (38 Irrawaddy Rd),GEH|MEH|MNH,True,Orthopaedics International,,Thomson Medical,Orthopaedics International,Thomson Medical,,"Great Eastern, Income, Prudential^","English, Hokkien, Mandarin",GEH,40
kannan-kaliyaperumal,Dr Kannan Kaliyaperumal,Male,Orthopaedic Surgery,Orthopaedic Surgeon,ME|MNH|PEH,Mount Elizabeth Novena Hospital|Parkway East Hospital,,,,,2,Specialist Orthopaedic Centre || Specialist Orthopaedic Centre,Mount Elizabeth Medical Centre (3 Mount Elizabeth) || Parkway East Medical Centre (319 Joo Chiat Pl),MEH|PEH,True,,,,,,,"AIA, Great Eastern, HSBC Life, Income, Prudential^","Bahasa Indonesia, English, Mandarin, Tamil",PEH,
kao-pao-tang,Dr Kao Pao-Tang,Male,Paediatric Medicine,Paediatrician,GEH|ME|MEH|PEH,,,,,,1,Parkway MediCentre,Parkway MediCentre (IHH community clinic),IHH-community,True,,,,,,also at Parkway MediCentre,Singlife,English,PEH,
karlsson-bengt-gunnar,Dr Karlsson Bengt Gunnar,Male,Neurosurgery,Neurosurgeon,ME|MNH,,,,,,1,Parkway Gamma Knife Centre,Mount Elizabeth Novena Specialist Centre (38 Irrawaddy Rd),MNH,True,,,,,,,,"Cantonese, English, Malay, Mandarin",ME,
kau-chung-yuan,Dr Kau Chung Yuan,Male,Orthopaedic Surgery,Orthopaedic Surgeon,ME|MNH,Mount Elizabeth Novena Hospital,2004,qual,22,40-49,1,Synergy Orthopaedic Group,Mount Elizabeth Novena Specialist Centre (38 Irrawaddy Rd),MNH,True,,,,,,,"AIA, Great Eastern, HSBC Life, Income, Prudential^, Singlife","English, Hokkien, Mandarin, Teochew",ME,47
keng-victor,Dr Keng Victor,Male,General Surgery,General Surgeon,GEH|ME|MNH,Gleneagles Hospital|Mount Elizabeth Novena Hospital|Parkway East Hospital,,,,,2,Colorectal Clinic Associates || Colorectal Clinic Associates,Gleneagles Medical Centre (6 Napier Rd) || Mount Elizabeth Novena Specialist Centre (38 Irrawaddy Rd),GEH|MNH,True,Foundation Healthcare,,,Foundation Healthcare,,,"AIA, Great Eastern, HSBC Life, Prudential^, Singlife","Cantonese, English, Hokkien, Mandarin",GEH,
ker-khor-jia,Dr Ker Khor Jia,Female,Dermatology,Dermatologist,GEH,Gleneagles Hospital,,,,,1,Dermatology & Co,Gleneagles Medical Centre (6 Napier Rd),GEH,True,,,,,,,"Great Eastern, HSBC Life, Prudential^, Singlife","Cantonese, English, Hokkien, Mandarin",GEH,
ker-liang,Dr Ker Liang,Female,Otorhinolaryngology / ENT,Otorhinolaryngologist,ME|MEH,Mount Elizabeth Hospital,,,,,1,"Aglow ENT Centre | Clinic for Voice, Throat & ENT",Mount Elizabeth Medical Centre (3 Mount Elizabeth),MEH,True,Beyond Medical Group,,,Beyond Medical Group,,,"HSBC Life, Income, Prudential^, Singlife","English, Mandarin",ME,
kew-chia-yng-cynthia,Dr Kew Chia Yng Cynthia,Female,Obstetrics & Gynaecology,Obstetrician & Gynaecologist,ME|MNH,Mount Elizabeth Novena Hospital,2000,text_grad,26,50-59,1,Cynthia Kew Clinic for Women & Laparoscopic Surgery,Mount Elizabeth Novena Specialist Centre (38 Irrawaddy Rd),MNH,True,,,Thomson Medical,,Thomson Medical,,"Great Eastern, HSBC Life, Prudential^","Cantonese, English, Hokkien, Mandarin",ME,51
khng-yen-wei-christopher,Dr Khng Yen Wei Christopher,Male,Ophthalmology,Ophthalmologist,GEH,Gleneagles Hospital,,,,,1,Eyewise Vision Clinic Pte Ltd,Gleneagles Medical Centre (6 Napier Rd),GEH,True,,,,,,,,English,GEH,
kho-sunn-sunn-patricia,Dr Kho Sunn Sunn Patricia,Female,Medical Oncology,Medical Oncologist,GEH|ME|MEH|MNH,Gleneagles Hospital|Mount Elizabeth Hospital,,,,,3,Icon Cancer Centre Novena || Icon Cancer Centre Orchard || Icon Cancer Centre Gleneagles,Gleneagles Medical Centre (6 Napier Rd) || Mount Elizabeth Medical Centre (3 Mount Elizabeth) || Mount Elizabeth Novena Specialist Centre (38 Irrawaddy Rd),GEH|MEH|MNH,True,Icon Group,,,Icon Group,,,"AIA, Great Eastern, HSBC Life, Income, Prudential^, Singlife",English,GEH,
khoo-boo-kian,Dr Khoo Boo Kian,Male,Ophthalmology,Ophthalmologist,ME|MEH,,1984,qual,42,60-69,1,Eye Specialist Clinic Pte Ltd,Paragon Medical (290 Orchard Rd),Orchard-other,False,,,,,,,"HSBC Life, Prudential^","Bahasa Indonesia, Cantonese, English, Hokkien, Mandarin, Teochew",ME,67
khoo-chee-min-james,Dr Khoo Chee Min James,Male,Neurosurgery,Neurosurgeon,ME|MEH,,1969,text_grad,57,70+,1,Neurological Surgery Pte Ltd,Mount Elizabeth Medical Centre (3 Mount Elizabeth),MEH,True,,,,,,,,"Bahasa Indonesia, Cantonese, English, Hokkien, Mandarin",ME,82
khoo-chong-kiat,Dr Khoo Chong Kiat,Male,Obstetrics & Gynaecology,Obstetrician & Gynaecologist,ME|MNH,Mount Elizabeth Novena Hospital,2006,text_years,20,40-49,1,Advanced O&G Centre,Mount Elizabeth Novena Specialist Centre (38 Irrawaddy Rd),MNH,True,,,Thomson Medical,,Thomson Medical,,"AIA, Great Eastern, HSBC Life, Income, Prudential^","English, Hokkien, Malay, Mandarin",ME,45
khoo-kei-siong,Dr Khoo Kei Siong,Male,Medical Oncology,Medical Oncologist,GEH|ME|MEH|MNH,Gleneagles Hospital|Mount Elizabeth Hospital,,,,,3,Parkway Cancer Centre || Parkway Cancer Centre || Parkway Cancer Centre,Gleneagles Hospital Annexe (6A Napier Rd) || Mount Elizabeth Medical Centre (3 Mount Elizabeth) || Mount Elizabeth Novena Specialist Centre (38 Irrawaddy Rd),GEH|MEH|MNH,True,Tamarind Health,,,Tamarind Health,,,"AIA, Great Eastern, HSBC Life, Income, Prudential^, Singlife","English, Hokkien, Mandarin, Teochew",GEH,
khoo-kian-ming-andrew,Dr Khoo Kian Ming Andrew,Male,Plastic Surgery,Plastic Surgeon,ME|MEH,Mount Elizabeth Hospital,,,,,1,Aesthetic & Reconstructive Centre,Mount Elizabeth Medical Centre (3 Mount Elizabeth),MEH,True,,,,,,,"AIA, Great Eastern, Prudential^","Bahasa Indonesia, Cantonese, English, Hokkien, Mandarin",ME,
khoo-li-chung-mark,Dr Khoo Li Chung Mark,Male,Otorhinolaryngology / ENT,Otorhinolaryngologist,ME|MNH,,1990,text_grad,36,60-69,1,Amandela ENT Head & Neck Surgery Centre,Mount Elizabeth Novena Specialist Centre (38 Irrawaddy Rd),MNH,True,,,,,,,,English,ME,61
khoo-rosalind,Dr Khoo Rosalind,Female,Dermatology,Dermatologist,ME|MEH,,,,,,1,Mount Elizabeth Skin Clinic,Mount Elizabeth Medical Centre (3 Mount Elizabeth),MEH,True,,,,,,,,English,ME,
khoo-yin-hao-eric,Dr Khoo Yin Hao Eric,Male,Endocrinology,Endocrinologist,GEH,Gleneagles Hospital,,,,,1,Eric Khoo Diabetes and Endocrine Clinic Pte Ltd,Gleneagles Medical Centre (6 Napier Rd),GEH,True,,,,,,,"Prudential^, Singlife","English, Mandarin",GEH,
khoo-zhi-lin-deanna,Dr Khoo Zhi Lin Deanna,Female,Cardiology,Cardiologist,GEH,Gleneagles Hospital,,,,,1,The Heart Practice,Gleneagles Medical Centre (6 Napier Rd),GEH,True,Foundation Healthcare,,,Foundation Healthcare,,,"Great Eastern, HSBC Life, Prudential^, Singlife","Bahasa Indonesia, English, Hokkien, Mandarin, Teochew",GEH,
khor-tong-hong,Dr Khor Tong Hong,Male,Radiation Oncology,Radiation Oncologist,ME|MEH,,,,,,1,Mount Elizabeth Oncology Centre,Mount Elizabeth Medical Centre (3 Mount Elizabeth),MEH,True,,,,,,,,English,ME,
khor-wei-boon,Dr Khor Wei Boon,Male,Ophthalmology,Ophthalmologist,ME|MEH,,,,,,1,Singapore Eye & Vision Pte Ltd,Paragon Medical (290 Orchard Rd),Orchard-other,False,,,,,,,"Prudential^, Singlife",English,ME,
kim-guowei,Dr Kim Guowei,Male,General Surgery,General Surgeon,GEH|ME|MEH|PEH,Gleneagles Hospital,,,,,3,Crest Surgical Practice || Crest Surgical Practice || Crest Surgical Practice,Gleneagles Medical Centre (6 Napier Rd) || Mount Elizabeth Medical Centre (3 Mount Elizabeth) || Parkway East Medical Centre (319 Joo Chiat Pl),GEH|MEH|PEH,True,,,,,,,"HSBC Life, Income, Prudential^, Singlife","English, Mandarin",PEH,
kofidis-theodoros,Dr Kofidis Theodoros,Male,Cardiothoracic Surgery,Cardiothoracic Surgeon,ME|MEH,Mount Elizabeth Hospital,2009,text_years,17,40-49,1,Theo Kofidis Endoscopic Minimally Invasive & Robotic Cardiac Surgery,Mount Elizabeth Medical Centre (3 Mount Elizabeth),MEH,True,,,,,,,,"English, German",ME,42
koh-chi-siong-dean,Dr Koh Chi-Siong Dean,Male,General Surgery,General Surgeon,GEH|ME|MNH|PEH,Mount Elizabeth Novena Hospital|Parkway East Hospital,2006,text_years,20,40-49,3,Colorectal Clinic Associates || Colorectal Clinic Associates || Colorectal Clinic Associates,Gleneagles Medical Centre (6 Napier Rd) || Mount Elizabeth Novena Specialist Centre (38 Irrawaddy Rd) || Parkway East Medical Centre (319 Joo Chiat Pl),GEH|MNH|PEH,True,Foundation Healthcare,Foundation Healthcare,Foundation Healthcare,Foundation Healthcare,,,"AIA, Great Eastern, HSBC Life, Prudential^, Singlife","Bahasa Indonesia, Cantonese, English, Hokkien, Malay, Mandarin, Teochew",PEH,45
koh-choong-hou,Dr Koh Choong Hou,Male,Cardiology,Cardiologist,GEH|ME|MNH,Mount Elizabeth Novena Hospital,2006,text_years,20,40-49,2,Nobel Heart Centre || Nobel Heart Centre (Gleneagles Hospital),Gleneagles Hospital Annexe (6A Napier Rd) || Mount Elizabeth Novena Specialist Centre (38 Irrawaddy Rd),GEH|MNH,True,OUE Healthcare / Healthway,,,OUE Healthcare / Healthway,,,"Great Eastern, HSBC Life, Prudential^","English, Hokkien, Malay, Mandarin",GEH,45
koh-hock-chuan-adrian,Dr Koh Hock Chuan Adrian,Male,Ophthalmology,Ophthalmologist,ME|MNH,Mount Elizabeth Novena Hospital,,,,,1,Eye & Retina Surgeons,Mount Elizabeth Medical Centre (3 Mount Elizabeth),MEH,True,Eye & Retina Surgeons,,,Eye & Retina Surgeons,,,,"English, Mandarin",ME,
koh-hong-yi,Dr Koh Hong Yi,Male,Dermatology,Dermatologist,GEH,Gleneagles Hospital,2002,qual,24,40-49,1,TSN Dermatology Skin Specialist Clinic,Gleneagles Medical Centre (6 Napier Rd),GEH,True,,,,,,,"AIA, Income, Prudential^","English, Hokkien, Mandarin, Teochew",GEH,49
koh-jianyi-calvin,Dr Koh Jianyi Calvin,Male,Gastroenterology,Gastroenterologist,GEH|ME|MNH|PEH,Gleneagles Hospital|Parkway East Hospital,2006,qual,20,40-49,3,The Gastroenterology Group Pte Ltd || The Gastroenterology Group || The Gastroenterology Group Pte Ltd,Gleneagles Hospital Annexe (6A Napier Rd) || Mount Elizabeth Novena Specialist Centre (38 Irrawaddy Rd) || Parkway East Medical Centre (319 Joo Chiat Pl),GEH|MNH|PEH,True,,,Thomson Medical,,Thomson Medical,,"Great Eastern, HSBC Life, Income, Prudential^, Singlife","English, Mandarin",PEH,45
koh-kia-hui-leonard,Dr Koh Kia Hui Leonard,Male,Endocrinology,Endocrinologist,GEH,Gleneagles Hospital,1985,qual,41,60-69,1,"Leonard Koh Diabetes,Thyroid & Hormone Practice",Gleneagles Medical Centre (6 Napier Rd),GEH,True,,,,,,,,English,GEH,66
koh-kiok-miang-roy,Dr Koh Kiok Miang Roy,Male,Neurosurgery,Neurosurgeon,GEH|ME|MEH|MNH,Mount Elizabeth Hospital|Mount Elizabeth Novena Hospital,2000,text_grad,26,50-59,3,FeM Surgery @ Orchard || FeM Surgery @ Novena || FeM Surgery @ Gleneagles,Gleneagles Medical Centre (6 Napier Rd) || Mount Elizabeth Medical Centre (3 Mount Elizabeth),GEH|MEH,True,,,,,,,"AIA, Great Eastern, HSBC Life, Income, Prudential^, Singlife","Cantonese, English, Hokkien, Malay, Mandarin",GEH,51
koh-li-tsa,Dr Koh Li-Tsa,Female,Urology,Urologist,ME|MEH,Mount Elizabeth Hospital,2003,qual,23,40-49,1,Assure Urology & Robotic Centre,Mount Elizabeth Medical Centre (3 Mount Elizabeth),MEH,True,Beyond Medical Group,Beyond Medical Group,Beyond Medical Group|Thomson Medical,Beyond Medical Group,Thomson Medical,,"AIA, Great Eastern, HSBC Life, Income, Prudential^","English, Hokkien, Mandarin",ME,48
koh-poh-kim-elisa,Dr Koh Poh Kim Elisa,Female,Obstetrics & Gynaecology,Obstetrician & Gynaecologist,ME|MNH,Mount Elizabeth Novena Hospital,2001,text_grad,25,50-59,1,Elisa Koh Clinic & Surgery For Women,Mount Elizabeth Novena Specialist Centre (38 Irrawaddy Rd),MNH,True,,,Thomson Medical,,Thomson Medical,,"HSBC Life, Income, Prudential^, Singlife","English, Hokkien, Malay, Mandarin",ME,50
koh-seow-choon-daniel,Dr Koh Seow Choon Daniel,Male,Obstetrics & Gynaecology,Obstetrician & Gynaecologist,GEH,Gleneagles Hospital,,,,,1,Daniel Koh Clinic for Women and Fertility Services,Gleneagles Medical Centre (6 Napier Rd),GEH,True,,,,,,,"HSBC Life, Prudential^","English, Hokkien, Mandarin, Teochew",GEH,
koh-siam-soon-philip,Dr Koh Siam Soon Philip,Male,Cardiology,Cardiologist,ME|MEH,,,,,,1,The Heart Clinic,Mount Elizabeth Medical Centre (3 Mount Elizabeth),MEH,True,,,,,,,,"Bahasa Indonesia, Cantonese, English, Hokkien, Mandarin, Teochew",ME,
koh-wan-lin,Dr Koh Wan Lin,Female,Diagnostic Radiology,Diagnostic Radiologist,ME|MNH,,,,,,1,Radiology Department,Mount Elizabeth Novena Specialist Centre (38 Irrawaddy Rd),MNH,True,,,,,,IHH hospital department / centre,,English,ME,
koh-wan-yuan,Dr Koh Wan Yuan,Male,Intensive Care Medicine,Anaesthesiologist,ME|MEH,,,,,,1,Group Anaesthesiology Services,Lucky Plaza (304 Orchard Rd),Orchard-other,False,,,,,,,,English,ME,
koh-wei-howe,Dr Koh Wei Howe,Male,Rheumatology,Rheumatologist,ME|MEH,Mount Elizabeth Hospital,,,,,1,Koh Wei Howe Arthritis & Rheumatism,Mount Elizabeth Medical Centre (3 Mount Elizabeth),MEH,True,,,,,,,"HSBC Life, Prudential^",English,ME,
koh-yin-ling,Dr Koh Yin Ling,Female,Infectious Diseases,Infectious Disease Physician,GEH|ME|MNH,,2000,qual,26,50-59,2,The Fever Clinic || The Fever Clinic,Gleneagles Hospital Annexe (6A Napier Rd) || Mount Elizabeth Novena Specialist Centre (38 Irrawaddy Rd),GEH|MNH,True,,,,,,,"AIA, Great Eastern, HSBC Life, Prudential^, Singlife",English,GEH,51
koh-yun-pei,Dr. Koh Yun Pei,Female,Dermatology,Dermatologist,GEH,,,,,,1,TSN Dermatology Skin Specialist Clinic,Gleneagles Medical Centre (6 Napier Rd),GEH,True,,,,,,,,English,GEH,
koh-zhiling-sharon,Dr Koh Zhiling Sharon,Female,General Surgery,General Surgeon,ME|MEH|MNH,Mount Elizabeth Novena Hospital,,,,,3,Colorectal Practice || Curasia Endoscopy Centre (Orchard) || Colorectal Practice,Lucky Plaza (304 Orchard Rd) || Mount Elizabeth Medical Centre (3 Mount Elizabeth) || Mount Elizabeth Novena Specialist Centre (38 Irrawaddy Rd),MEH|MNH|Orchard-other,True,,,,,,,"AIA, HSBC Life, Income, Prudential^, Singlife","English, French, Hokkien, Malay, Mandarin, Teochew",ME,
kojodjojo-pipin,Dr Pipin Kojodjojo,Male,Cardiology,Cardiologist,GEH|ME|MEH|MNH|PEH,Gleneagles Hospital|Mount Elizabeth Hospital|Parkway East Hospital,1998,qual,28,50-59,4,Asian Heart & Vascular Centre || Asian Heart And Vascular Centre || Asian Heart & Vascular Centre || Asian Heart & Vascular Centre,Gleneagles Hospital Annexe (6A Napier Rd) || Mount Elizabeth Medical Centre (3 Mount Elizabeth) || Mount Elizabeth Novena Specialist Centre (38 Irrawaddy Rd) || Parkway East Medical Centre (319 Joo Chiat Pl),GEH|MEH|MNH|PEH,True,,,,,,,"AIA, Great Eastern, HSBC Life, Income, Prudential^, Singlife","Bahasa Indonesia, Cantonese, English, Hokkien, Mandarin",PEH,53
kok-wai-leong,Dr Kok Wai Leong,Male,Dermatology,Dermatologist,ME|MEH,Mount Elizabeth Hospital,2008,qual,18,40-49,1,HMI Specialist Centre,Mount Elizabeth Medical Centre (3 Mount Elizabeth),MEH,True,,,Thomson Medical,,Thomson Medical,,"Great Eastern, HSBC Life, Prudential^, Singlife","Cantonese, English, Mandarin",ME,43
kon-kam-king-nicolas,Dr Kon Kam King Nicolas,Male,Neurosurgery,Neurosurgeon,ME|MEH,Mount Elizabeth Hospital,2000,qual,26,50-59,1,Neuro Asia Care,Mount Elizabeth Medical Centre (3 Mount Elizabeth),MEH,True,,,,,,,"Prudential^, Singlife","English, Mandarin",ME,51
kong-hwai-loong,Dr Kong Hwai Loong,Male,Medical Oncology,Medical Oncologist,GEH|ME|MEH|MNH,,1988,qual,38,60-69,3,Icon Cancer Centre Mount Elizabeth || Icon Cancer Centre Gleneagles || Icon Cancer Centre Novena,Gleneagles Medical Centre (6 Napier Rd) || Mount Elizabeth Medical Centre (3 Mount Elizabeth) || Mount Elizabeth Novena Specialist Centre (38 Irrawaddy Rd),GEH|MEH|MNH,True,Icon Group,Icon Group,Icon Cancer Centre Singapore,Icon Group,,,"AIA, Great Eastern, HSBC Life, Income, Prudential^, Singlife","Bahasa Indonesia, Cantonese, English, Hokkien, Mandarin, Teochew",GEH,63
koo-chee-choong,Dr Koo Chee Choong,Male,Cardiology,Cardiologist,GEH,,,,,,1,Koo Cardiac Clinic Pte Ltd,Gleneagles Medical Centre (6 Napier Rd),GEH,True,,,,,,,,"Bahasa Indonesia, Cantonese, English, Hakka, Hokkien, Malay, Mandarin",GEH,
koo-oon-thien-kevin,Dr Koo Oon Thien Kevin,Male,Orthopaedic Surgery,Orthopaedic Surgeon,ME|MEH,Mount Elizabeth Hospital,2003,qual,23,40-49,1,The Bone & Joint Centre,Mount Elizabeth Medical Centre (3 Mount Elizabeth),MEH,True,,,,,,,"Great Eastern, HSBC Life, Prudential^, Singlife",English,ME,48
koong-heng-nung,Dr Koong Heng Nung,Male,General Surgery,General Surgeon,ME|MNH,Mount Elizabeth Novena Hospital,1989,qual,37,60-69,1,Koong & Ho Surgery Centre Pte Ltd,Mount Elizabeth Novena Specialist Centre (38 Irrawaddy Rd),MNH,True,,,Thomson Medical,,Thomson Medical,,"AIA, Great Eastern, HSBC Life, Prudential^","Bahasa Indonesia, English, Mandarin",ME,62
ku-chih-min,Dr Ku Chih Min,Female,Anaesthesiology,Anaesthesiologist,ME|MEH,,,,,,1,Ku CM Pte Ltd,Mount Elizabeth Medical Centre (3 Mount Elizabeth),MEH,True,,,,,,,,English,ME,
kua-jieli,Dr Kua Jieli,Male,Cardiology,Cardiologist,ME|MEH,Mount Elizabeth Hospital,2011,text_years,15,40-49,1,Carrington Cardiology,Mount Elizabeth Medical Centre (3 Mount Elizabeth),MEH,True,,,,,,,"Great Eastern, Prudential^, Singlife","English, Hokkien, Mandarin",ME,40
kum-cheng-kiong,Dr Kum Cheng Kiong,Male,General Surgery,General Surgeon,ME|MNH,Gleneagles Hospital|Mount Elizabeth Novena Hospital,,,,,1,Centre for Screening & Surgery,Mount Elizabeth Novena Specialist Centre (38 Irrawaddy Rd),MNH,True,,,,,,,"AIA, HSBC Life, Prudential^, Singlife",English,ME,
kum-wei-cheong-steven,Dr Kum Wei Cheong Steven,Male,General Surgery,General Surgeon,ME|MNH,,,,,,1,Novena Vascular and Varicose Vein Centre,Mount Elizabeth Novena Specialist Centre (38 Irrawaddy Rd),MNH,True,,,,,,,"AIA, Prudential^","Bahasa Indonesia, Cantonese, English, Hokkien, Mandarin, Teochew",ME,
kuo-li-chuen-tricia,Dr Kuo Li Chuen Tricia,Female,Urology,Urologist,ME|MEH|MNH,Mount Elizabeth Novena Hospital,,,,,2,Urohealth Medical Clinic || Urohealth Medical Clinic,Mount Elizabeth Medical Centre (3 Mount Elizabeth) || Mount Elizabeth Novena Specialist Centre (38 Irrawaddy Rd),MEH|MNH,True,OUE Healthcare / Healthway,,,OUE Healthcare / Healthway,,,"AIA, Great Eastern, HSBC Life, Income, Prudential^, Singlife","English, Hokkien, Mandarin, Teochew",ME,
kwah-yung-chien-raymond,Dr Kwah Yung Chien Raymond,Male,Dermatology,Dermatologist,ME|MEH,,1999,qual,27,50-59,1,Dermatology Specialists,Paragon Medical (290 Orchard Rd),Orchard-other,False,,,,,,,"AIA, Great Eastern, HSBC Life, Prudential^, Singlife",English,ME,52
kwok-khoon-robert,Dr Kwok Khoon Robert,Male,Diagnostic Radiology,Diagnostic Radiologist,ME|MEH,,,,,,1,Department Of Diagnostic Radiology,Mount Elizabeth Medical Centre (3 Mount Elizabeth),MEH,True,,,,,,,,English,ME,
lai-choon-hin,Dr Lai Choon Hin,Male,Orthopaedic Surgery,Orthopaedic Surgeon,ME|MNH,Mount Elizabeth Novena Hospital,,,,,1,AP Centre For Joint Reconstruction,Mount Elizabeth Novena Specialist Centre (38 Irrawaddy Rd),MNH,True,,,,,,,"HSBC Life, Income, Prudential^, Singlife","Cantonese, English, Hokkien, Malay, Mandarin",ME,
lai-hee-kit,Dr Lai Hee Kit,Male,Nuclear Medicine,Nuclear Medicine Physician,ME|MNH,,,,,,1,Radiology Department,Mount Elizabeth Novena Specialist Centre (38 Irrawaddy Rd),MNH,True,,,,,,IHH hospital department / centre,,English,ME,
lai-jen-ming,Dr Lai Jen Ming,Male,Hand Surgery,Hand Surgeon,GEH|ME|MEH|MNH,Mount Elizabeth Hospital,,,,,3,The Orthopaedic Practice and Surgery || The Orthopaedic Practice and Surgery || The Orthopaedic Practice and Surgery,Gleneagles Medical Centre (6 Napier Rd) || Mount Elizabeth Medical Centre (3 Mount Elizabeth) || Mount Elizabeth Novena Specialist Centre (38 Irrawaddy Rd),GEH|MEH|MNH,True,,,Thomson Medical,,Thomson Medical,,"AIA, Great Eastern, Prudential^","English, Mandarin",GEH,
lai-jiunn-herng,Dr Lai Jiunn Herng,Male,General Surgery,General Surgeon,ME|MEH,Mount Elizabeth Hospital,,,,,1,Lai Endoscopy & Colorectal Surgery,Mount Elizabeth Medical Centre (3 Mount Elizabeth),MEH,True,HC Surgical Specialists,HC Surgical Specialists,HC Surgical Specialists,HC Surgical Specialists,,,"AIA, Great Eastern, HSBC Life, Prudential^, Singlife","Cantonese, English, Hokkien, Malay, Mandarin",ME,
lai-yeow-choy,Dr Lai Yeow Choy,Male,Anaesthesiology,Anaesthesiologist,ME|MEH,,1989,qual,37,60-69,1,Group Anaesthesiology Services,Lucky Plaza (304 Orchard Rd),Orchard-other,False,,,,,,,,"Bahasa Indonesia, Cantonese, English, Hokkien, Mandarin",ME,62
lam-kai-yet,Dr Lam Kai Yet,Male,Orthopaedic Surgery,Orthopaedic Surgeon,ME|MNH|PEH,,,,,,2,Bone Island Children's Clinic || Bone Island Children's Clinic,Mount Elizabeth Novena Specialist Centre (38 Irrawaddy Rd) || Parkway East Medical Centre (319 Joo Chiat Pl),MNH|PEH,True,,Singapore Medical Group (SMG),Raffles Medical Group|Singapore Medical Group (SMG)|Thomson Medical,Singapore Medical Group (SMG),Raffles Medical Group|Thomson Medical,,"AIA, Great Eastern, HSBC Life, Income, Prudential^, Singlife",English,PEH,
lam-lee-hua-catherine-nee-beng,Dr Lam Lee Hua Catherine Nee Beng,Female,Paediatric Medicine,Paediatrician,GEH,,,,,,1,Lam Baby & Child Clinic,Gleneagles Medical Centre (6 Napier Rd),GEH,True,,,,,,,"AIA, Prudential^",English,GEH,
lam-mun-san,Dr Lam Mun San,Female,Infectious Diseases,Infectious Disease Physician,ME|MEH,Mount Elizabeth Hospital|Mount Elizabeth Novena Hospital,1983,text_grad,43,60-69,1,Infection & Vaccination Consultants,Mount Elizabeth Medical Centre (3 Mount Elizabeth),MEH,True,,,,,,,"AIA, Great Eastern, HSBC Life, Income, Prudential^","Bahasa Indonesia, Cantonese, English, Hokkien, Mandarin",ME,68
lam-pin-min,Dr Lam Pin Min,Male,Ophthalmology,Ophthalmologist,ME|MNH|PEH,Mount Elizabeth Novena Hospital|Parkway East Hospital,,,,,2,Eagle Eye Centre || Eagle Eye Centre,Mount Elizabeth Novena Specialist Centre (38 Irrawaddy Rd) || Parkway East Medical Centre (319 Joo Chiat Pl),MNH|PEH,True,HMI Medical,HMI Medical,HMI Medical - Eagle Eye Centre,HMI Medical,,,"AIA, Great Eastern, HSBC Life, Income, Prudential^, Singlife","English, Mandarin",PEH,
lau-chee-chong,Dr Lau Chee Chong,Male,Otorhinolaryngology / ENT,Otorhinolaryngologist,ME|MEH,,,,,,1,Ear Nose & Throat Centre C C Lau,Mount Elizabeth Medical Centre (3 Mount Elizabeth),MEH,True,,,,,,,,English,ME,
lau-cheng-kiang-adrian,Dr Lau Cheng Kiang Adrian,Male,Orthopaedic Surgery,Orthopaedic Surgeon,ME|MNH,Mount Elizabeth Novena Hospital,2004,qual,22,40-49,1,Hip & Knee Orthopaedics Pte Ltd,Mount Elizabeth Novena Specialist Centre (38 Irrawaddy Rd),MNH,True,,,Thomson Medical,,Thomson Medical,,"Great Eastern, HSBC Life, Income, Prudential^, Singlife",English,ME,47
lau-chien-li-cheryl,Dr Lau Chien Li Cheryl,Female,General Surgery,General Surgeon,ME|MNH|PEH,Mount Elizabeth Novena Hospital|Parkway East Hospital,2003,qual,23,40-49,2,"Aeon Surgery, Colorectal Surgery & Endoscopy Clinic || The Surgical Specialists Clinic",Mount Elizabeth Novena Specialist Centre (38 Irrawaddy Rd) || Parkway East Medical Centre (319 Joo Chiat Pl),MNH|PEH,True,,,,,,,"Income, Prudential^, Singlife",English,PEH,48
lau-hung-tuan,Dr Lau Hung Tuan,Male,Otorhinolaryngology / ENT,Otorhinolaryngologist,ME|MNH,Mount Elizabeth Novena Hospital,,,,,1,My ENT Specialist,Mount Elizabeth Novena Specialist Centre (38 Irrawaddy Rd),MNH,True,,,,,,,"Great Eastern, HSBC Life, Prudential^, Singlife",English,ME,
lau-kean-wah,Dr Lau Kean Wah,Male,Cardiology,Cardiologist,GEH,,,,,,1,LD Heart Clinic Pte Ltd,Gleneagles Hospital Annexe (6A Napier Rd),GEH,True,,,,,,,,English,GEH,
lau-leok-lim,Dr Lau Leok Lim,Male,Orthopaedic Surgery,Orthopaedic Surgeon,GEH,Gleneagles Hospital,2006,text_years,20,40-49,1,Orthopaedic and Hand Surgery Partners Pte Ltd,Gleneagles Hospital Annexe (6A Napier Rd),GEH,True,,,Raffles Medical Group|Thomson Medical,,Raffles Medical Group|Thomson Medical,,"Great Eastern, HSBC Life, Income, Prudential^, Singlife","Cantonese, English, Hokkien, Malay, Mandarin",GEH,45
lau-pang-cheng-david,Dr Lau Pang Cheng David,Male,Otorhinolaryngology / ENT,Otorhinolaryngologist,GEH,Gleneagles Hospital,1996,text_years,30,50-59,1,Advanced ENT Centre,Gleneagles Medical Centre (6 Napier Rd),GEH,True,,,,,,,"HSBC Life, Income, Prudential^, Singlife","Bahasa Indonesia, English, Mandarin",GEH,55
lau-puang-huh-bernard,Dr Bernard Lau,Male,Orthopaedic Surgery,Orthopaedic Surgeon,GEH|ME|MEH|MNH,Gleneagles Hospital|Mount Elizabeth Hospital,,,,,3,The Orthopaedic Practice and Surgery || The Orthopaedic Practice and Surgery || The Orthopaedic Practice and Surgery,Gleneagles Medical Centre (6 Napier Rd) || Mount Elizabeth Medical Centre (3 Mount Elizabeth) || Mount Elizabeth Novena Specialist Centre (38 Irrawaddy Rd),GEH|MEH|MNH,True,,,,,,,"AIA, Great Eastern, HSBC Life, Prudential^, Singlife","Cantonese, English, Hokkien, Malay, Mandarin",GEH,
lau-te-neng,Dr Lau Te Neng,Male,Diagnostic Radiology,Diagnostic Radiologist,ME|MNH,Mount Elizabeth Hospital,1991,text_years,35,60-69,1,Radiology Department,Mount Elizabeth Novena Specialist Centre (38 Irrawaddy Rd),MNH,True,,,,,,IHH hospital department / centre,,"English, Mandarin",ME,60
law-hui-nee-annie,Dr Law Hui Nee Annie,Female,Rheumatology,Rheumatologist,ME|MEH,Mount Elizabeth Hospital,,,,,1,Asia Arthritis & Rheumatology Centre,Mount Elizabeth Medical Centre (3 Mount Elizabeth),MEH,True,,,,,,,"HSBC Life, Income, Prudential^, Singlife","English, Malay, Mandarin",ME,
law-ngai-mun,Dr Law Ngai Mun,Male,Ophthalmology,Ophthalmologist,ME|MEH,,,,,,1,Eye Clinic Singapore International,Paragon Medical (290 Orchard Rd),Orchard-other,False,,,,,,,,English,ME,
law-wei-seng,Dr Law Wei Seng,Male,Obstetrics & Gynaecology,Obstetrician & Gynaecologist,ME|MNH,,1999,text_grad,27,50-59,1,WS Law Women's Clinic and Laparoscopic Surgery Centre,Mount Elizabeth Medical Centre (3 Mount Elizabeth),MEH,True,,,Thomson Medical,,Thomson Medical,,,"Bahasa Indonesia, Cantonese, English, Hakka, Mandarin",ME,52
law-weng-giap,Dr Law Weng Giap,Male,Rheumatology,Rheumatologist,GEH|ME|MEH|MNH,Mount Elizabeth Novena Hospital,2006,text_years,20,40-49,3,Elim Rheumatic Centre (Novena) || Elim Rheumatic Centre (Gleneagles) || Elim Rheumatic Centre,Gleneagles Medical Centre (6 Napier Rd) || Mount Elizabeth Medical Centre (3 Mount Elizabeth) || Mount Elizabeth Novena Specialist Centre (38 Irrawaddy Rd),GEH|MEH|MNH,True,,,,,,,"Great Eastern, HSBC Life, Income, Prudential^, Singlife","Cantonese, English, Hokkien, Malay, Mandarin, Teochew",GEH,45
lee-alison-joanne,Dr Lee Alison Joanne,Female,Paediatric Medicine,Paediatrician,GEH,Gleneagles Hospital,,,,,1,SBCC Baby & Child Clinic,Gleneagles Medical Centre (6 Napier Rd),GEH,True,,,,,,,"AIA, Great Eastern, HSBC Life, Income, Prudential^, Singlife",English,GEH,
lee-bee-wah,Dr Lee Bee Wah,Female,Paediatric Medicine,Paediatrician,ME|MEH,,1978,qual,48,70+,1,The Child And Allergy Clinic,Mount Elizabeth Medical Centre (3 Mount Elizabeth),MEH,True,,,,,,,,"English, Mandarin",ME,73
lee-boon-leng-kevin,Dr Lee Boon Leng Kevin,Male,Orthopaedic Surgery,Orthopaedic Surgeon,ME|MEH|MNH|PEH,Mount Elizabeth Hospital|Parkway East Hospital,1996,text_grad,30,50-59,3,Pinnacle Orthopaedic & Sports Centre (Orchard) || Pinnacle Orthopaedic & Sports Centre (East) || Pinnacle Orthopaedic & Sports Centre (Novena),Mount Elizabeth Medical Centre (3 Mount Elizabeth) || Mount Elizabeth Novena Specialist Centre (38 Irrawaddy Rd) || Parkway East Medical Centre (319 Joo Chiat Pl),MEH|MNH|PEH,True,Foundation Healthcare,Foundation Healthcare,Foundation Healthcare,Foundation Healthcare,,,"AIA, Great Eastern, HSBC Life, Income, Prudential^, Singlife","Bahasa Indonesia, English, Hokkien, Mandarin, Teochew",PEH,55
lee-chee-siang-bernard,Dr Lee Chee Siang Bernard,Male,Orthopaedic Surgery,Orthopaedic Surgeon,GEH|ME|MNH,Gleneagles Hospital,,,,,2,SportsIN Orthopaedic Clinic || SportsIn Orthopaedic Clinic (Novena),Gleneagles Medical Centre (6 Napier Rd) || Mount Elizabeth Novena Specialist Centre (38 Irrawaddy Rd),GEH|MNH,True,,,,,,,"AIA, Great Eastern, HSBC Life, Income, Prudential^, Singlife","Bahasa Indonesia, English, Hokkien, Malay, Mandarin",GEH,
lee-chee-wan,Dr Lee Chee Wan,Male,Cardiology,Cardiologist,ME|MEH,Mount Elizabeth Hospital,1998,text_grad,28,50-59,1,Cardiac Centre International,Mount Elizabeth Medical Centre (3 Mount Elizabeth),MEH,True,Singapore Medical Group (SMG),,Thomson Medical,Singapore Medical Group (SMG),Thomson Medical,,"AIA, Great Eastern, HSBC Life, Income, Prudential^, Singlife","English, Malay, Mandarin",ME,53
lee-cheng-kiang,Dr Lee Cheng Kiang,Male,Neurosurgery,Neurosurgeon,ME|MNH,Mount Elizabeth Hospital,2000,text_grad,26,50-59,1,Brain Spine Practice,Mount Elizabeth Novena Specialist Centre (38 Irrawaddy Rd),MNH,True,,,,,,,"AIA, Great Eastern, HSBC Life, Income, Prudential^","English, Mandarin",ME,51
lee-cheng-marilyn,Dr Lee Cheng Marilyn,Female,Endocrinology,Endocrinologist,ME|MNH,Mount Elizabeth Novena Hospital,,,,,1,Marilyn Lee Endocrine & Medical Clinic,Mount Elizabeth Novena Specialist Centre (38 Irrawaddy Rd),MNH,True,,,,,,,"AIA, Income","English, Mandarin",ME,
lee-cheow-yew-julian,Dr Lee Cheow Yew Julian,Male,Otorhinolaryngology / ENT,Otorhinolaryngologist,ME|MNH,Mount Elizabeth Novena Hospital,2005,text_grad,21,40-49,1,Julian Lee Ear Nose Throat Specialist,Mount Elizabeth Novena Specialist Centre (38 Irrawaddy Rd),MNH,True,,,,,,,Prudential^,"Bahasa Indonesia, Cantonese, English, Hokkien, Mandarin, Teochew",ME,46
lee-chin-li,Dr Lee Chin Li,Male,General Surgery,General Surgeon,GEH|ME|MEH,Gleneagles Hospital,2007,qual,19,40-49,2,Lee Surgery and Endoscopy Pte Ltd || KYM Surgery @ Orchard,Gleneagles Medical Centre (6 Napier Rd) || Mount Elizabeth Medical Centre (3 Mount Elizabeth),GEH|MEH,True,,,Thomson Medical,,Thomson Medical,,"AIA, Great Eastern, HSBC Life, Income, Prudential^","Cantonese, English, Hokkien, Malay, Mandarin",GEH,44
lee-chin-piaw,Dr Lee Chin Piaw,Male,Ophthalmology,Ophthalmologist,ME|MEH,,,,,,1,C P Lee Eye Centre,Mount Elizabeth Medical Centre (3 Mount Elizabeth),MEH,True,,,,,,,,English,ME,
lee-chong-hwa-james,Dr Lee Chong Hwa James,Male,Orthopaedic Surgery,Orthopaedic Surgeon,GEH,,,,,,1,James Lee Orthopaedic Surgery,Gleneagles Medical Centre (6 Napier Rd),GEH,True,,,,,,,"Prudential^, Singlife",English,GEH,
lee-chuen-peng,Dr Lee Chuen Peng,Male,Intensive Care Medicine,Respiratory Physician,GEH|ME|MEH|MNH|PEH,Mount Elizabeth Novena Hospital,2006,text_years,20,40-49,4,The Respiratory Practice || O2 Lung Centre || The Respiratory Practice || The Respiratory Practice,Gleneagles Medical Centre (6 Napier Rd) || Mount Elizabeth Medical Centre (3 Mount Elizabeth) || Mount Elizabeth Novena Specialist Centre (38 Irrawaddy Rd) || Parkway East Medical Centre (319 Joo Chiat Pl),GEH|MEH|MNH|PEH,True,OUE Healthcare / Healthway,,Thomson Medical,OUE Healthcare / Healthway,Thomson Medical,,"Great Eastern, HSBC Life, Prudential^, Singlife","English, Hokkien, Mandarin",PEH,45
lee-chun-tsu,Dr Lee Chun Tsu,Male,Haematology,Haematologist,GEH|ME|MNH,Gleneagles Hospital|Mount Elizabeth Novena Hospital,,,,,2,Centre for Clinical Haematology || Centre for Clinical Haematology,Gleneagles Hospital Annexe (6A Napier Rd) || Mount Elizabeth Novena Specialist Centre (38 Irrawaddy Rd),GEH|MNH,True,,,Thomson Medical,,Thomson Medical,,"AIA, Great Eastern, HSBC Life, Income, Prudential^, Singlife","Cantonese, English, Hokkien, Malay, Mandarin",GEH,
lee-chung-horn,Dr Lee Chung Horn,Male,Endocrinology,Endocrinologist,GEH,,,,,,1,Lee Chung Horn Diabetes & Endocrinology,Gleneagles Medical Centre (6 Napier Rd),GEH,True,,,,,,,,English,GEH,
lee-ee-lian,Dr Lee Ee Lian,Female,Psychiatry,Psychiatrist,ME|MNH,Mount Elizabeth Novena Hospital,1985,qual,41,60-69,1,Fones Clinic,Mount Elizabeth Novena Specialist Centre (38 Irrawaddy Rd),MNH,True,,,,,,,,"English, Hainanese, Mandarin",ME,66
lee-eu-jin,Dr Lee Eu Jin,Male,Orthopaedic Surgery,Orthopaedic Surgeon,ME|MEH,Mount Elizabeth Hospital,2002,text_grad,24,40-49,1,Liberty Orthopaedic Clinic Pte Ltd,Mount Elizabeth Medical Centre (3 Mount Elizabeth),MEH,True,,,,,,,"Great Eastern, HSBC Life, Prudential^, Singlife","English, Mandarin",ME,49
lee-fang-jann,Dr Lee Fang Jann,Male,Urology,Urologist,ME|MEH,,2021,qual,5,<40,1,URODOC,Mount Elizabeth Medical Centre (3 Mount Elizabeth),MEH,True,,,Thomson Medical,,Thomson Medical,,"Great Eastern, HSBC Life, Income, Prudential^, Singlife",English,ME,30
lee-guek-eng,Dr Lee Guek Eng,Female,Medical Oncology,Medical Oncologist,GEH|ME|MNH,Gleneagles Hospital,,,,,2,Icon Cancer Centre Gleneagles || Icon Cancer Centre Novena,Gleneagles Medical Centre (6 Napier Rd) || Mount Elizabeth Novena Specialist Centre (38 Irrawaddy Rd),GEH|MNH,True,Icon Group,Icon Group,Icon Cancer Centre Singapore,Icon Group,,,"AIA, Great Eastern, HSBC Life, Income, Prudential^, Singlife",English,GEH,
lee-hanjing,Dr Lee Hanjing,Female,Plastic Surgery,Plastic Surgeon,PEH,,,,,,1,The Surgical Specialists Clinic,Parkway East Medical Centre (319 Joo Chiat Pl),PEH,True,,,,,,,"AIA, Great Eastern, HSBC Life, Prudential^, Singlife",English,PEH,
lee-haw-chou,Dr Lee Haw Chou,Male,Orthopaedic Surgery,Orthopaedic Surgeon,ME|MNH,Mount Elizabeth Novena Hospital,1998,text_grad,28,50-59,1,Synergy Orthopaedic Group,Mount Elizabeth Novena Specialist Centre (38 Irrawaddy Rd),MNH,True,,,Thomson Medical,,Thomson Medical,,"AIA, Great Eastern, HSBC Life, Prudential^",English,ME,53
lee-hui-jing-helena,Dr Lee Hui Jing Helena,Female,Periodontology,Periodontist,ME|MEH,,,,,,1,Specialist Dental Group,Mount Elizabeth Medical Centre (3 Mount Elizabeth),MEH,True,Specialist Dental Group,,,Specialist Dental Group,,,,"English, Hokkien, Mandarin, Teochew",ME,
lee-hui-min-daphne,Dr Lee Hui Min Daphne,Female,Endocrinology,Endocrinologist,GEH|ME|MNH,Mount Elizabeth Novena Hospital,,,,,2,Dr Daphne Lee Endocrine And Diabetes Medical Clinic || Dr Daphne Lee Endocrine And Diabetes Medical Clinic,Gleneagles Medical Centre (6 Napier Rd) || Mount Elizabeth Medical Centre (3 Mount Elizabeth),GEH|MEH,True,,,,,,,"HSBC Life, Prudential^, Singlife","English, Mandarin",GEH,
lee-hung-ming,Dr Lee Hung Ming,Male,Ophthalmology,Ophthalmologist,GEH|ME|MEH|PEH,Gleneagles Hospital,,,,,2,Asia Pacific Eye Centre || Parkway MediCentre (The Woodleigh Mall),Gleneagles Hospital Annexe (6A Napier Rd) || Parkway MediCentre (IHH community clinic),GEH|IHH-community,True,ISEC Healthcare (Aier),,,ISEC Healthcare (Aier),,also at Parkway MediCentre,"Great Eastern, HSBC Life, Prudential^, Singlife",English,PEH,
lee-jin-keat-daniel,Dr Lee Jin Keat Daniel,Male,General Surgery,General Surgeon,GEH|ME|MNH|PEH,Mount Elizabeth Novena Hospital,,,,,3,Colorectal Clinic Associates || Colorectal Clinic Associates || Colorectal Clinic Associates,Gleneagles Medical Centre (6 Napier Rd) || Mount Elizabeth Novena Specialist Centre (38 Irrawaddy Rd) || Parkway East Medical Centre (319 Joo Chiat Pl),GEH|MNH|PEH,True,Foundation Healthcare,Foundation Healthcare,Foundation Healthcare,Foundation Healthcare,,,"AIA, Great Eastern, HSBC Life, Prudential^","English, Malay, Mandarin",PEH,
lee-kam-yiu-timothy,Dr Lee Kam-Yiu Timothy,Male,Neurosurgery,Neurosurgeon,GEH,,,,,,1,The Brain And Spine Clinic,Gleneagles Hospital Annexe (6A Napier Rd),GEH,True,,,,,,,"AIA, Great Eastern, HSBC Life, Prudential^, Singlife",English,GEH,
lee-keat-hong,Dr Lee Keat Hong,Male,Gastroenterology,Gastroenterologist,ME|MEH|MNH,Mount Elizabeth Novena Hospital,2005,qual,21,40-49,2,AliveoMedical || AliveoMedical,Mount Elizabeth Medical Centre (3 Mount Elizabeth) || Mount Elizabeth Novena Specialist Centre (38 Irrawaddy Rd),MEH|MNH,True,,Foundation Healthcare,Foundation Healthcare|Thomson Medical,Foundation Healthcare,Thomson Medical,,"AIA, Great Eastern, HSBC Life, Income, Prudential^, Singlife","Cantonese, English, Hokkien, Malay, Mandarin",ME,46
lee-khai-pin,Dr Lee Khai Pin,Male,Paediatric Medicine,Paediatrician,PEH,Parkway East Hospital,2006,text_years,20,40-49,1,Paediatrics Urgent Care Centre,Parkway East Hospital (321 Joo Chiat Pl),PEH,True,,,,,,,"Income, Prudential^","English, Mandarin",PEH,45
lee-kheng-hin,Dr Lee Kheng Hin,Male,Neurosurgery,Neurosurgeon,GEH,,1975,text_grad,51,70+,1,KH Lee Neurological Surgery,Gleneagles Medical Centre (6 Napier Rd),GEH,True,,,,,,,"Great Eastern, Income, Prudential^, Singlife",English,GEH,76
lee-kiat-siong-arthur,Dr Lee Kiat Siong Arthur,Male,Psychiatry,Psychiatrist,GEH,Gleneagles Hospital,,,,,1,Dr Art Lee Psych & Counseling Clinic,Gleneagles Medical Centre (6 Napier Rd),GEH,True,,,,,,,,"Bahasa Indonesia, English, Mandarin",GEH,
lee-kim-en,Dr Lee Kim En,Male,Neurology,Neurologist,ME|MEH,Mount Elizabeth Hospital,1993,text_grad,33,50-59,1,Lee Kim En Neurology Pte Ltd,Mount Elizabeth Medical Centre (3 Mount Elizabeth),MEH,True,,,,,,,,"Cantonese, English, Hakka, Hokkien, Mandarin, Teochew",ME,58
lee-kim-shang,Dr Lee Kim Shang,Male,Radiation Oncology,Radiation Oncologist,GEH|ME|MEH|MNH,Mount Elizabeth Hospital,1985,text_grad,41,60-69,3,Mount Elizabeth Oncology Centre || Radiation Oncology Centre || Radiation Oncology Centre,Gleneagles Hospital Annexe (6A Napier Rd) || Mount Elizabeth Medical Centre (3 Mount Elizabeth) || Mount Elizabeth Novena Specialist Centre (38 Irrawaddy Rd),GEH|MEH|MNH,True,,,,,,,"AIA, Great Eastern, HSBC Life, Income, Prudential^, Singlife","Cantonese, English, Hokkien, Mandarin",GEH,66
lee-king-chien-joe,Dr Joe Lee King Chien,Male,Urology,Urologist,GEH|ME|MNH,Gleneagles Hospital|Mount Elizabeth Novena Hospital,2006,text_years,20,40-49,2,S H Ho Urology and Laparoscopy Centre (Gleneagles) || Asian Healthcare Specialists (Novena),Gleneagles Medical Centre (6 Napier Rd) || Mount Elizabeth Novena Specialist Centre (38 Irrawaddy Rd),GEH|MNH,True,Doctor Anywhere / AHS,,Thomson Medical,Doctor Anywhere / AHS,Thomson Medical,,"Great Eastern, Prudential^, Singlife","Cantonese, English, Mandarin",GEH,45
lee-kok-keong-raymond,Dr Lee Kok Keong Raymond,Male,Cardiology,Cardiologist,GEH|ME|MEH|MNH,Mount Elizabeth Novena Hospital,1991,text_grad,35,60-69,3,Novena Heart Centre || Novena Heart Centre || Novena Heart Centre,Gleneagles Medical Centre (6 Napier Rd) || Mount Elizabeth Medical Centre (3 Mount Elizabeth) || Mount Elizabeth Novena Specialist Centre (38 Irrawaddy Rd),GEH|MEH|MNH,True,Tamarind Health,,,Tamarind Health,,,"AIA, Great Eastern, HSBC Life, Income, Prudential^, Singlife","Bahasa Indonesia, Cantonese, English, Mandarin",GEH,60
lee-kuo-ann,Dr Lee Kuo Ann,Male,Radiation Oncology,Radiation Oncologist,GEH|ME|MEH|MNH,Mount Elizabeth Novena Hospital,1996,text_grad,30,50-59,3,Radiation Oncology Centre || Radiation Oncology Centre || Radiation Oncology Centre,"Gleneagles Hospital Annexe (6A Napier Rd) || Mount Elizabeth Novena Specialist Centre (38 Irrawaddy Rd) || Other: Mount Elizabeth Hospital 3, Level 2 Mount Elizabeth Hospital SG 228510",GEH|MNH|other,True,,Tamarind Health,Tamarind Health - Parkway Cancer Centre / TalkMed,Tamarind Health,,,"AIA, Great Eastern, HSBC Life, Income, Prudential^, Singlife","English, Mandarin",GEH,55
lee-kuok-chung,Dr Lee Kuok Chung,Male,General Surgery,General Surgeon,GEH|ME|MEH|PEH,Mount Elizabeth Hospital,2005,qual,21,40-49,3,Crest Surgical Practice || Crest Surgical Practice || Crest Surgical Practice,Gleneagles Medical Centre (6 Napier Rd) || Mount Elizabeth Medical Centre (3 Mount Elizabeth) || Parkway East Medical Centre (319 Joo Chiat Pl),GEH|MEH|PEH,True,,,,,,,"Great Eastern, HSBC Life, Prudential^, Singlife","Cantonese, English, Hokkien, Malay, Mandarin",PEH,46
lee-kwang-ti,Dr Lee Kwang Ti,Male,Anaesthesiology,Anaesthesiologist,ME|MEH|MNH,,,,,,2,T.A. Medical Pte Ltd || Integrative Pain Centre,Mount Elizabeth Medical Centre (3 Mount Elizabeth) || Mount Elizabeth Novena Specialist Centre (38 Irrawaddy Rd),MEH|MNH,True,,,,,,,,English,ME,
lee-lih-charn,Dr Lee Lih Charn,Female,Obstetrics & Gynaecology,Obstetrician & Gynaecologist,ME|MNH,,2006,text_years,20,40-49,1,LC Lee Urogynae Centre,Mount Elizabeth Novena Specialist Centre (38 Irrawaddy Rd),MNH,True,,,Thomson Medical,,Thomson Medical,,"AIA, Great Eastern, HSBC Life, Income, Prudential^",English,ME,45
lee-lip-seng,Dr Lee Lip Seng,Male,General Surgery,General Surgeon,ME|MNH|PEH,Mount Elizabeth Novena Hospital,2005,qual,21,40-49,2,LS Lee Surgery || The Surgical Specialists Clinic,Mount Elizabeth Novena Specialist Centre (38 Irrawaddy Rd) || Parkway East Medical Centre (319 Joo Chiat Pl),MNH|PEH,True,HC Surgical Specialists,HC Surgical Specialists,HC Surgical Specialists,HC Surgical Specialists,,,"Great Eastern, HSBC Life, Prudential^, Singlife","Cantonese, English, Hokkien, Malay, Mandarin",PEH,46
lee-mun-kam-bernard,Dr Lee Mun Kam Bernard,Male,Anaesthesiology,Anaesthesiologist,ME|MEH|MNH,Mount Elizabeth Novena Hospital,2006,text_years,20,40-49,2,Singapore PainCare Center || Paincare Center,Mount Elizabeth Medical Centre (3 Mount Elizabeth) || Paragon Medical (290 Orchard Rd),MEH|Orchard-other,True,Singapore Paincare,,,Singapore Paincare,,,"Income, Prudential^","Bahasa Indonesia, Cantonese, English, Hokkien, Mandarin",ME,45
lee-pheng-hui-brian,Dr Lee Pheng Hui Brian,Male,Orthopaedic Surgery,Orthopaedic Surgeon,ME|MEH|MNH,Mount Elizabeth Hospital,1986,qual,40,60-69,2,Orthopaedic Associates Medical Group Ptd. Ltd. || Orthopaedic Associates Medical Group Ptd. Ltd.,Mount Elizabeth Medical Centre (3 Mount Elizabeth) || Mount Elizabeth Novena Specialist Centre (38 Irrawaddy Rd),MEH|MNH,True,Foundation Healthcare,Foundation Healthcare,Foundation Healthcare,Foundation Healthcare,,,"AIA, Great Eastern, HSBC Life, Prudential^","Bahasa Indonesia, English, Hokkien, Mandarin",ME,65
lee-piao-jarrod,Dr Lee Piao Jarrod,Male,Gastroenterology,Gastroenterologist,GEH|ME|MEH|MNH|PEH,Gleneagles Hospital|Mount Elizabeth Hospital|Parkway East Hospital,1998,text_grad,28,50-59,4,GUTCARE || GUTCARE || GUTCARE || GUTCARE,Gleneagles Medical Centre (6 Napier Rd) || Mount Elizabeth Medical Centre (3 Mount Elizabeth) || Mount Elizabeth Novena Specialist Centre (38 Irrawaddy Rd) || Parkway East Medical Centre (319 Joo Chiat Pl),GEH|MEH|MNH|PEH,True,gutCARE,,,gutCARE,,,"AIA, Great Eastern, HSBC Life, Income, Prudential^, Singlife","English, Mandarin",PEH,53
lee-puay-hoon-julinda,Dr Lee Puay Hoon Julinda,Female,Obstetrics & Gynaecology,Obstetrician & Gynaecologist,ME|MEH,,1995,qual,31,50-59,1,Wellness & Gynaecology Centre,Paragon Medical (290 Orchard Rd),Orchard-other,False,,,,,,,,English,ME,56
lee-say-kiat,Dr Lee Say Kiat,Male,Anaesthesiology,Anaesthesiologist,ME|MEH,,,,,,1,Specialist Anaesthesia Services Pte Ltd,Mount Elizabeth Medical Centre (3 Mount Elizabeth),MEH,True,,,Thomson Medical,,Thomson Medical,,,English,ME,
lee-ser-yee,Dr Lee Ser Yee,Male,General Surgery,General Surgeon,GEH|ME|MEH,Mount Elizabeth Hospital,2001,qual,25,50-59,2,Surgical Associates || Surgical Associates,Gleneagles Medical Centre (6 Napier Rd) || Mount Elizabeth Medical Centre (3 Mount Elizabeth),GEH|MEH,True,,,Thomson Medical,,Thomson Medical,,"AIA, HSBC Life, Income, Prudential^, Singlife","English, Hokkien, Mandarin",GEH,50
lee-shao-guang-sheldon,Dr Lee Shao Guang Sheldon,Male,Cardiology,Cardiologist,ME|MEH|PEH,Mount Elizabeth Hospital,2006,text_years,20,40-49,2,Orchard Heart Specialist Clinic || Orchard Heart Specialist Pte Ltd,Mount Elizabeth Medical Centre (3 Mount Elizabeth) || Parkway East Medical Centre (319 Joo Chiat Pl),MEH|PEH,True,,,,,,,"HSBC Life, Prudential^, Singlife","Cantonese, English, Hokkien, Mandarin, Teochew",PEH,45
lee-shermin,Dr Lee Shermin,Female,Oral & Maxillofacial Surgery,Oral and Maxillofacial Surgeon,GEH|ME|MEH,,,,,,2,Mount Elizabeth Dental Surgery || Tang Dental Group,Gleneagles Medical Centre (6 Napier Rd) || Mount Elizabeth Medical Centre (3 Mount Elizabeth),GEH|MEH,True,,,,,,,,English,GEH,
lee-shu-jin,Dr Lee Shu Jin,Female,Plastic Surgery,Plastic Surgeon,ME|MEH,,,,,,1,Plastic Surgery By S J Lee,Mount Elizabeth Medical Centre (3 Mount Elizabeth),MEH,True,,,,,,,"AIA, Income, Prudential^",English,ME,
lee-shu-xian-joanne,Dr Lee Shu Xian Joanne,Female,Haematology,Haematologist,GEH|ME|MNH,Mount Elizabeth Novena Hospital,,,,,2,Centre for Clinical Haematology || Centre for Clinical Haematology,Gleneagles Hospital Annexe (6A Napier Rd) || Mount Elizabeth Novena Specialist Centre (38 Irrawaddy Rd),GEH|MNH,True,,,Thomson Medical,,Thomson Medical,,"AIA, Great Eastern, HSBC Life, Income, Prudential^, Singlife","English, Mandarin",GEH,
lee-shu-yen,Dr Lee Shu Yen,Female,Ophthalmology,Ophthalmologist,ME|MEH,Mount Elizabeth Hospital,2001,text_years,25,50-59,1,Advanced Eye Clinic and Surgery,Mount Elizabeth Medical Centre (3 Mount Elizabeth),MEH,True,,,Thomson Medical,,Thomson Medical,,Prudential^,"English, Hokkien, Malay, Mandarin, Teochew",ME,50
lee-siew-hua,Dr Lee Siew Hua,Male,Prosthodontics,Prosthodontist,ME|MEH,,,,,,1,Lee Siew Hua Dental Surgery Pte Ltd,Mount Elizabeth Medical Centre (3 Mount Elizabeth),MEH,True,,,,,,,,English,ME,
lee-sook-ling-michele,Dr Lee Sook Ling Michele,Female,Obstetrics & Gynaecology,Obstetrician & Gynaecologist,ME|MEH,Mount Elizabeth Hospital,,,,,1,Lee Women's Clinic & Surgery,Lucky Plaza (304 Orchard Rd),Orchard-other,False,,,Thomson Medical,,Thomson Medical,,"AIA, Prudential^","English, Mandarin",ME,
lee-tau-hong,Dr Lee Tau Hong,Male,Infectious Diseases,Infectious Disease Physician,ME|MEH,,,,,,1,Infectious Diseases Care Pte Ltd,Mount Elizabeth Medical Centre (3 Mount Elizabeth),MEH,True,,,Thomson Medical,,Thomson Medical,,,"English, Mandarin",ME,
lee-tswen-wen-victor,Dr Lee Tswen Wen Victor,Male,General Surgery,General Surgeon,GEH|ME|MEH,Gleneagles Hospital,2014,text_grad,12,<40,2,Digestive & Liver Surgery (Orchard) || Digestive & Liver Surgery (Gleneagles),Gleneagles Medical Centre (6 Napier Rd) || Mount Elizabeth Medical Centre (3 Mount Elizabeth),GEH|MEH,True,,,Thomson Medical,,Thomson Medical,,"HSBC Life, Prudential^, Singlife","Bahasa Indonesia, English, Mandarin",GEH,37
lee-tze-wee,Dr Lee Tze Wee,Male,Intensive Care Medicine,Anaesthesiologist,ME|MEH|MNH,,,,,,2,Integrative Critical Care Anaesthesia & Pain Services Pte Ltd || Integrative Critical Care Anaesthesia & Pain Services,Mount Elizabeth Medical Centre (3 Mount Elizabeth) || Mount Elizabeth Novena Specialist Centre (38 Irrawaddy Rd),MEH|MNH,True,,,,,,,,"English, Hokkien, Mandarin, Teochew",ME,
lee-wei-hong,Dr Lee Wei Hong,Male,Obstetrics & Gynaecology,Obstetrician & Gynaecologist,ME|MEH,,,,,,1,The LWH Clinic,Paragon Medical (290 Orchard Rd),Orchard-other,False,,,,,,,,English,ME,
lee-weng-soon-james,Dr Lee Weng Soon James,Male,Obstetrics & Gynaecology,Obstetrician & Gynaecologist,ME|MNH,,2004,text_grad,22,40-49,1,Astra Women's Specialists,Mount Elizabeth Novena Specialist Centre (38 Irrawaddy Rd),MNH,True,Singapore Medical Group (SMG),,Thomson Medical,Singapore Medical Group (SMG),Thomson Medical,,"AIA, Great Eastern, HSBC Life, Income, Prudential^, Singlife","Cantonese, English, Hokkien, Mandarin",ME,47
lee-yee-mun,Dr Lee Yee Mun,Male,Urology,Urologist,ME|MEH|MNH,Mount Elizabeth Hospital|Parkway East Hospital,1992,qual,34,50-59,2,Nexus Surgical Associates Pte Ltd || Nexus Surgical Associates Pte Ltd,Mount Elizabeth Medical Centre (3 Mount Elizabeth),MEH,True,Foundation Healthcare,Foundation Healthcare,Foundation Healthcare|Thomson Medical,Foundation Healthcare,Thomson Medical,,"AIA, Great Eastern, HSBC Life, Income, Prudential^, Singlife","Cantonese, English, Malay, Mandarin",ME,59
lee-yeow-hian,Dr Lee Yeow Hian,Male,Respiratory Medicine,Respiratory Physician,ME|MNH,Mount Elizabeth Novena Hospital,1997,text_grad,29,50-59,1,Lee Respiratory and Sleep Clinic,Mount Elizabeth Novena Specialist Centre (38 Irrawaddy Rd),MNH,True,,,,,,,"AIA, Great Eastern, HSBC Life, Income, Prudential^, Singlife",English,ME,54
lee-yew-chung-peter,Dr Lee Yew Chung Peter,Male,Orthopaedic Surgery,Orthopaedic Surgeon,ME|MNH|PEH,Mount Elizabeth Hospital,2006,text_years,20,40-49,2,Bone Island Children's Clinic || Bone Island Children's Clinic,Mount Elizabeth Novena Specialist Centre (38 Irrawaddy Rd) || Parkway East Medical Centre (319 Joo Chiat Pl),MNH|PEH,True,,,,,,,"AIA, Great Eastern, Prudential^, Singlife","English, Mandarin",PEH,45
lee-yi-liang-jonathan,Dr Lee Yi-Liang Jonathan,Male,Hand Surgery,Hand Surgeon,ME|MEH,Mount Elizabeth Hospital|Parkway East Hospital,1995,qual,31,50-59,1,"Dr Jonathan Lee Hand, Wrist and Upper Limb Surgery",Mount Elizabeth Medical Centre (3 Mount Elizabeth),MEH,True,,,,,,,"AIA, HSBC Life, Prudential^, Singlife",English,ME,56
lee-yoon-chiang-kelvin,Dr Lee Yoon Chiang Kelvin,Male,Ophthalmology,Ophthalmologist,ME|MEH|MNH|PEH,Mount Elizabeth Hospital|Parkway East Hospital,2000,qual,26,50-59,3,Eagle Eye Centre || Eagle Eye Centre || Eagle Eye Centre,Mount Elizabeth Medical Centre (3 Mount Elizabeth) || Mount Elizabeth Novena Specialist Centre (38 Irrawaddy Rd) || Parkway East Medical Centre (319 Joo Chiat Pl),MEH|MNH|PEH,True,HMI Medical,,,HMI Medical,,,"AIA, Great Eastern, HSBC Life, Income, Prudential^, Singlife","English, Mandarin",PEH,51
lee-yuh-shan,Dr Lee Yuh Shan,Male,Haematology,Haematologist,GEH|ME|MNH,Gleneagles Hospital|Mount Elizabeth Novena Hospital,,,,,2,Parkway Cancer Centre || Parkway Cancer Centre,Gleneagles Hospital Annexe (6A Napier Rd) || Mount Elizabeth Novena Specialist Centre (38 Irrawaddy Rd),GEH|MNH,True,Tamarind Health,Tamarind Health,Tamarind Health - Parkway Cancer Centre / TalkMed,Tamarind Health,,,"AIA, Great Eastern, HSBC Life, Income, Prudential^, Singlife","English, Hokkien, Malay, Mandarin",GEH,
leo-kah-woon,Dr Leo Kah Woon,Male,Plastic Surgery,Plastic Surgeon,ME|MEH,,,,,,1,Dr Leo Aesthetic Plastic & Reconstructive Surgery,Mount Elizabeth Medical Centre (3 Mount Elizabeth),MEH,True,,,,,,,,English,ME,
leo-pien-ming,Dr Leo Pien Ming,Male,Orthopaedic Surgery,Orthopaedic Surgeon,ME|MNH,Mount Elizabeth Novena Hospital,,,,,1,ORTHOSPORTS Orthopaedic Surgery & Sports Medicine,Mount Elizabeth Novena Specialist Centre (38 Irrawaddy Rd),MNH,True,,,Thomson Medical,,Thomson Medical,,"Great Eastern, HSBC Life, Prudential^, Singlife","English, Mandarin",ME,
leo-seo-wei,Dr Leo Seo Wei,Female,Ophthalmology,Ophthalmologist,ME|MEH,Mount Elizabeth Hospital,1996,text_grad,30,50-59,1,Dr Leo Adult & Paediatric Eye Specialist Pte Ltd,Mount Elizabeth Medical Centre (3 Mount Elizabeth),MEH,True,,,Thomson Medical,,Thomson Medical,,"AIA, Great Eastern, HSBC Life, Income, Prudential^, Singlife","Bahasa Indonesia, Cantonese, English, Hokkien, Japanese, Mandarin, Teochew",ME,55
leong-chuo-ren,Dr Leong Chuo Ren,Male,General Surgery,General Surgeon,ME|MNH,Mount Elizabeth Novena Hospital,2006,text_years,20,40-49,1,Novaflow Center for Vascular Health & Surgery,Mount Elizabeth Medical Centre (3 Mount Elizabeth),MEH,True,,,,,,,"Income, Prudential^","Cantonese, English, Hokkien, Malay, Mandarin",ME,45
leong-hoe-nam,Dr Leong Hoe Nam,Male,Infectious Diseases,Infectious Disease Physician,ME|MNH,Mount Elizabeth Novena Hospital,,,,,1,Rophi Clinic,Mount Elizabeth Novena Specialist Centre (38 Irrawaddy Rd),MNH,True,,,,,,,"AIA, HSBC Life, Income, Prudential^, Singlife","Bahasa Indonesia, Cantonese, English, Hokkien",ME,
leong-hoo-kwong,Dr Leong Hoo Kwong,Male,Otorhinolaryngology / ENT,Otorhinolaryngologist,GEH,,,,,,1,Nobel ENT Centre,Gleneagles Medical Centre (6 Napier Rd),GEH,True,OUE Healthcare / Healthway,,,OUE Healthcare / Healthway,,,"AIA, Great Eastern, HSBC Life, Income, Prudential^, Singlife",English,GEH,
leong-jack-min-daylene,Dr Leong Jack Min Daylene,Female,Periodontology,Periodontist,GEH|ME|MEH,Gleneagles Hospital|Mount Elizabeth Hospital,,,,,2,Specialist Dental Group || Specialist Dental Group,Gleneagles Medical Centre (6 Napier Rd) || Mount Elizabeth Medical Centre (3 Mount Elizabeth),GEH|MEH,True,Specialist Dental Group,,,Specialist Dental Group,,,,English,GEH,
leong-jern-lin,Dr Leong Jern-Lin,Male,Otorhinolaryngology / ENT,Otorhinolaryngologist,ME|MEH|PEH,,1993,qual,33,50-59,2,Ascent Ear Nose Throat Specialist Group || Ascent Ear Nose Throat SG East,Mount Elizabeth Medical Centre (3 Mount Elizabeth) || Parkway East Medical Centre (319 Joo Chiat Pl),MEH|PEH,True,,,Thomson Medical,,Thomson Medical,,"AIA, Prudential^, Singlife",English,PEH,58
leong-keng-hong,Dr Leong Keng Hong,Male,Rheumatology,Rheumatologist,GEH,Gleneagles Hospital,1983,text_grad,43,60-69,1,Leong K H Arthritis Medical Clinic,Gleneagles Medical Centre (6 Napier Rd),GEH,True,,,,,,,"HSBC Life, Prudential^",English,GEH,68
leong-kwai-san-leong-sebastian,Dr Leong Kwai San @ Leong Sebastian,Male,Gastroenterology,Gastroenterologist,GEH,,,,,,1,The Leong Gut & Liver Clinic Pte Ltd,Gleneagles Medical Centre (6 Napier Rd),GEH,True,,,,,,,,"Bahasa Indonesia, Cantonese, English, Hokkien, Mandarin, Teochew",GEH,
leong-kwok-wah,Dr Leong Kwok Wah,Male,Anaesthesiology,Anaesthesiologist,ME|MEH|MNH,,,,,,2,Integrative Critical Care Anaesthesia & Pain Services Pte Ltd || Anaesthesia and Intensive Care Services,Mount Elizabeth Medical Centre (3 Mount Elizabeth) || Mount Elizabeth Novena Specialist Centre (38 Irrawaddy Rd),MEH|MNH,True,,Foundation Healthcare,Foundation Healthcare|Thomson Medical,Foundation Healthcare,Thomson Medical,,,English,ME,
leong-see-odd,Dr Leong See Odd,Male,Renal Medicine,Renal Physician,GEH,,,,,,1,Kidney & Medical Centre,Gleneagles Medical Centre (6 Napier Rd),GEH,True,,,,,,,"AIA, Prudential^",English,GEH,
leong-sou-fong-rosslyn,Dr Leong Sou Fong Rosslyn,Female,Gastroenterology,Gastroenterologist,ME|MEH,,,,,,1,Medical & GE Clinic,Mount Elizabeth Medical Centre (3 Mount Elizabeth),MEH,True,,,,,,,,"Bahasa Indonesia, Cantonese, English, Hokkien, Mandarin, Teochew",ME,
leong-swan-swan,Dr Leong Swan Swan,Female,Medical Oncology,Medical Oncologist,GEH|ME|MEH|MNH,Mount Elizabeth Hospital,1996,text_years,30,50-59,4,OncoCare Cancer Centre || OncoCare Cancer Centre || Oncocare Cancer Centre || OncoCare Cancer Centre,Gleneagles Medical Centre (6 Napier Rd) || Mount Elizabeth Medical Centre (3 Mount Elizabeth),GEH|MEH,True,Tamarind Health,,,Tamarind Health,,,"AIA, Great Eastern, HSBC Life, Income, Prudential^, Singlife","Cantonese, English, Mandarin",GEH,55
leow-khang-leng,Dr Leow Khang Leng,Male,Cardiology,Cardiologist,GEH|ME|MNH,Mount Elizabeth Novena Hospital,,,,,2,Nobel Heart Centre || Nobel Heart Centre (Gleneagles Hospital),Gleneagles Hospital Annexe (6A Napier Rd) || Mount Elizabeth Novena Specialist Centre (38 Irrawaddy Rd),GEH|MNH,True,OUE Healthcare / Healthway,,,OUE Healthcare / Healthway,,,"AIA, Great Eastern, HSBC Life, Income, Prudential^, Singlife","English, Hokkien, Malay, Mandarin",GEH,
leslie-leong-chi-sern,Dr Leslie Leong Chi Sern,Male,Orthopaedic Surgery,Orthopaedic Surgeon,GEH|ME|MEH|MNH|PEH,Gleneagles Hospital,1991,text_grad,35,60-69,4,Orthopaedics International || Orthopaedics International || Orthopaedics International || Parkway MediCentre (The Woodleigh Mall),Gleneagles Hospital Annexe (6A Napier Rd) || Mount Elizabeth Medical Centre (3 Mount Elizabeth) || Mount Elizabeth Novena Specialist Centre (38 Irrawaddy Rd) || Parkway MediCentre (IHH community clinic),GEH|IHH-community|MEH|MNH,True,Orthopaedics International,,,Orthopaedics International,,also at Parkway MediCentre,"AIA, Great Eastern, HSBC Life, Income, Prudential^, Singlife",English,PEH,60
lew-ho-cheun-kian-leong-john,Dr Lew Ho Cheun Kian Leong John,Male,Intensive Care Medicine,Anaesthesiologist,ME|MEH,,,,,,2,Lew Anaesthesia Services Pte Ltd || Anaesthesia Unlimited,Mount Elizabeth Medical Centre (3 Mount Elizabeth),MEH,True,,,,,,,,"Bahasa Indonesia, Cantonese, English, Hokkien, Mandarin, Tamil, Teochew",ME,
li-yung-hua,Dr Li Yung Hua,Male,Orthopaedic Surgery,Orthopaedic Surgeon,ME|MEH|MNH,Mount Elizabeth Hospital|Mount Elizabeth Novena Hospital,1989,text_grad,37,60-69,2,Orthopaedic Associates Medical Group Ptd. Ltd. || Orthopaedic Associates Medical Group Ptd. Ltd.,Mount Elizabeth Medical Centre (3 Mount Elizabeth) || Mount Elizabeth Novena Specialist Centre (38 Irrawaddy Rd),MEH|MNH,True,Foundation Healthcare,Foundation Healthcare,Foundation Healthcare,Foundation Healthcare,,,"AIA, HSBC Life, Income, Prudential^, Singlife","English, Mandarin",ME,62
liang-te-shan,Dr Liang Te Shan,Male,Orthopaedic Surgery,Orthopaedic Surgeon,GEH|ME|MEH,Gleneagles Hospital,1982,text_grad,44,60-69,2,Orthopaedics International || Orthopaedics International,Gleneagles Hospital Annexe (6A Napier Rd) || Mount Elizabeth Medical Centre (3 Mount Elizabeth),GEH|MEH,True,Orthopaedics International,,,Orthopaedics International,,,"AIA, Great Eastern, HSBC Life, Income, Prudential^, Singlife","Bahasa Indonesia, Cantonese, English, Hokkien, Mandarin",GEH,69
liao-chin-yi,Dr Liao Chin-Yi,Female,Hand Surgery,Hand Surgeon,GEH|ME|MEH|MNH,Gleneagles Hospital,2009,text_grad,17,40-49,3,Island Orthopaedic Pte Ltd || Island Orthopaedic Pte Ltd || Island Orthopaedic Pte Ltd,Gleneagles Medical Centre (6 Napier Rd) || Mount Elizabeth Medical Centre (3 Mount Elizabeth) || Mount Elizabeth Novena Specialist Centre (38 Irrawaddy Rd),GEH|MEH|MNH,True,,,,,,,Prudential^,"English, Hokkien, Mandarin",GEH,42
liau-kui-hin,Dr Liau Kui Hin,Male,General Surgery,General Surgeon,ME|MNH,Mount Elizabeth Novena Hospital,1998,text_grad,28,50-59,1,LIAU KH Specialist Clinic,Mount Elizabeth Novena Specialist Centre (38 Irrawaddy Rd),MNH,True,,,,,,,Prudential^,"Bahasa Indonesia, Cantonese, English, Hakka, Hokkien, Malay, Mandarin",ME,53
lie-kwok-ying,Dr Lie Kwok Ying,Male,Urology,Urologist,GEH|ME|MNH|PEH,Gleneagles Hospital,2002,qual,24,40-49,3,Advanced Urology Associates Pte Ltd || Advanced Urology Associates Pte Ltd || Advanced Urology Associates Pte Ltd,Gleneagles Medical Centre (6 Napier Rd) || Mount Elizabeth Novena Specialist Centre (38 Irrawaddy Rd) || Parkway East Medical Centre (319 Joo Chiat Pl),GEH|MNH|PEH,True,HMI Medical,,,HMI Medical,,,"AIA, Great Eastern, HSBC Life, Prudential^","English, Mandarin",PEH,49
liew-boon-wah-matthew,Dr Liew Boon Wah (Matthew),Male,Cardiology,Cardiologist,ME|MNH|PEH,Mount Elizabeth Novena Hospital,2006,text_years,20,40-49,2,Asian Heart & Vascular Centre || Asian Heart & Vascular Centre,Mount Elizabeth Novena Specialist Centre (38 Irrawaddy Rd) || Parkway East Medical Centre (319 Joo Chiat Pl),MNH|PEH,True,,,,,,,"Great Eastern, HSBC Life, Income, Prudential^, Singlife","English, Hokkien, Mandarin",PEH,45
liew-choon-fong-stanley,Dr Liew Choon Fong Stanley,Male,Endocrinology,Endocrinologist,GEH|ME|MEH|PEH,Mount Elizabeth Hospital,1994,qual,32,50-59,2,Specialist Care Group || Parkway MediCentre (The Woodleigh Mall),Mount Elizabeth Medical Centre (3 Mount Elizabeth) || Parkway MediCentre (IHH community clinic),IHH-community|MEH,True,,,,,,also at Parkway MediCentre,"Great Eastern, HSBC Life, Prudential^, Singlife","Bahasa Indonesia, Cantonese, English, Hokkien, Malay, Mandarin",PEH,57
liew-choon-how-lewis,Dr Liew Choon How Lewis,Male,Urology,Urologist,GEH|ME|MNH|PEH,Gleneagles Hospital|Mount Elizabeth Novena Hospital,1992,text_grad,34,50-59,3,Advanced Urology Associates Pte Ltd || Advanced Urology Associates Pte Ltd || Advanced Urology Associates Pte Ltd,Gleneagles Medical Centre (6 Napier Rd) || Mount Elizabeth Novena Specialist Centre (38 Irrawaddy Rd) || Parkway East Medical Centre (319 Joo Chiat Pl),GEH|MNH|PEH,True,HMI Medical,,,HMI Medical,,,"AIA, Great Eastern, HSBC Life, Prudential^",English,PEH,59
liew-hui-min,Dr Liew Hui Min,Female,Dermatology,Dermatologist,GEH,,,,,,1,The Skin Drs. - H M Liew Dermatology,Gleneagles Medical Centre (6 Napier Rd),GEH,True,,,,,,,"AIA, Income, Prudential^, Singlife","Bahasa Indonesia, Cantonese, English, Hokkien, Mandarin",GEH,
liew-kay-choon-reginald,Dr Liew Kay Choon Reginald,Male,Cardiology,Cardiologist,GEH|ME|MEH|MNH,Gleneagles Hospital|Mount Elizabeth Hospital,,,,,3,The Harley Street Heart & Vascular Centre || The Harley Street Heart And Vascular Centre || The Harley Street Heart & Vascular Centre,Gleneagles Hospital Annexe (6A Napier Rd) || Mount Elizabeth Medical Centre (3 Mount Elizabeth) || Mount Elizabeth Novena Specialist Centre (38 Irrawaddy Rd),GEH|MEH|MNH,True,HMI Medical,,,HMI Medical,,,"AIA, HSBC Life, Prudential^, Singlife","Cantonese, English",GEH,
liew-kein-meng-wendy,Dr Liew Kein Meng Wendy,Female,Paediatric Medicine,Paediatrician,ME|MEH,Mount Elizabeth Hospital,2001,qual,25,50-59,1,Dr Wendy Liew Paediatric and Child Neurology Centre,Mount Elizabeth Medical Centre (3 Mount Elizabeth),MEH,True,,,Thomson Medical,,Thomson Medical,,"AIA, HSBC Life, Income, Prudential^",English,ME,50
liew-seng-teck-adrian,Dr Liew Seng Teck Adrian,Male,Renal Medicine,Renal Physician,ME|MNH,Mount Elizabeth Novena Hospital,,,,,1,The Kidney & Transplant Practice,Mount Elizabeth Medical Centre (3 Mount Elizabeth),MEH,True,,,,,,,"AIA, Great Eastern, HSBC Life, Income, Prudential^, Singlife","English, Japanese, Mandarin, Thai",ME,
liew-woei-kang,Dr Liew Woei Kang,Male,Paediatric Medicine,Paediatrician,ME|MNH,Mount Elizabeth Novena Hospital,2007,text_grad,19,40-49,1,Paediatric Allergy Immunology Rheumatology Centre,Mount Elizabeth Novena Specialist Centre (38 Irrawaddy Rd),MNH,True,,Foundation Healthcare,Foundation Healthcare|Thomson Medical,Foundation Healthcare,Thomson Medical,,"AIA, Great Eastern, HSBC Life, Income, Prudential^","English, Hokkien, Mandarin",ME,44
liew-yow-ming,Dr Liew Yow Ming,Male,Orthopaedic Surgery,Orthopaedic Surgeon,PEH,,1985,qual,41,60-69,1,YM Liew Orthopaedic Surgery Pte Ltd,Parkway East Medical Centre (319 Joo Chiat Pl),PEH,True,,,,,,,"AIA, HSBC Life, Income, Prudential^",English,PEH,66
lim-beng-hai,Dr Lim Beng Hai,Male,Hand Surgery,Hand Surgeon,ME|MEH,,1985,text_grad,41,60-69,2,Centre For Hand & Reconstructive Microsurgery || Centre For Hand & Reconstructive MicroSurgery,Mount Elizabeth Medical Centre (3 Mount Elizabeth) || Paragon Medical (290 Orchard Rd),MEH|Orchard-other,True,,,,,,,"AIA, Great Eastern, HSBC Life, Prudential^, Singlife",English,ME,66
lim-boon-leng,Dr Lim Boon Leng,Male,Psychiatry,Psychiatrist,GEH,,,,,,1,Dr BL Lim Centre For Psychological Wellness,Gleneagles Medical Centre (6 Napier Rd),GEH,True,,,,,,,,"Cantonese, English, Hokkien, Mandarin",GEH,
lim-boon-leng-kieron,Dr Lim Boon Leng Kieron,Male,Gastroenterology,Gastroenterologist,ME|MEH,Mount Elizabeth Hospital,,,,,1,Kieron Lim Gastroenterology,Mount Elizabeth Medical Centre (3 Mount Elizabeth),MEH,True,,,,,,,"AIA, Great Eastern, HSBC Life, Prudential^, Singlife","Bahasa Indonesia, English, Hokkien, Mandarin",ME,
lim-chee-chian,Dr Lim Chee Chian,Male,Gastroenterology,Gastroenterologist,GEH,Gleneagles Hospital,1986,text_grad,40,60-69,1,"Gut, Liver And Medical Clinic",Gleneagles Medical Centre (6 Napier Rd),GEH,True,,,,,,,,English,GEH,65
lim-chee-chong-lionel,Dr Lim Chee Chong Lionel,Male,Psychiatry,Psychiatrist,ME|MEH,,,,,,1,L P Clinic Pte Ltd,Mount Elizabeth Medical Centre (3 Mount Elizabeth),MEH,True,,,,,,,,"Bahasa Indonesia, Cantonese, English, Hokkien, Mandarin, Teochew",ME,
lim-cheok-peng,Dr Lim Cheok Peng,Male,Cardiology,Cardiologist,PEH,,1972,qual,54,70+,1,Clinic C P Lim Pte Ltd,Parkway East Medical Centre (319 Joo Chiat Pl),PEH,True,,,,,,,,English,PEH,79
lim-chin-chin-vivien,Dr Lim Chin Chin Vivien,Female,Endocrinology,Endocrinologist,GEH,Gleneagles Hospital,,,,,1,Vivien Lim Endocrinology Specialist Centre,Gleneagles Medical Centre (6 Napier Rd),GEH,True,,,,,,,"HSBC Life, Prudential^","Cantonese, English, Hakka, Hokkien, Mandarin, Teochew",GEH,
lim-chin-hock,Dr Lim Chin Hock,Male,Cardiology,Cardiologist,ME|MEH,Mount Elizabeth Hospital,1967,qual,59,70+,1,C H Lim Cardiology Clinic,Mount Elizabeth Medical Centre (3 Mount Elizabeth),MEH,True,,,,,,,,"Bahasa Indonesia, English, Hokkien, Mandarin",ME,84
lim-chin-tat,Dr Lim Chin Tat,Male,Orthopaedic Surgery,Orthopaedic Surgeon,GEH|ME|MEH|MNH,Mount Elizabeth Hospital,2004,qual,22,40-49,3,The Orthopaedic Practice and Surgery || The Orthopaedic Practice and Surgery || The Orthopaedic Practice and Surgery,Gleneagles Medical Centre (6 Napier Rd) || Mount Elizabeth Medical Centre (3 Mount Elizabeth) || Mount Elizabeth Novena Specialist Centre (38 Irrawaddy Rd),GEH|MEH|MNH,True,,,Thomson Medical,,Thomson Medical,,"AIA, Great Eastern, HSBC Life, Prudential^, Singlife","English, Hokkien, Malay, Mandarin, Teochew",GEH,47
lim-chong-hee,Dr Lim Chong Hee,Male,Cardiothoracic Surgery,Cardiothoracic Surgeon,ME|MEH|MNH,Mount Elizabeth Hospital,1990,text_grad,36,60-69,2,C H Lim Thoracic Cardiovascular Surgery || Novena Heart Centre,Mount Elizabeth Medical Centre (3 Mount Elizabeth) || Mount Elizabeth Novena Specialist Centre (38 Irrawaddy Rd),MEH|MNH,True,Tamarind Health,,,Tamarind Health,,,"Great Eastern, HSBC Life, Income, Prudential^","Cantonese, English, Malay, Mandarin",ME,61
lim-chong-sian,Dr Lim Chong Sian,Male,General Surgery,General Surgeon,GEH,Gleneagles Hospital|Parkway East Hospital,1985,text_grad,41,60-69,1,"CS Lim Colon, Rectum & General Surgery",Gleneagles Medical Centre (6 Napier Rd),GEH,True,,,Thomson Medical,,Thomson Medical,,"Prudential^, Singlife","Bahasa Indonesia, Cantonese, English, Hokkien, Mandarin, Teochew",GEH,66
lim-chong-teck,Dr Lim Chong Teck,Male,Otorhinolaryngology / ENT,Otorhinolaryngologist,GEH,,,,,,1,"Lim Ear, Nose & Throat Surgery",Gleneagles Medical Centre (6 Napier Rd),GEH,True,,,,,,,,English,GEH,
lim-choon-pin,Dr Lim Choon Pin,Male,Cardiology,Cardiologist,GEH|ME|MEH|MNH,Mount Elizabeth Hospital,2011,text_grad,15,40-49,3,The Heart & Vascular Centre (Novena) || The Heart And Vascular Centre || The Heart & Vascular Centre (Gleneagles),Gleneagles Medical Centre (6 Napier Rd) || Mount Elizabeth Medical Centre (3 Mount Elizabeth) || Mount Elizabeth Novena Specialist Centre (38 Irrawaddy Rd),GEH|MEH|MNH,True,,,,,,,"AIA, Great Eastern, HSBC Life, Income, Prudential^, Singlife","English, Hokkien, Mandarin, Teochew",GEH,40
lim-chun-leng-michael,Dr Lim Chun Leng Michael,Male,Cardiology,Cardiologist,ME|MNH,Mount Elizabeth Hospital,1984,text_grad,42,60-69,1,"Royal Healthcare Heart, Stroke & Cancer Centre",Royal Square at Novena (101 Irrawaddy Rd),Novena-other,False,Royal Healthcare (Sojitz),,,Royal Healthcare (Sojitz),,,,"Bahasa Indonesia, English, Malay, Mandarin, Teochew",ME,67
lim-chun-yih-paul,Dr Lim Chun Yih Paul,Male,Cardiology,Cardiologist,ME|MEH,Mount Elizabeth Hospital|Parkway East Hospital,2004,qual,22,40-49,1,The Heart Specialist Clinic,Mount Elizabeth Medical Centre (3 Mount Elizabeth),MEH,True,,,,,,,"Great Eastern, HSBC Life, Income, Prudential^, Singlife","English, Malay, Mandarin",ME,47
lim-ee-lin-sheri-lin-yiling-sheri,"Dr Lim Ee-Lin, Sheri (Lin Yiling, Sheri)",Female,Obstetrics & Gynaecology,Obstetrician & Gynaecologist,GEH,Gleneagles Hospital,,,,,1,Eden Women's Health Pte. Ltd.,Gleneagles Medical Centre (6 Napier Rd),GEH,True,,,Thomson Medical,,Thomson Medical,,"Prudential^, Singlife","English, Mandarin",GEH,
lim-george,Dr Lim George,Male,Intensive Care Medicine,Anaesthesiologist,ME|MEH,,,,,,1,Anaesthetic Associates Singapore,Mount Elizabeth Medical Centre (3 Mount Elizabeth),MEH,True,,,,,,,,"Bahasa Indonesia, Cantonese, English, Hokkien, Mandarin, Tamil, Teochew",ME,
lim-gordon,Dr Lim Gordon,Male,Obstetrics & Gynaecology,Obstetrician & Gynaecologist,GEH,Gleneagles Hospital,1975,qual,51,70+,1,Gordon Lim Clinic & Surgery For Women,Gleneagles Medical Centre (6 Napier Rd),GEH,True,,,,,,,"AIA, HSBC Life, Income, Prudential^, Singlife","Bahasa Indonesia, English, Hokkien, Mandarin",GEH,76
lim-heng-hing,Dr Lim Heng Hing,Male,Orthopaedic Surgery,Orthopaedic Surgeon,ME|MNH,,,,,,1,SSOC Novena,Mount Elizabeth Medical Centre (3 Mount Elizabeth),MEH,True,,,,,,,,English,ME,
lim-hong-liang,Dr Lim Hong Liang,Male,Medical Oncology,Medical Oncologist,ME|MEH|MNH,Mount Elizabeth Hospital,1986,qual,40,60-69,2,Parkway Cancer Centre || Parkway Cancer Centre,Mount Elizabeth Medical Centre (3 Mount Elizabeth) || Mount Elizabeth Novena Specialist Centre (38 Irrawaddy Rd),MEH|MNH,True,Tamarind Health,Tamarind Health,Tamarind Health - Parkway Cancer Centre / TalkMed,Tamarind Health,,,"AIA, Great Eastern, HSBC Life, Income, Prudential^, Singlife","Cantonese, English, Hokkien, Mandarin",ME,65
lim-hong-meng,Dr Lim Hong Meng,Male,Orthodontics,Orthodontist,ME|MEH,,,,,,1,Mount Elizabeth Orthodontic Clinic,Mount Elizabeth Medical Centre (3 Mount Elizabeth),MEH,True,,,,,,,,English,ME,
lim-hsien-jer,Dr Lim Hsien Jer,Female,Intensive Care Medicine,Anaesthesiologist,ME|MNH,,,,,,1,H J Lim Anaesthesia,Mount Elizabeth Novena Specialist Centre (38 Irrawaddy Rd),MNH,True,,,,,,,,"English, Mandarin",ME,
lim-hsueh-yee-lynne,Dr Lim Hsueh Yee Lynne,Female,Otorhinolaryngology / ENT,Otorhinolaryngologist,ME|MEH,Mount Elizabeth Hospital,1992,text_grad,34,50-59,1,Lynne Lim ENT Head Neck Surgery Center,Mount Elizabeth Medical Centre (3 Mount Elizabeth),MEH,True,,,,,,,,English,ME,59
lim-hui-fang,Dr Lim Hui Fang,Female,Intensive Care Medicine,Respiratory Physician,GEH|ME|MEH|MNH|PEH,Gleneagles Hospital|Mount Elizabeth Novena Hospital,2003,qual,23,40-49,4,The Respiratory Practice || O2 Lung Centre || The Respiratory Practice || The Respiratory Practice,Gleneagles Medical Centre (6 Napier Rd) || Mount Elizabeth Medical Centre (3 Mount Elizabeth) || Mount Elizabeth Novena Specialist Centre (38 Irrawaddy Rd) || Parkway East Medical Centre (319 Joo Chiat Pl),GEH|MEH|MNH|PEH,True,OUE Healthcare / Healthway,,Thomson Medical,OUE Healthcare / Healthway,Thomson Medical,,"Great Eastern, HSBC Life, Income, Prudential^, Singlife","English, Hokkien, Malay, Mandarin",PEH,48
lim-hui-ping-michelle,Dr Lim Hui Ping Michelle,Female,Obstetrics & Gynaecology,Obstetrician & Gynaecologist,ME|MNH,Mount Elizabeth Novena Hospital,2011,text_years,15,40-49,1,"Nobel Obstetrics, Gynaecology & Minimally Invasive Surgery Centre",Mount Elizabeth Medical Centre (3 Mount Elizabeth),MEH,True,OUE Healthcare / Healthway,,Thomson Medical,OUE Healthcare / Healthway,Thomson Medical,,"Great Eastern, Income, Prudential^, Singlife","English, Hokkien, Mandarin",ME,40
lim-hwee-yong,Dr Lim Hwee Yong,Male,Medical Oncology,Medical Oncologist,ME|MNH,Mount Elizabeth Novena Hospital,,,,,1,Novena Cancer Centre,Mount Elizabeth Novena Specialist Centre (38 Irrawaddy Rd),MNH,True,,,,,,,"AIA, HSBC Life, Prudential^, Singlife",English,ME,
lim-i-linn-zena,Dr Lim I-Linn Zena,Female,Ophthalmology,Ophthalmologist,ME|MNH|PEH,,2004,text_grad,22,40-49,2,Focal Eye Centre || The Children's Eye & ENT Centre,Mount Elizabeth Novena Specialist Centre (38 Irrawaddy Rd) || Parkway East Medical Centre (319 Joo Chiat Pl),MNH|PEH,True,,,,,,,"AIA, Income, Prudential^, Singlife","Bahasa Indonesia, Cantonese, English, Hokkien, Mandarin",PEH,47
lim-ing-haan,Dr Lim Ing Haan,Female,Cardiology,Cardiologist,ME|MEH,Mount Elizabeth Hospital,,,,,1,Lim Ing Haan Cardiology Clinic Pte Ltd,Mount Elizabeth Medical Centre (3 Mount Elizabeth),MEH,True,,Foundation Healthcare,Foundation Healthcare,Foundation Healthcare,,,"AIA, Great Eastern, HSBC Life, Income, Prudential^, Singlife","Bahasa Indonesia, Cantonese, English, Hokkien, Mandarin, Teochew",ME,
lim-ing-ruen,Dr Lim Ing Ruen,Female,Otorhinolaryngology / ENT,Otorhinolaryngologist,ME|MEH,Mount Elizabeth Hospital,1995,text_grad,31,50-59,1,Lim Ing Ruen ENT Clinic,Mount Elizabeth Medical Centre (3 Mount Elizabeth),MEH,True,,Foundation Healthcare,Foundation Healthcare,Foundation Healthcare,,,"AIA, Great Eastern, HSBC Life, Income, Prudential^, Singlife","English, Mandarin",ME,56
lim-jit-fong,Dr Lim Jit Fong,Male,General Surgery,General Surgeon,GEH,Gleneagles Hospital,,,,,1,Lim Jit Fong Colorectal Centre,Gleneagles Medical Centre (6 Napier Rd),GEH,True,,,Thomson Medical,,Thomson Medical,,"AIA, Great Eastern, HSBC Life, Income, Prudential^","Bahasa Indonesia, Cantonese, English, Hokkien",GEH,
lim-jit-kheng,Dr Lim Jit Kheng,Male,Orthopaedic Surgery,Orthopaedic Surgeon,ME|MEH,,1994,qual,32,50-59,1,Minimally Invasive Orthopaedic Surgery,Mount Elizabeth Medical Centre (3 Mount Elizabeth),MEH,True,,,,,,,"AIA, Great Eastern, Income, Prudential^, Singlife","Bahasa Indonesia, English, Hokkien, Mandarin",ME,57
lim-jiun-ivor,Dr Lim Jiun Ivor,Male,Plastic Surgery,Plastic Surgeon,ME|MNH,Mount Elizabeth Novena Hospital,2011,text_years,15,40-49,1,Ivor J. Lim Plastic Surgery,Mount Elizabeth Novena Specialist Centre (38 Irrawaddy Rd),MNH,True,,,,,,,,"English, Mandarin",ME,40
lim-ka-liang,Dr Lim Ka Liang,Male,Anaesthesiology,Anaesthesiologist,ME|MEH,,,,,,1,Specialist Anaesthesia Services Pte Ltd,Mount Elizabeth Medical Centre (3 Mount Elizabeth),MEH,True,,,,,,,,English,ME,
lim-kah-beng,Dr Lim Kah Beng,Male,Dermatology,Dermatologist,GEH,,,,,,1,KB Lim Skin Clinic Pte Ltd,Gleneagles Medical Centre (6 Napier Rd),GEH,True,,,,,,,,English,GEH,
lim-kar-seng,Dr Lim Kar Seng,Male,Dermatology,Dermatologist,ME|MNH,,2012,text_years,14,<40,1,The Dermatology Practice - Skin Hair Allergy Laser,Mount Elizabeth Novena Specialist Centre (38 Irrawaddy Rd),MNH,True,,,,,,,"Income, Prudential^, Singlife","Bahasa Indonesia, Cantonese, English, Hokkien, Mandarin",ME,39
lim-kay-kiat,Dr Lim Kay Kiat,Male,Orthopaedic Surgery,Orthopaedic Surgeon,ME|MNH,,1996,text_grad,30,50-59,1,Synergy Orthopaedic Group,Mount Elizabeth Novena Specialist Centre (38 Irrawaddy Rd),MNH,True,,,,,,,"AIA, HSBC Life, Income, Prudential^, Singlife","English, Hokkien, Mandarin, Teochew",ME,55
lim-keng-hua,Dr Lim Keng Hua,Male,Otorhinolaryngology / ENT,Otorhinolaryngologist,ME|MEH,Mount Elizabeth Hospital,2008,text_years,18,40-49,1,Dr KH Lim Ear Nose Throat Clinic,Mount Elizabeth Medical Centre (3 Mount Elizabeth),MEH,True,,,,,,,"AIA, Great Eastern, HSBC Life, Income, Prudential^, Singlife","Cantonese, English, Hokkien, Mandarin, Teochew",ME,43
lim-kheng-ann,Dr Lim Kheng Ann,Male,Oral & Maxillofacial Surgery,Oral and Maxillofacial Surgeon,ME|MEH|PEH,,,,,,2,Mount Elizabeth Orthodontic Clinic || Child Smile @ Parkway East,Mount Elizabeth Medical Centre (3 Mount Elizabeth) || Parkway East Medical Centre (319 Joo Chiat Pl),MEH|PEH,True,,,,,,,,English,PEH,
lim-kheng-sit-jay,Dr Lim Kheng Sit (Jay),Male,Urology,Urologist,ME|MEH|PEH,Mount Elizabeth Novena Hospital,2009,qual,17,40-49,2,Urocare by Dr Jay Lim || Urocare by Dr Jay Lim,Mount Elizabeth Medical Centre (3 Mount Elizabeth) || Parkway East Medical Centre (319 Joo Chiat Pl),MEH|PEH,True,,,Thomson Medical,,Thomson Medical,,"Great Eastern, HSBC Life, Prudential^, Singlife","Bahasa Indonesia, Cantonese, English, Hokkien, Mandarin, Teochew",PEH,42
lim-khong-hee,Dr Lim Khong Hee,Male,General Surgery,General Surgeon,ME|MEH|MNH,,1992,text_grad,34,50-59,2,Nexus Surgical Associates Pte Ltd || Nexus Surgical Associates Pte Ltd,Mount Elizabeth Medical Centre (3 Mount Elizabeth),MEH,True,Foundation Healthcare,Foundation Healthcare,Foundation Healthcare|Thomson Medical,Foundation Healthcare,Thomson Medical,,"AIA, Great Eastern, HSBC Life, Income, Prudential^, Singlife","Cantonese, English, Hokkien, Mandarin, Teochew",ME,59
lim-kian-peng,Dr Lim Kian Peng,Male,Gastroenterology,Gastroenterologist,ME|MEH,,1974,text_grad,52,70+,1,K P Lim Gastro & Medical Clinic,Mount Elizabeth Medical Centre (3 Mount Elizabeth),MEH,True,,,,,,,"Prudential^, Singlife","Bahasa Indonesia, English, Hokkien, Mandarin, Teochew",ME,77
lim-lee-guan,Dr Lim Lee Guan,Male,Gastroenterology,Gastroenterologist,GEH|ME|MEH|PEH,Mount Elizabeth Hospital,2006,text_years,20,40-49,2,Specialist Care Group || Parkway MediCentre (The Woodleigh Mall),Mount Elizabeth Medical Centre (3 Mount Elizabeth) || Parkway MediCentre (IHH community clinic),IHH-community|MEH,True,,,,,,also at Parkway MediCentre,"HSBC Life, Income, Prudential^, Singlife","English, Hokkien, Mandarin, Teochew",PEH,45
lim-lee-hooi,Dr Lim Lee Hooi,Female,Ophthalmology,Ophthalmologist,ME|MEH,Mount Elizabeth Hospital,1999,qual,27,50-59,1,Singapore Eye & Vision Pte Ltd,Paragon Medical (290 Orchard Rd),Orchard-other,False,,,,,,,"AIA, Great Eastern, HSBC Life, Prudential^, Singlife","Bahasa Indonesia, Cantonese, English, Hokkien, Mandarin",ME,52
lim-li-ling,Dr Lim Li Ling,Female,Neurology,Neurologist,GEH,,,,,,1,Singapore Neurology & Sleep Centre,Gleneagles Medical Centre (6 Napier Rd),GEH,True,,,,,,,"AIA, Great Eastern, Prudential^",English,GEH,
lim-li-wen-tracey,Dr Lim Li-Wen Tracey,Female,Obstetrics & Gynaecology,Obstetrician & Gynaecologist,ME|MNH,,,,,,1,The Tow Yung Clinic,Mount Elizabeth Novena Specialist Centre (38 Irrawaddy Rd),MNH,True,,,Thomson Medical,,Thomson Medical,,Prudential^,English,ME,
lim-lian-arn,Dr Lim Lian Arn,Male,Orthopaedic Surgery,Orthopaedic Surgeon,GEH,Gleneagles Hospital,,,,,1,Alpha Joints & Orthopaedics,Gleneagles Medical Centre (6 Napier Rd),GEH,True,,,,,,,"AIA, Great Eastern, HSBC Life, Income, Prudential^, Singlife","Bahasa Indonesia, Cantonese, English, Hokkien, Mandarin, Teochew",GEH,
lim-liqing-serene,Dr Lim Liqing Serene,Female,Obstetrics & Gynaecology,Obstetrician & Gynaecologist,GEH,Gleneagles Hospital,,,,,1,SWC Serene Women's and Fertility Clinic,Gleneagles Medical Centre (6 Napier Rd),GEH,True,,Foundation Healthcare,Foundation Healthcare,Foundation Healthcare,,,"AIA, Great Eastern, HSBC Life, Income, Prudential^","English, Mandarin",GEH,
lim-may-li,Dr Lim May Li,Female,Obstetrics & Gynaecology,Obstetrician & Gynaecologist,ME|MNH,Mount Elizabeth Novena Hospital,1993,qual,33,50-59,1,ML Lim Women's Specialist Clinic & Surgery,Mount Elizabeth Novena Specialist Centre (38 Irrawaddy Rd),MNH,True,,,,,,,,English,ME,58
lim-ming-jian,Dr Lim Ming Jian,Male,Anaesthesiology,Anaesthesiologist,ME|MEH|MNH,,,,,,2,The Pain Specialist || The Pain Specialist,Mount Elizabeth Medical Centre (3 Mount Elizabeth) || Mount Elizabeth Novena Specialist Centre (38 Irrawaddy Rd),MEH|MNH,True,,Foundation Healthcare,Foundation Healthcare|Thomson Medical,Foundation Healthcare,Thomson Medical,,"Great Eastern, Prudential^",English,ME,
lim-mingjun-darryl,Dr Lim Mingjun Darryl,Male,General Surgery,General Surgeon,ME|MNH,Mount Elizabeth Novena Hospital,,,,,1,Novena Vascular and Varicose Vein Centre,Mount Elizabeth Novena Specialist Centre (38 Irrawaddy Rd),MNH,True,,,,,,,"Income, Prudential^, Singlife","English, Hainanese, Hokkien, Mandarin",ME,
lim-mui-hong,Dr Lim Mui Hong,Male,Orthopaedic Surgery,Orthopaedic Surgeon,ME|MNH,Mount Elizabeth Novena Hospital,1992,text_grad,34,50-59,1,Synergy Orthopaedic Group,Mount Elizabeth Novena Specialist Centre (38 Irrawaddy Rd),MNH,True,,,,,,,"AIA, HSBC Life, Income, Prudential^, Singlife","Cantonese, English, Hokkien, Malay, Mandarin, Teochew",ME,59
lim-seng-cheong-robert,Dr Lim Seng Cheong Robert,Male,Medical Oncology,Medical Oncologist,GEH|ME|MEH|MNH,,2006,text_years,20,40-49,3,Icon Cancer Centre Mount Elizabeth || Icon Cancer Centre Gleneagles || Icon Cancer Centre Novena,Gleneagles Medical Centre (6 Napier Rd) || Mount Elizabeth Medical Centre (3 Mount Elizabeth) || Mount Elizabeth Novena Specialist Centre (38 Irrawaddy Rd),GEH|MEH|MNH,True,Icon Group,,,Icon Group,,,"AIA, Great Eastern, HSBC Life, Income, Prudential^, Singlife","English, Mandarin",GEH,45
lim-sey-kiat-terence,Dr Lim Sey Kiat Terence,Male,Urology,Urologist,ME|MEH,Mount Elizabeth Hospital,2003,text_grad,23,40-49,1,Assure Urology & Robotic Centre,Mount Elizabeth Medical Centre (3 Mount Elizabeth),MEH,True,Beyond Medical Group,,,Beyond Medical Group,,,"AIA, Great Eastern, HSBC Life, Income, Prudential^, Singlife","English, Hokkien, Mandarin",ME,48
lim-sheau-huei-frances,Dr Lim Sheau Huei (Frances),Female,General Surgery,General Surgeon,GEH|ME|MNH|PEH,Gleneagles Hospital|Mount Elizabeth Novena Hospital|Parkway East Hospital,,,,,3,Colorectal Clinic Associates || Colorectal Clinic Associates || Colorectal Clinic Associates,Gleneagles Medical Centre (6 Napier Rd) || Mount Elizabeth Novena Specialist Centre (38 Irrawaddy Rd) || Parkway East Medical Centre (319 Joo Chiat Pl),GEH|MNH|PEH,True,Foundation Healthcare,Foundation Healthcare,Foundation Healthcare,Foundation Healthcare,,,"AIA, Great Eastern, HSBC Life, Prudential^, Singlife","Cantonese, English, Hokkien, Malay, Mandarin",PEH,
lim-sheow-lei,Dr Lim Sheow Lei,Female,Medical Oncology,Medical Oncologist,GEH|ME|MEH|MNH,Mount Elizabeth Novena Hospital,,,,,3,OncoCare Women's Cancer Clinic || Oncocare Cancer Centre || OncoCare Cancer Centre,Gleneagles Hospital Annexe (6A Napier Rd) || Mount Elizabeth Medical Centre (3 Mount Elizabeth),GEH|MEH,True,Tamarind Health,Tamarind Health,Tamarind Health - OncoCare|Thomson Medical,Tamarind Health,Thomson Medical,,"AIA, Great Eastern, HSBC Life, Income, Prudential^, Singlife","English, Mandarin",GEH,
lim-si-jing-joline,Dr Lim Si Jing Joline,Female,Medical Oncology,Medical Oncologist,GEH|ME|MEH|MNH,Gleneagles Hospital|Mount Elizabeth Hospital,2011,text_years,15,40-49,3,Curie Oncology & Haematology || Curie Oncology || Curie Oncology (Gleneagles),Gleneagles Medical Centre (6 Napier Rd) || Mount Elizabeth Medical Centre (3 Mount Elizabeth) || Mount Elizabeth Novena Specialist Centre (38 Irrawaddy Rd),GEH|MEH|MNH,True,Curie Oncology,,,Curie Oncology,,,"Great Eastern, HSBC Life, Income, Prudential^, Singlife","Cantonese, English, Hokkien, Mandarin",GEH,40
lim-siow-hooi,Dr Lim Siow Hooi,Female,Endodontics,Endodontist,ME|MNH,,,,,,1,Dr Leroy Mccully & Associates,Mount Elizabeth Novena Specialist Centre (38 Irrawaddy Rd),MNH,True,,,,,,,,"English, Mandarin",ME,
lim-sue-zann,Dr Lim Sue Zann,Female,General Surgery,General Surgeon,ME|MEH,,,,,,1,Solis Breast Care & Surgery Centre,Paragon Medical (290 Orchard Rd),Orchard-other,False,Tamarind Health,,Thomson Medical,Tamarind Health,Thomson Medical,,"AIA, Great Eastern, HSBC Life, Income, Prudential^, Singlife",English,ME,
lim-tai-tian,Dr Lim Tai Tian,Male,Cardiology,Cardiologist,ME|MEH,Gleneagles Hospital|Mount Elizabeth Hospital,,,,,1,Dr TT Lim Cardiology Clinic,Paragon Medical (290 Orchard Rd),Orchard-other,False,,,,,,,"AIA, Income, Prudential^","Bahasa Indonesia, Dutch, English, German, Mandarin",ME,
lim-teck-chye,Dr Lim Teck Chye,Male,Obstetrics & Gynaecology,Obstetrician & Gynaecologist,ME|MNH,,,,,,1,The Tow Yung Clinic,Mount Elizabeth Novena Specialist Centre (38 Irrawaddy Rd),MNH,True,,,Thomson Medical,,Thomson Medical,,,English,ME,
lim-teck-hock-dennis,Dr Lim Teck Hock (Dennis),Male,General Surgery,General Surgeon,ME|MEH,,1987,text_grad,39,60-69,1,Dennis Lim Surgery,Mount Elizabeth Medical Centre (3 Mount Elizabeth),MEH,True,,,,,,,"AIA, Prudential^","English, Mandarin",ME,64
lim-teng-ee-joyce,Dr Lim Teng Ee Joyce,Female,Dermatology,Dermatologist,ME|MEH,,1978,qual,48,70+,1,Joyce Lim Skin And Laser Clinic,Paragon Medical (290 Orchard Rd),Orchard-other,False,,,,,,,"Income, Prudential^",English,ME,73
lim-tian-jin,Dr Lim Tian Jin,Male,Intensive Care Medicine,Anaesthesiologist,GEH,,,,,,1,The Orthopaedic Centre (Gleneagles),Gleneagles Medical Centre (6 Napier Rd),GEH,True,,,Thomson Medical,,Thomson Medical,,,English,GEH,
lim-tien-wei-jimmy-gordon,Dr Lim Tien Wei Jimmy Gordon,Male,Cardiology,Cardiologist,GEH|ME|MEH|MNH,Mount Elizabeth Novena Hospital,2004,text_grad,22,40-49,3,Novena Heart Centre || Novena Heart Centre || Novena Heart Centre,Gleneagles Medical Centre (6 Napier Rd) || Mount Elizabeth Medical Centre (3 Mount Elizabeth) || Mount Elizabeth Novena Specialist Centre (38 Irrawaddy Rd),GEH|MEH|MNH,True,Tamarind Health,,,Tamarind Health,,,"AIA, Great Eastern, HSBC Life, Income, Prudential^, Singlife","English, Mandarin",GEH,47
lim-tiong-keng,Dr Lim Tiong Keng,Male,Cardiology,Cardiologist,ME|MEH,,,,,,1,The Heart Specialist Clinic,Mount Elizabeth Medical Centre (3 Mount Elizabeth),MEH,True,,,,,,,"Great Eastern, HSBC Life, Income, Prudential^, Singlife","English, Hokkien, Mandarin, Teochew",ME,
lim-tse-jiann-danny,Dr Lim Tse Jiann Danny,Male,Anaesthesiology,Anaesthesiologist,ME|MNH,,,,,,1,Integrative Critical Care Anaesthesia & Pain Services Pte Ltd,Mount Elizabeth Novena Specialist Centre (38 Irrawaddy Rd),MNH,True,,,Thomson Medical,,Thomson Medical,,,English,ME,
lim-wei-kheong-jimmy,Dr Lim Wei Kheong Jimmy,Male,Ophthalmology,Ophthalmologist,GEH,Gleneagles Hospital,2003,text_grad,23,40-49,1,JL Eye Specialists,Gleneagles Medical Centre (6 Napier Rd),GEH,True,,,,,,,"AIA, HSBC Life, Income, Prudential^, Singlife","Cantonese, English, Hokkien, Mandarin",GEH,48
lim-wei-min-jason,Dr Lim Wei-Min Jason,Male,General Surgery,General Surgeon,ME|MEH|MNH,Mount Elizabeth Novena Hospital,,,,,2,Jason Lim Endoscopy & Piles Centre || Heah Colorectal Endos & Piles Centre,Mount Elizabeth Medical Centre (3 Mount Elizabeth) || Novena Medical Center (10 Sinaran Dr),MEH|Novena-other,True,HC Surgical Specialists,HC Surgical Specialists,HC Surgical Specialists,HC Surgical Specialists,,,"AIA, HSBC Life, Prudential^, Singlife","English, Mandarin",ME,
lim-xue-yan,Dr Lim Xue Yan,Female,Paediatric Medicine,Paediatrician,PEH,Parkway East Hospital,2004,qual,22,40-49,1,Ascensus - Clinic For Children (East),Parkway East Medical Centre (319 Joo Chiat Pl),PEH,True,,,,,,,"AIA, HSBC Life, Income, Prudential^, Singlife","English, Mandarin",PEH,47
lim-yaozong-benji,Dr Lim Yaozong Benji,Male,Cardiology,Cardiologist,GEH|ME|MEH|MNH,Mount Elizabeth Hospital|Mount Elizabeth Novena Hospital,2007,text_grad,19,40-49,3,Novena Heart Centre || Novena Heart Centre || Novena Heart Centre,Gleneagles Medical Centre (6 Napier Rd) || Mount Elizabeth Medical Centre (3 Mount Elizabeth) || Mount Elizabeth Novena Specialist Centre (38 Irrawaddy Rd),GEH|MEH|MNH,True,Tamarind Health,,Thomson Medical,Tamarind Health,Thomson Medical,,"Income, Prudential^, Singlife","English, Mandarin",GEH,44
lim-yean-teng,Dr Lim Yean Teng,Male,Cardiology,Cardiologist,ME|MEH,Mount Elizabeth Hospital,1983,qual,43,60-69,1,Cardiology Associates Pte Ltd,Mount Elizabeth Medical Centre (3 Mount Elizabeth),MEH,True,,,,,,,"AIA, Income","Bahasa Indonesia, Cantonese, English, Hokkien, Mandarin, Teochew",ME,68
lim-yee-nah-anita,Dr Lim Yee Nah Anita,Female,Rheumatology,Rheumatologist,ME|MEH|MNH,Mount Elizabeth Novena Hospital,1996,text_years,30,50-59,2,Cedar Rheumatology || Cedar Rheumatology,Mount Elizabeth Medical Centre (3 Mount Elizabeth) || Mount Elizabeth Novena Specialist Centre (38 Irrawaddy Rd),MEH|MNH,True,,,,,,,"HSBC Life, Prudential^, Singlife",English,ME,55
lim-yen-teak-victor,Dr Lim Yen Teak Victor,Male,Cardiology,Cardiologist,GEH,Gleneagles Hospital,1993,text_grad,33,50-59,1,Heart Partners Clinic,Gleneagles Medical Centre (6 Napier Rd),GEH,True,,,,,,,"AIA, HSBC Life, Income, Prudential^","Bahasa Indonesia, English, Mandarin",GEH,58
lim-yeong-phang,Dr Lim Yeong Phang,Male,Cardiothoracic Surgery,Cardiothoracic Surgeon,ME|MNH,Mount Elizabeth Novena Hospital,2009,text_grad,17,40-49,1,Centre for Cardiothoracic Surgery @ Novena,Mount Elizabeth Novena Specialist Centre (38 Irrawaddy Rd),MNH,True,,,,,,,"AIA, Income, Prudential^, Singlife","English, Hokkien, Mandarin, Teochew",ME,42
lim-yi-jia,Dr Lim Yi-Jia,Male,Orthopaedic Surgery,Orthopaedic Surgeon,GEH,Gleneagles Hospital,2010,text_grad,16,40-49,1,Ortholimb Bone And Joint Surgery,Gleneagles Medical Centre (6 Napier Rd),GEH,True,,,,,,,"AIA, HSBC Life, Prudential^","Cantonese, English, French, Mandarin",GEH,41
lim-yi-ping-avina,Dr Lim Yi Ping Avina,Female,Anaesthesiology,Anaesthesiologist,GEH,,,,,,1,Ortholimb Bone And Joint Surgery,Gleneagles Medical Centre (6 Napier Rd),GEH,True,,,,,,,,English,GEH,
lim-yon-kuei-bernard,Dr Lim Yon Kuei Bernard,Male,General Surgery,General Surgeon,ME|MNH,Mount Elizabeth Novena Hospital,,,,,1,Bernard Lim Specialist Surgery,Mount Elizabeth Novena Specialist Centre (38 Irrawaddy Rd),MNH,True,,,Thomson Medical,,Thomson Medical,,"AIA, Income, Prudential^, Singlife","Bahasa Indonesia, Cantonese, English, Hokkien, Malay, Mandarin, Teochew",ME,
lim-zi-yi,Dr Lim Zi-Yi,Male,Haematology,Haematologist,GEH|ME|MNH,Gleneagles Hospital|Mount Elizabeth Novena Hospital,1999,qual,27,50-59,2,Centre for Clinical Haematology || Centre for Clinical Haematology,Gleneagles Hospital Annexe (6A Napier Rd) || Mount Elizabeth Novena Specialist Centre (38 Irrawaddy Rd),GEH|MNH,True,,,,,,,"AIA, Great Eastern, HSBC Life, Income, Prudential^, Singlife","Cantonese, English, Mandarin",GEH,52
lin-beng-kiang-michael,Dr Lin Beng Kiang Michael,Male,Diagnostic Radiology,Diagnostic Radiologist,GEH,,,,,,1,Department Of Radiology,Gleneagles Hospital Annexe (6A Napier Rd),GEH,True,,,,,,IHH hospital department / centre,,English,GEH,
lin-cui-li,Dr Lin Cui Li,Female,Gastroenterology,Gastroenterologist,ME|MEH,Mount Elizabeth Hospital,2011,text_years,15,40-49,1,GASTROCLINIC,Mount Elizabeth Medical Centre (3 Mount Elizabeth),MEH,True,,,,,,,"Great Eastern, Income, Prudential^","Cantonese, English, Mandarin",ME,40
lin-heng-an,Dr Lin Heng An,Male,Orthopaedic Surgery,Orthopaedic Surgeon,ME|MEH,Mount Elizabeth Hospital,2011,text_years,15,40-49,1,Orchard Orthopaedic & Sports Medicine Pte Ltd,Paragon Medical (290 Orchard Rd),Orchard-other,False,,,,,,,"HSBC Life, Prudential^, Singlife","English, Mandarin",ME,40
lin-hui-en-hazel-anne,Dr Lin Hui'En Hazel Anne,Female,Ophthalmology,Ophthalmologist,ME|MNH,Mount Elizabeth Novena Hospital,,,,,1,Eye & Retina Surgeons,Mount Elizabeth Medical Centre (3 Mount Elizabeth),MEH,True,Eye & Retina Surgeons,,,Eye & Retina Surgeons,,,"Great Eastern, Prudential^","English, Mandarin",ME,
lin-joanna,Dr Lin Joanna,,Medical Oncology,Medical Oncologist,GEH,,,,,,0,,,,False,,,,,,,,,,
lin-zhenjia-harvard,Dr Lin Zhenjia Harvard,Male,Obstetrics & Gynaecology,Obstetrician & Gynaecologist,GEH|PEH,Gleneagles Hospital,,,,,2,Asian Obstetrics & Gynaecology Centre || Asian Obstetrics & Gynaecology Centre,Gleneagles Medical Centre (6 Napier Rd) || Parkway East Medical Centre (319 Joo Chiat Pl),GEH|PEH,True,,,Thomson Medical,,Thomson Medical,,"Great Eastern, HSBC Life, Income, Prudential^, Singlife","Cantonese, English, Mandarin",PEH,
ling-khoon-lin,Dr Ling Khoon Lin,Male,Gastroenterology,Gastroenterologist,ME|MEH,Mount Elizabeth Hospital,,,,,1,Gastroenterology and Liver Specialist Clinic Pte Ltd,Mount Elizabeth Medical Centre (3 Mount Elizabeth),MEH,True,,,,,,,"AIA, Great Eastern, HSBC Life, Income, Prudential^, Singlife","English, Hokkien, Mandarin, Teochew",ME,
ling-li-min,Dr Ling Li Min,Female,Infectious Diseases,Infectious Disease Physician,GEH|ME|MNH,Gleneagles Hospital,,,,,2,Rophi Clinic || Rophi Clinic,Gleneagles Medical Centre (6 Napier Rd) || Mount Elizabeth Novena Specialist Centre (38 Irrawaddy Rd),GEH|MNH,True,,,,,,,"AIA, Great Eastern, HSBC Life, Income, Prudential^, Singlife",English,GEH,
ling-zhixing-marcus,Dr Ling Zhixing Marcus,Male,Orthopaedic Surgery,Orthopaedic Surgeon,GEH|ME|MEH|MNH,Gleneagles Hospital,2011,text_years,15,40-49,3,Orthopaedic & Spine Clinic Pte Ltd || Orthopaedic & Spine Clinic || Orthopaedic and Spine Clinic (Novena),Gleneagles Hospital Annexe (6A Napier Rd) || Mount Elizabeth Medical Centre (3 Mount Elizabeth) || Mount Elizabeth Novena Specialist Centre (38 Irrawaddy Rd),GEH|MEH|MNH,True,,,Thomson Medical,,Thomson Medical,,"Income, Prudential^, Singlife","Cantonese, English, Mandarin",GEH,40
lingaraj-krishna,Dr Lingaraj Krishna,Male,Orthopaedic Surgery,Orthopaedic Surgeon,GEH,Gleneagles Hospital,1997,qual,29,50-59,1,Orthopaedic and Hand Surgery Partners Pte Ltd,Gleneagles Hospital Annexe (6A Napier Rd),GEH,True,,,,,,,"AIA, Great Eastern, HSBC Life, Income, Prudential^, Singlife","English, Malay, Mandarin, Tamil",GEH,54
liu-tze-hsien-eugene,Dr Liu Tze Hsien (Eugene),Male,Diagnostic Radiology,Diagnostic Radiologist,ME|MEH,,,,,,1,Radiology Department,Mount Elizabeth Medical Centre (3 Mount Elizabeth),MEH,True,,,,,,IHH hospital department / centre,,English,ME,
lo-ngai-nung,Dr Lo Ngai Nung,Male,Orthopaedic Surgery,Orthopaedic Surgeon,GEH,Gleneagles Hospital,2001,text_years,25,50-59,1,Orthopaedics Specialist Practice Pte Ltd,Gleneagles Hospital Annexe (6A Napier Rd),GEH,True,,,,,,,"AIA, Income, Prudential^, Singlife","Cantonese, English, Mandarin",GEH,50
lo-pau-lin-constance,Dr Lo Pau Lin Constance,Female,Respiratory Medicine,Respiratory Physician,GEH|ME|MEH|MNH,Gleneagles Hospital|Mount Elizabeth Novena Hospital,1990,text_grad,36,60-69,3,Respiratory Medical Associates || Respiratory Medical Associates || Respiratory Medical Associates,Gleneagles Medical Centre (6 Napier Rd) || Mount Elizabeth Medical Centre (3 Mount Elizabeth),GEH|MEH,True,,,,,,,"AIA, Great Eastern, Income, Prudential^, Singlife",English,GEH,61
lo-soo-kien-sue,Dr Lo Soo Kien Sue,Female,Medical Oncology,Medical Oncologist,ME|MEH,,,,,,2,The Cancer Centre || The Cancer Centre @ Paragon,Mount Elizabeth Medical Centre (3 Mount Elizabeth) || Paragon Medical (290 Orchard Rd),MEH|Orchard-other,True,Singapore Medical Group (SMG),,,Singapore Medical Group (SMG),,,"AIA, Great Eastern, HSBC Life, Prudential^, Singlife",English,ME,
loh-boon-kwang,Dr Loh Boon Kwang,Male,Ophthalmology,Ophthalmologist,ME|MNH,Mount Elizabeth Novena Hospital,1998,qual,28,50-59,1,My Eye Specialist & Retina Surgeon,Royal Square at Novena (101 Irrawaddy Rd),Novena-other,False,,,,,,,"AIA, Great Eastern, HSBC Life, Income, Prudential^, Singlife","English, Hokkien, Mandarin, Teochew",ME,53
loh-foo-hoe,Dr Loh Foo Hoe,Male,Obstetrics & Gynaecology,Obstetrician & Gynaecologist,ME|MEH,,1985,qual,41,60-69,1,Gyn Endoscopy Pte Ltd,Mount Elizabeth Medical Centre (3 Mount Elizabeth),MEH,True,,,,,,,,English,ME,66
loh-fun-chee,Dr Loh Fun Chee,Male,Oral & Maxillofacial Surgery,Oral and Maxillofacial Surgeon,GEH,,,,,,1,Loh Fun Chee Oral Maxillofacial Surgery,Gleneagles Medical Centre (6 Napier Rd),GEH,True,,,,,,,,English,GEH,
loh-kai-lyn,Dr Loh Kai-Lyn,Female,Ophthalmology,Ophthalmologist,ME|MNH|PEH,Parkway East Hospital,,,,,2,The Children's Eye & ENT Centre || Focal Eye Centre,Mount Elizabeth Novena Specialist Centre (38 Irrawaddy Rd) || Parkway East Medical Centre (319 Joo Chiat Pl),MNH|PEH,True,,,,,,,"Prudential^, Singlife","English, Hokkien, Mandarin",PEH,
loh-keh-chuan,Dr Loh Keh Chuan,Male,Endocrinology,Endocrinologist,ME|MEH,,,,,,1,Loh Keh Chuan Diabetes Thyroid & Hormone Clinic,Mount Elizabeth Medical Centre (3 Mount Elizabeth),MEH,True,,,,,,,,"Bahasa Indonesia, Cantonese, English, Hokkien, Mandarin",ME,
loh-khum-fei-mark,Dr Loh Khum Fei Mark,Male,Paediatric Medicine,Paediatrician,ME|MNH,,1995,text_grad,31,50-59,1,Mark Loh Paediatrics Pte Ltd,Mount Elizabeth Medical Centre (3 Mount Elizabeth),MEH,True,,,Thomson Medical,,Thomson Medical,,,English,ME,56
loh-meng-woei,Dr Loh Meng Woei,Male,Intensive Care Medicine,Anaesthesiologist,ME|MEH|MNH,,,,,,2,Integrative Critical Care Anaesthesia & Pain Services Pte Ltd || Z Anaesthesia Pte Ltd,Mount Elizabeth Medical Centre (3 Mount Elizabeth) || Mount Elizabeth Novena Specialist Centre (38 Irrawaddy Rd),MEH|MNH,True,,,,,,,,English,ME,
loh-ping-tyug,Dr Loh Ping Tyug,Female,Renal Medicine,Renal Physician,ME|MEH,Mount Elizabeth Hospital,1999,qual,27,50-59,1,The Singapore Clinic for Kidney Diseases,Mount Elizabeth Medical Centre (3 Mount Elizabeth),MEH,True,,,,,,,"Great Eastern, HSBC Life, Income, Prudential^, Singlife","Bahasa Indonesia, Cantonese, English, Hokkien, Mandarin, Teochew",ME,52
loh-ping-yun-joshua,Dr Loh Ping Yun Joshua,Male,Cardiology,Cardiologist,ME|MNH,Mount Elizabeth Novena Hospital,2003,qual,23,40-49,1,Capital Heart Centre Pte Ltd,Mount Elizabeth Novena Specialist Centre (38 Irrawaddy Rd),MNH,True,,,Thomson Medical,,Thomson Medical,,"AIA, HSBC Life, Income, Prudential^, Singlife","English, Mandarin",ME,48
loh-poey-ling,Dr Loh Poey Ling,Female,Prosthodontics,Prosthodontist,ME|MEH,,,,,,1,Ko Djeng Dental Centre Pte Ltd,Lucky Plaza (304 Orchard Rd),Orchard-other,False,,,,,,,,English,ME,
loh-poh-yen,Dr Loh Poh Yen,Male,Gastroenterology,Gastroenterologist,GEH|ME|MEH|PEH,Mount Elizabeth Novena Hospital|Parkway East Hospital,,,,,3,Acorn Gastroenterology || Acorn Gastroenterology || Acorn Gastroenterology,Gleneagles Medical Centre (6 Napier Rd) || Mount Elizabeth Medical Centre (3 Mount Elizabeth) || Parkway East Medical Centre (319 Joo Chiat Pl),GEH|MEH|PEH,True,,,,,,,"AIA, Great Eastern, HSBC Life, Income, Prudential^, Singlife","Cantonese, English, Hokkien, Malay, Mandarin",PEH,
loh-ray-han-shaun,Dr Shaun Loh,Male,Otorhinolaryngology / ENT,Otorhinolaryngologist,GEH,Gleneagles Hospital,,,,,1,"The ENT, Voice and Snoring Clinic (Napier)",Gleneagles Medical Centre (6 Napier Rd),GEH,True,,,,,,,"Great Eastern, HSBC Life, Prudential^, Singlife","English, Mandarin, Teochew",GEH,
loh-seong-feei,Dr Loh Seong Feei,Male,Obstetrics & Gynaecology,Obstetrician & Gynaecologist,ME|MNH,,,,,,1,Women & Fertility Clinic by Marianne,Mount Elizabeth Novena Specialist Centre (38 Irrawaddy Rd),MNH,True,,,Thomson Medical,,Thomson Medical,,Prudential^,English,ME,
loh-su-ming-yvonne,Dr Loh Su Ming Yvonne,Female,Haematology,Haematologist,GEH|ME|MEH|MNH,Mount Elizabeth Hospital|Mount Elizabeth Novena Hospital,1997,text_grad,29,50-59,3,Curie Oncology & Haematology || Curie Oncology || Curie Oncology (Gleneagles),Gleneagles Medical Centre (6 Napier Rd) || Mount Elizabeth Medical Centre (3 Mount Elizabeth) || Mount Elizabeth Novena Specialist Centre (38 Irrawaddy Rd),GEH|MEH|MNH,True,Curie Oncology,,,Curie Oncology,,,"AIA, Great Eastern, HSBC Life, Income, Prudential^, Singlife",English,GEH,54
loh-yee-jim,Dr Loh Yee Jim,Male,Cardiothoracic Surgery,Cardiothoracic Surgeon,ME|MEH|MNH,Mount Elizabeth Novena Hospital,,,,,2,Paediatric & Adult Cardiothoracic Surgery || Cardiothoracic Surgical Centre,Mount Elizabeth Medical Centre (3 Mount Elizabeth) || Mount Elizabeth Novena Specialist Centre (38 Irrawaddy Rd),MEH|MNH,True,,,,,,,"AIA, Great Eastern, HSBC Life, Prudential^","English, Mandarin",ME,
loi-shen-yi-kelly,Dr Loi Shen-Yi Kelly,Female,Obstetrics & Gynaecology,Obstetrician & Gynaecologist,ME|MEH,Mount Elizabeth Hospital,2007,text_grad,19,40-49,1,Health & Fertility Centre For Women,Mount Elizabeth Medical Centre (3 Mount Elizabeth),MEH,True,,,,,,,,"English, Mandarin",ME,44
loo-wai-mun,Dr Loo Wai Mun,Female,Gastroenterology,Gastroenterologist,ME|MEH|MNH,Mount Elizabeth Hospital,2008,earliest_qual,18,40-49,2,AliveoMedical || AliveoMedical,Mount Elizabeth Medical Centre (3 Mount Elizabeth) || Mount Elizabeth Novena Specialist Centre (38 Irrawaddy Rd),MEH|MNH,True,,Foundation Healthcare,Foundation Healthcare,Foundation Healthcare,,,"Great Eastern, HSBC Life, Income, Prudential^, Singlife","Cantonese, English, Hokkien, Malay, Mandarin",ME,43
loo-wee-lim,Dr Loo Wee Lim,Male,Orthopaedic Surgery,Orthopaedic Surgeon,ME|MNH,Mount Elizabeth Novena Hospital,2002,qual,24,40-49,1,Synergy Orthopaedic Group,Mount Elizabeth Novena Specialist Centre (38 Irrawaddy Rd),MNH,True,,,Thomson Medical,,Thomson Medical,,"Great Eastern, HSBC Life, Prudential^","Cantonese, English, Hokkien, Malay, Mandarin",ME,49
looi-lai-mun,Dr Looi Lai Mun,Female,Respiratory Medicine,Respiratory Physician,ME|MNH,Mount Elizabeth Novena Hospital,,,,,1,LM Lung Specialist Clinic,Mount Elizabeth Novena Specialist Centre (38 Irrawaddy Rd),MNH,True,,,,,,,"HSBC Life, Income, Prudential^, Singlife","Bahasa Indonesia, Cantonese, English, Malay, Mandarin",ME,
looi-lee-geok-audrey,Dr Looi Lee Geok Audrey,Female,Ophthalmology,Ophthalmologist,ME|MNH,,,,,,1,Ava Eye Clinic Pte Ltd,Royal Square at Novena (101 Irrawaddy Rd),Novena-other,False,,,,,,,"AIA, Great Eastern, Income, Prudential^, Singlife","English, Hokkien, Mandarin",ME,
look-chee-meng-melvin,Dr Look Chee Meng Melvin,Male,General Surgery,General Surgeon,ME|MEH|MNH|PEH,Mount Elizabeth Hospital|Mount Elizabeth Novena Hospital|Parkway East Hospital,,,,,3,Panasia Surgery Pte Ltd || PanAsia Surgery Pte Ltd || PanAsia Surgery Pte Ltd,Mount Elizabeth Medical Centre (3 Mount Elizabeth) || Mount Elizabeth Novena Specialist Centre (38 Irrawaddy Rd) || Parkway East Medical Centre (319 Joo Chiat Pl),MEH|MNH|PEH,True,Foundation Healthcare,Foundation Healthcare,Foundation Healthcare|Thomson Medical,Foundation Healthcare,Thomson Medical,,"AIA, Great Eastern, HSBC Life, Income, Prudential^, Singlife","Bahasa Indonesia, English, Mandarin",PEH,
loong-tse-han,Dr Loong Tse Han,Male,General Surgery,General Surgeon,ME|MEH,Mount Elizabeth Hospital,2006,text_years,20,40-49,1,Loong Colorectal,Mount Elizabeth Medical Centre (3 Mount Elizabeth),MEH,True,,,Thomson Medical,,Thomson Medical,,"Great Eastern, Income, Prudential^, Singlife",English,ME,45
low-chian-yong,Dr Low Chian Yong,Male,Infectious Diseases,Infectious Disease Physician,GEH|ME|MNH,,2000,qual,26,50-59,2,The Fever Clinic || The Fever Clinic,Gleneagles Hospital Annexe (6A Napier Rd) || Mount Elizabeth Novena Specialist Centre (38 Irrawaddy Rd),GEH|MNH,True,,,,,,,"AIA, Great Eastern, HSBC Life, Income, Prudential^, Singlife","Cantonese, English, Hokkien, Mandarin",GEH,51
low-cze-hong,Dr Low Cze Hong,Male,Ophthalmology,Ophthalmologist,ME|MEH,Mount Elizabeth Hospital,,,,,1,CH Low Eye Surgical Centre Pte Ltd,Mount Elizabeth Medical Centre (3 Mount Elizabeth),MEH,True,,,,,,,,"Bahasa Indonesia, English, Hokkien, Mandarin, Teochew",ME,
low-eu-hong,Dr Low Eu Hong,Male,Paediatric Medicine,Paediatrician,PEH,Parkway East Hospital,1985,qual,41,60-69,1,E H Low Baby N' Child Clinic Pte Ltd,Parkway East Medical Centre (319 Joo Chiat Pl),PEH,True,,,,,,,"Great Eastern, HSBC Life, Income, Prudential^","Bahasa Indonesia, Cantonese, English, Hakka, Hokkien, Malay, Mandarin",PEH,66
low-jee-ming,Dr Low Jee Ming,Male,General Surgery,General Surgeon,GEH,,,,,,1,Low Surgical Clinic,Gleneagles Medical Centre (6 Napier Rd),GEH,True,,,,,,,,English,GEH,
low-kah-tzay,Dr Low Kah Tzay,Male,Paediatric Medicine,Paediatrician,ME|MNH,,1990,qual,36,60-69,1,Anson International Paediatric & Child Development Centre,Royal Square at Novena (101 Irrawaddy Rd),Novena-other,False,,,Thomson Medical,,Thomson Medical,,,"English, Malay, Mandarin",ME,61
low-mei-yi,Dr Low Mei-Yi,Female,Otorhinolaryngology / ENT,Otorhinolaryngologist,ME|MNH|PEH,Mount Elizabeth Novena Hospital,2006,text_years,20,40-49,3,The ENT Specialist Centre || The ENT Specialist Centre || The Children's Eye & ENT Centre,Mount Elizabeth Novena Specialist Centre (38 Irrawaddy Rd) || Parkway East Medical Centre (319 Joo Chiat Pl),MNH|PEH,True,,,Thomson Medical,,Thomson Medical,,"AIA, Great Eastern, HSBC Life, Prudential^, Singlife","English, Mandarin",PEH,45
low-wen-yong-brenda,Dr Low Wen Yong Brenda,Female,Obstetrics & Gynaecology,Obstetrician & Gynaecologist,GEH,Gleneagles Hospital,,,,,1,Brenda Low Surgery For Women Pte Ltd,Gleneagles Hospital Annexe (6A Napier Rd),GEH,True,,,Thomson Medical,,Thomson Medical,,,"English, Mandarin",GEH,
low-wong-kein-christopher,Dr Low Wong Kein Christopher,Male,Otorhinolaryngology / ENT,Otorhinolaryngologist,ME|MNH,Mount Elizabeth Novena Hospital|Parkway East Hospital,,,,,1,Novena ENT-Head & Neck Surgery Specialist Centre,Mount Elizabeth Novena Specialist Centre (38 Irrawaddy Rd),MNH,True,,,,,,,"AIA, Great Eastern, HSBC Life, Prudential^, Singlife","Cantonese, English, Hokkien, Mandarin",ME,
loy-heng-chian-andrew,Dr Loy Heng Chian Andrew,Male,Otorhinolaryngology / ENT,Otorhinolaryngologist,ME|MEH,Mount Elizabeth Hospital,2008,text_grad,18,40-49,1,The Ear Nose Throat-Head & Neck Centre,Mount Elizabeth Medical Centre (3 Mount Elizabeth),MEH,True,,,,,,,"AIA, Income, Prudential^","Bahasa Indonesia, Cantonese, English, Hokkien, Mandarin",ME,43
lu-suat-jin,Dr Lu Suat Jin,Male,Nuclear Medicine,Nuclear Medicine Physician,ME|MEH,,,,,,1,Nuclear Medicine & PET Centre,Mount Elizabeth Medical Centre (3 Mount Elizabeth),MEH,True,,,,,,,,English,ME,
lu-wei,Dr Lu Wei,Female,Gastroenterology,Gastroenterologist,GEH|PEH,Gleneagles Hospital|Mount Elizabeth Hospital|Parkway East Hospital,2011,text_years,15,40-49,2,GUTCARE || GUTCARE,Gleneagles Medical Centre (6 Napier Rd) || Parkway East Medical Centre (319 Joo Chiat Pl),GEH|PEH,True,gutCARE,,,gutCARE,,,"AIA, Great Eastern, HSBC Life, Income, Prudential^, Singlife","Cantonese, English, Hokkien, Mandarin",PEH,40
lui-hock-foong,Dr Lui Hock Foong,Male,Gastroenterology,Gastroenterologist,GEH|ME|MNH|PEH,Gleneagles Hospital,1990,text_grad,36,60-69,3,The Gastroenterology Group Pte Ltd || The Gastroenterology Group || The Gastroenterology Group Pte Ltd,Gleneagles Hospital Annexe (6A Napier Rd) || Mount Elizabeth Novena Specialist Centre (38 Irrawaddy Rd) || Parkway East Medical Centre (319 Joo Chiat Pl),GEH|MNH|PEH,True,,,Thomson Medical,,Thomson Medical,,"AIA, Great Eastern, HSBC Life, Income, Prudential^, Singlife",English,PEH,61
lui-nai-lee,Dr Lui Nai Lee,Male,Rheumatology,Rheumatologist,GEH,Gleneagles Hospital,2001,text_grad,25,50-59,1,Lui Centre for Arthritis & Rheumatology,Gleneagles Medical Centre (6 Napier Rd),GEH,True,,,,,,,"AIA, Great Eastern, Income, Prudential^, Singlife","Bahasa Indonesia, English, Malay, Mandarin",GEH,50
lye-kok-weng-eric,Dr Lye Kok Weng Eric,Male,Oral & Maxillofacial Surgery,Oral and Maxillofacial Surgeon,ME|MNH,,,,,,1,The Oral Maxillofacial Practice,Mount Elizabeth Novena Specialist Centre (38 Irrawaddy Rd),MNH,True,,,,,,,,English,ME,
lye-poh-wah-clement,Dr Lye Poh Wah Clement,Male,Oral & Maxillofacial Surgery,Oral and Maxillofacial Surgeon,ME|MNH,,,,,,1,Winston Tan Oral Maxillofacial Surgery,Mount Elizabeth Novena Specialist Centre (38 Irrawaddy Rd),MNH,True,Foundation Healthcare,Foundation Healthcare,Foundation Healthcare,Foundation Healthcare,,,"Great Eastern, HSBC Life, Income, Prudential^","English, Mandarin",ME,
lye-wai-choong,Dr Lye Wai Choong,Male,Renal Medicine,Renal Physician,ME|MEH,Mount Elizabeth Hospital,,,,,1,Centre For Kidney Diseases,Lucky Plaza (304 Orchard Rd),Orchard-other,False,,,,,,,Prudential^,"English, Mandarin",ME,
ma-li,Dr Ma Li,Female,Obstetrics & Gynaecology,Obstetrician & Gynaecologist,ME|MEH,Mount Elizabeth Hospital,2011,text_years,15,40-49,1,Dr Ma Li Clinic For Women & Advanced Pelvic Surgery,Mount Elizabeth Medical Centre (3 Mount Elizabeth),MEH,True,,,,,,,"Income, Prudential^, Singlife","English, Mandarin",ME,40
macdonald-michael-ross,Dr MacDonald Michael Ross,Male,Cardiology,Cardiologist,GEH|ME|MEH|MNH,Mount Elizabeth Hospital,2019,text_grad,7,<40,3,The Harley Street Heart & Vascular Centre || The Harley Street Heart And Vascular Centre || The Harley Street Heart & Vascular Centre,Gleneagles Hospital Annexe (6A Napier Rd) || Mount Elizabeth Medical Centre (3 Mount Elizabeth) || Mount Elizabeth Novena Specialist Centre (38 Irrawaddy Rd),GEH|MEH|MNH,True,HMI Medical,HMI Medical,HMI Medical - Harley Street Heart & Vascular,HMI Medical,,,"AIA, HSBC Life, Income, Prudential^, Singlife",English,GEH,32
mak-koon-hou,Dr Mak Koon Hou,Male,Intensive Care Medicine,Cardiologist,GEH,,1985,text_grad,41,60-69,1,Mak Heart Clinic,Gleneagles Medical Centre (6 Napier Rd),GEH,True,,,,,,,"AIA, Prudential^",English,GEH,66
mallika-nayar,Dr Mallika Nayar,Female,Dermatology,Dermatologist,GEH,Gleneagles Hospital,,,,,1,Mallika's Clinic For Hair & Skin,Gleneagles Medical Centre (6 Napier Rd),GEH,True,,,,,,,,"Bahasa Indonesia, English, Mandarin",GEH,
marco-aurelio-faria-correa,Dr Marco Aurelio Faria Correa,Male,Plastic Surgery,Plastic Surgeon,ME|MNH,Parkway East Hospital,1978,text_grad,48,70+,1,Dr Marco Faria Correa Plastic Surgery,Mount Elizabeth Novena Specialist Centre (38 Irrawaddy Rd),MNH,True,,,Thomson Medical,,Thomson Medical,,,English,ME,73
marianne-anastasia-de-roza,Dr Marianne Anastasia De Roza,Female,Gastroenterology,Gastroenterologist,GEH|ME|MEH|MNH|PEH,Mount Elizabeth Novena Hospital,,,,,4,GUTCARE || GUTCARE || GUTCARE || GUTCARE,Gleneagles Medical Centre (6 Napier Rd) || Mount Elizabeth Medical Centre (3 Mount Elizabeth) || Mount Elizabeth Novena Specialist Centre (38 Irrawaddy Rd) || Parkway East Medical Centre (319 Joo Chiat Pl),GEH|MEH|MNH|PEH,True,gutCARE,gutCARE,gutCARE,gutCARE,,,"AIA, Great Eastern, Income, Prudential^","English, Mandarin",PEH,
mark-hon-wah-ignatius,Dr Mark Hon Wah Ignatius,Male,Otorhinolaryngology / ENT,Otorhinolaryngologist,ME|MEH|PEH,Parkway East Hospital,1994,qual,32,50-59,2,Ascent Ear Nose Throat Specialist Group || Ascent Ear Nose Throat SG East,Mount Elizabeth Medical Centre (3 Mount Elizabeth) || Parkway East Medical Centre (319 Joo Chiat Pl),MEH|PEH,True,,,Thomson Medical,,Thomson Medical,,"AIA, HSBC Life, Prudential^, Singlife",English,PEH,57
martin-huang-hsiang-shui,Dr Martin Huang Hsiang Shui,Male,Plastic Surgery,Plastic Surgeon,ME|MEH,,,,,,1,MH Plastic Surgery,Paragon Medical (290 Orchard Rd),Orchard-other,False,,,,,,,,English,ME,
mathew-ronnie,Dr Mathew Ronnie,Male,General Surgery,General Surgeon,ME|MEH,Mount Elizabeth Hospital,1999,text_years,27,50-59,1,Colorectal Care Specialists (CRCS),Mount Elizabeth Medical Centre (3 Mount Elizabeth),MEH,True,,,,,,,"HSBC Life, Prudential^","English, Hindi, Tamil",ME,52
mccully-leroy-edgar,Dr Mccully Leroy Edgar,Male,Endodontics,Endodontist,ME|MNH,,,,,,1,Dr Leroy Mccully & Associates,Mount Elizabeth Novena Specialist Centre (38 Irrawaddy Rd),MNH,True,,,,,,,,English,ME,
mcgraw-philip-anthony,Dr McGraw Philip Anthony,Male,Orthopaedic Surgery,Orthopaedic Surgeon,ME|MNH|PEH,Mount Elizabeth Novena Hospital|Parkway East Hospital,,,,,2,Avant Hip and Knee Surgery Clinic || Avant Hip and Knee Surgery Clinic,Mount Elizabeth Novena Specialist Centre (38 Irrawaddy Rd) || Parkway East Medical Centre (319 Joo Chiat Pl),MNH|PEH,True,,,Thomson Medical,,Thomson Medical,,"Great Eastern, HSBC Life, Prudential^, Singlife",English,PEH,
melvin-liew-kang-ming,Dr Melvin Liew Kang Ming,Male,Oral & Maxillofacial Surgery,Oral and Maxillofacial Surgeon,ME|MNH,,,,,,1,Winston Tan Oral Maxillofacial Surgery,Mount Elizabeth Novena Specialist Centre (38 Irrawaddy Rd),MNH,True,Foundation Healthcare,Foundation Healthcare,Foundation Healthcare,Foundation Healthcare,,,"Great Eastern, HSBC Life, Income, Prudential^",English,ME,
mi-fang-helen,Dr Mi Fang Helen,Female,Ophthalmology,Ophthalmologist,ME|MEH,Mount Elizabeth Hospital,,,,,1,Claris Eye Centre,Paragon Medical (290 Orchard Rd),Orchard-other,False,,,Thomson Medical,,Thomson Medical,,Prudential^,"English, Mandarin",ME,
mohamad-rosman-bin-othman,Dr Mohamad Rosman Bin Othman,Male,Ophthalmology,Ophthalmologist,ME|MEH,Mount Elizabeth Hospital,2001,text_years,25,50-59,1,Advanced Eye Clinic and Surgery,Mount Elizabeth Medical Centre (3 Mount Elizabeth),MEH,True,,,Thomson Medical,,Thomson Medical,,"Prudential^, Singlife","Bahasa Indonesia, English, Malay, Mandarin",ME,50
mohamed-zulfikar-rasheed,Dr Mohamed Zulfikar Rasheed,Male,Plastic Surgery,Plastic Surgeon,GEH,Mount Elizabeth Novena Hospital,2014,text_grad,12,<40,1,AZATACA Plastic Surgery,Gleneagles Medical Centre (6 Napier Rd),GEH,True,,,,,,,"Great Eastern, Prudential^","Bahasa Indonesia, English, Malay, Mandarin",GEH,37
mohd-mizan-marican,Dr Mohd Mizan Marican,Male,Orthopaedic Surgery,Orthopaedic Surgeon,ME|MEH,Mount Elizabeth Hospital,,,,,1,Orion Orthopaedic Surgery,Mount Elizabeth Medical Centre (3 Mount Elizabeth),MEH,True,,,,,,,"AIA, Great Eastern, HSBC Life, Income, Prudential^, Singlife",English,ME,
mok-kan-hwei-paul,Dr Mok Kan Hwei Paul,Male,Otorhinolaryngology / ENT,Otorhinolaryngologist,ME|MNH,Mount Elizabeth Novena Hospital,1991,text_grad,35,60-69,1,My ENT Specialist,Mount Elizabeth Novena Specialist Centre (38 Irrawaddy Rd),MNH,True,,,,,,,"AIA, Great Eastern, HSBC Life, Income, Prudential^, Singlife",English,ME,60
mok-wan-loong-james,Dr Mok Wan Loong James,Male,Plastic Surgery,Plastic Surgeon,ME|MEH|PEH,Mount Elizabeth Hospital|Parkway East Hospital,2011,text_years,15,40-49,2,Picasso Plastic Surgery || Picasso Plastic Surgery,Mount Elizabeth Medical Centre (3 Mount Elizabeth) || Parkway East Medical Centre (319 Joo Chiat Pl),MEH|PEH,True,,,,,,,"Great Eastern, Income, Prudential^, Singlife","English, Hakka, Mandarin",PEH,40
mok-zhun-rui,Dr Mok Zhun Rui,Male,Dermatology,Dermatologist,GEH|ME|MEH|MNH,Mount Elizabeth Novena Hospital,,,,,3,The Dermatology Practice @ Gleneagles || The Dermatology Practice || The Dermatology Practice - Skin Hair Allergy Laser,Gleneagles Medical Centre (6 Napier Rd) || Mount Elizabeth Medical Centre (3 Mount Elizabeth) || Mount Elizabeth Novena Specialist Centre (38 Irrawaddy Rd),GEH|MEH|MNH,True,,,,,,,"Income, Prudential^","English, Hokkien, Mandarin",GEH,
mondry-adrian,Dr Mondry Adrian,Male,Internal Medicine,Internist,ME|MNH,Mount Elizabeth Novena Hospital,1996,text_years,30,50-59,1,Kaizen Medical,Mount Elizabeth Novena Specialist Centre (38 Irrawaddy Rd),MNH,True,,,,,,,"HSBC Life, Prudential^","English, French, German",ME,55
mow-ming-fook-benjamin,Dr Mow Ming Fook Benjamin,Male,Medical Oncology,Medical Oncologist,ME|MEH,,1990,qual,36,60-69,1,Mow Blood & Cancer Clinic,Mount Elizabeth Medical Centre (3 Mount Elizabeth),MEH,True,,,,,,,"AIA, Great Eastern, Prudential^",English,ME,61
murugasu-koh-belinda,Dr Murugasu-Koh Belinda,Female,Paediatric Medicine,Paediatrician,ME|MEH,,,,,,1,Belinda's Clinic For Children,Mount Elizabeth Medical Centre (3 Mount Elizabeth),MEH,True,,,,,,,,"Bahasa Indonesia, Cantonese, English, Hokkien, Mandarin",ME,
mya-hae-tha-dawn,Dr Mya Hae Tha Dawn,Female,Haematology,Haematologist,ME|MNH,Mount Elizabeth Novena Hospital,2008,text_grad,18,40-49,1,Parkway Cancer Centre,Mount Elizabeth Novena Specialist Centre (38 Irrawaddy Rd),MNH,True,Tamarind Health,,,Tamarind Health,,,"AIA, Great Eastern, HSBC Life, Income, Prudential^, Singlife","English, Mandarin",ME,43
nair-v-p,Dr Nair V P,Male,Cardiology,Cardiologist,ME|MEH,Mount Elizabeth Hospital,1981,text_grad,45,70+,1,Nair Cardiac Medical Centre,Mount Elizabeth Medical Centre (3 Mount Elizabeth),MEH,True,,,,,,,"Income, Prudential^, Singlife","Bahasa Indonesia, English, Hindi, Hokkien, Malayalam, Mandarin, Tamil",ME,70
natascha-ekawati-putri-bunjamin,Dr Natascha Ekawati Putri Bunjamin,Female,General Surgery,General Surgeon,GEH|ME|MEH,Gleneagles Hospital,,,,,2,TEN SURGERY GROUP (Orchard) || Ten Surgery Group (Gleneagles),Gleneagles Medical Centre (6 Napier Rd) || Mount Elizabeth Medical Centre (3 Mount Elizabeth),GEH|MEH,True,,,Thomson Medical,,Thomson Medical,,"HSBC Life, Income, Prudential^","Bahasa Indonesia, English, Hokkien, Malay, Mandarin",GEH,
nei-i-ping,Dr Nei I Ping,Male,Neurology,Neurologist,ME|MEH,Mount Elizabeth Hospital,1970,qual,56,70+,1,Nei Neurology Clinic Pte Ltd,Mount Elizabeth Medical Centre (3 Mount Elizabeth),MEH,True,,,,,,,Prudential^,"Bahasa Indonesia, Cantonese, English, Hokkien, Mandarin, Tamil, Teochew",ME,81
neo-tee-khin,Dr Neo Tee Khin,Male,Prosthodontics,Prosthodontist,ME|MEH,,2016,text_years,10,<40,1,Specialist Dental Group,Mount Elizabeth Medical Centre (3 Mount Elizabeth),MEH,True,Specialist Dental Group,,,Specialist Dental Group,,,,"Cantonese, English, Hokkien, Mandarin, Teochew",ME,35
ng-beng-yeong,Dr Ng Beng Yeong,Male,Psychiatry,Psychiatrist,ME|MNH,Mount Elizabeth Hospital,,,,,1,Ng Beng Yeong Psych Medicine Clinic,Royal Square at Novena (101 Irrawaddy Rd),Novena-other,False,,,,,,,"Income, Prudential^, Singlife","English, Mandarin",ME,
ng-chee-keong-alvin,Dr Ng Chee Keong Alvin,Male,Cardiology,Cardiologist,ME|MNH,Mount Elizabeth Novena Hospital,,,,,1,Jireh Heart Centre,Mount Elizabeth Medical Centre (3 Mount Elizabeth),MEH,True,,,,,,,"HSBC Life, Prudential^","Cantonese, English, Hokkien, Malay, Mandarin",ME,
ng-chee-kwan,Dr Ng Chee Kwan,Male,Urology,Urologist,ME|MNH,Mount Elizabeth Hospital|Mount Elizabeth Novena Hospital,1994,text_grad,32,50-59,1,CK Ng Urology & Minimally Invasive Surgery,Mount Elizabeth Novena Specialist Centre (38 Irrawaddy Rd),MNH,True,,,Thomson Medical,,Thomson Medical,,"AIA, Great Eastern, Income, Prudential^, Singlife","Bahasa Indonesia, Cantonese, English, Hokkien, Mandarin",ME,57
ng-chee-yong-renal,Dr Ng Chee Yong,Male,Renal Medicine,Renal Physician,GEH,Gleneagles Hospital|Mount Elizabeth Novena Hospital,,,,,1,Aide Kidney Care Clinic,Gleneagles Medical Centre (6 Napier Rd),GEH,True,,,,,,,Income,"Cantonese, English, Malay, Mandarin",GEH,
ng-chee-yung,Dr Ng Chee Yung,Male,General Surgery,General Surgeon,ME|MNH|PEH,Mount Elizabeth Novena Hospital|Parkway East Hospital,,,,,2,One Surgical Clinic & Surgery (East) || One Surgical Clinic & Surgery,Mount Elizabeth Medical Centre (3 Mount Elizabeth) || Parkway East Medical Centre (319 Joo Chiat Pl),MEH|PEH,True,,,,,,,"AIA, Great Eastern, HSBC Life, Income, Prudential^, Singlife",English,PEH,
ng-chin-hin,Dr Ng Chin Hin,Male,Haematology,Haematologist,GEH|ME|MNH,Gleneagles Hospital|Mount Elizabeth Novena Hospital,2000,qual,26,50-59,2,Centre for Clinical Haematology || Centre for Clinical Haematology,Gleneagles Hospital Annexe (6A Napier Rd) || Mount Elizabeth Novena Specialist Centre (38 Irrawaddy Rd),GEH|MNH,True,,,Thomson Medical,,Thomson Medical,,"AIA, Great Eastern, HSBC Life, Income, Prudential^, Singlife","Cantonese, English, Hokkien, Malay, Mandarin",GEH,51
ng-choon-yong-alvin,Dr Ng Choon Yong Alvin,Male,Respiratory Medicine,Respiratory Physician,GEH|ME|MEH|PEH,Gleneagles Hospital|Mount Elizabeth Hospital|Parkway East Hospital,2001,text_grad,25,50-59,3,The Respiratory Practice || O2 Lung Centre || The Respiratory Practice,Gleneagles Medical Centre (6 Napier Rd) || Mount Elizabeth Medical Centre (3 Mount Elizabeth) || Parkway East Medical Centre (319 Joo Chiat Pl),GEH|MEH|PEH,True,OUE Healthcare / Healthway,,,OUE Healthcare / Healthway,,,"AIA, Great Eastern, HSBC Life, Income, Prudential^, Singlife","English, Hokkien, Mandarin",PEH,50
ng-choong-meng-alvin,Dr Ng Choong Meng Alvin,Male,Endocrinology,Endocrinologist,ME|MEH|MNH,,1999,text_grad,27,50-59,2,The Endocrine Clinic @ Novena || The Endocrine Clinic,Mount Elizabeth Medical Centre (3 Mount Elizabeth) || Mount Elizabeth Novena Specialist Centre (38 Irrawaddy Rd),MEH|MNH,True,,,,,,,,English,ME,52
ng-hoo-wah,Dr Ng Hoo Wah,Female,Haematology,Haematologist,ME|MEH,Mount Elizabeth Hospital,1973,qual,53,70+,1,Med & Haematology Clinic,Mount Elizabeth Medical Centre (3 Mount Elizabeth),MEH,True,,,,,,,,"Bahasa Indonesia, Cantonese, English, Hokkien, Mandarin",ME,78
ng-hua-bak-ivan,Dr Ng Hua Bak Ivan,Male,Neurosurgery,Neurosurgeon,ME|MNH,Mount Elizabeth Novena Hospital,2006,text_years,20,40-49,1,Neurosurgery Partners. Brain + Spine Solutions,Mount Elizabeth Novena Specialist Centre (38 Irrawaddy Rd),MNH,True,Foundation Healthcare,Foundation Healthcare,Foundation Healthcare,Foundation Healthcare,,,"AIA, Great Eastern, HSBC Life, Income, Prudential^",English,ME,45
ng-hui-wen,Dr. Ng Hui Wen,Female,Plastic Surgery,Plastic Surgeon,ME|MNH,,,,,,1,Lalanne Plastic Surgery,Royal Square at Novena (101 Irrawaddy Rd),Novena-other,False,,,Thomson Medical,,Thomson Medical,,"Income, Prudential^","English, Mandarin",ME,
ng-jen-min-ben,Dr Ng Jen Min Ben,Male,Endocrinology,Endocrinologist,ME|MNH,Mount Elizabeth Novena Hospital,,,,,1,Arden Endocrinology Specialist Clinic Pte Ltd,Mount Elizabeth Novena Specialist Centre (38 Irrawaddy Rd),MNH,True,,,,,,,"AIA, Great Eastern, Income, Prudential^, Singlife",English,ME,
ng-jiansheng-jensen,Dr Ng Jiansheng Jensen,Male,Intensive Care Medicine,Anaesthesiologist,ME|MEH|MNH,,,,,,2,Integrative Critical Care Anaesthesia & Pain Services Pte Ltd || Integrative Pain Centre,Mount Elizabeth Medical Centre (3 Mount Elizabeth) || Mount Elizabeth Novena Specialist Centre (38 Irrawaddy Rd),MEH|MNH,True,,,,,,,,English,ME,
ng-jing-yu,Dr Ng Jing Yu,Male,General Surgery,General Surgeon,ME|MEH,Mount Elizabeth Hospital,2011,text_years,15,40-49,1,ARK Surgical Practice,Mount Elizabeth Medical Centre (3 Mount Elizabeth),MEH,True,,,Thomson Medical,,Thomson Medical,,"HSBC Life, Prudential^","English, Hokkien, Mandarin",ME,40
ng-john,Dr Ng John,Male,Neurology,Neurologist,ME|MNH,Mount Elizabeth Novena Hospital,,,,,1,Ng John Neurology Practice,Mount Elizabeth Novena Specialist Centre (38 Irrawaddy Rd),MNH,True,,,,,,,"AIA, Prudential^","English, Hokkien, Mandarin",ME,
ng-kai-lyn,Dr Ng Kai Lyn,Female,Obstetrics & Gynaecology,Obstetrician & Gynaecologist,ME|MNH,Mount Elizabeth Novena Hospital,,,,,1,Aster Gynaecology,Mount Elizabeth Novena Specialist Centre (38 Irrawaddy Rd),MNH,True,,,Thomson Medical,,Thomson Medical,,"Income, Prudential^, Singlife","English, Mandarin",ME,
ng-kheng-hong,Dr Ng Kheng Hong,Male,General Surgery,General Surgeon,GEH,Gleneagles Hospital,2010,text_grad,16,40-49,1,Ten Surgery Group (Gleneagles),Gleneagles Medical Centre (6 Napier Rd),GEH,True,,,Thomson Medical,,Thomson Medical,,"AIA, Great Eastern, Income, Prudential^, Singlife","Cantonese, English, Hokkien, Mandarin, Teochew",GEH,41
ng-kheng-siang,Dr Ng Kheng Siang,Male,Cardiology,Cardiologist,GEH,,,,,,1,Heart & Arrhythmia Specialist Clinic,Gleneagles Medical Centre (6 Napier Rd),GEH,True,,,,,,,"Income, Prudential^",English,GEH,
ng-kok-heong-alvin,Dr Ng Kok Heong Alvin,Male,Renal Medicine,Renal Physician,ME|MNH,Mount Elizabeth Novena Hospital,2002,text_grad,24,40-49,1,The Kidney Health Care Clinic,Mount Elizabeth Novena Specialist Centre (38 Irrawaddy Rd),MNH,True,,,,,,,"AIA, Great Eastern, HSBC Life, Income, Prudential^, Singlife","Cantonese, English, Hokkien, Malay",ME,49
ng-kwan-chung-kenneth,Dr Ng Kwan Chung Kenneth,Male,Cardiology,Cardiologist,GEH|ME|MEH|MNH,Mount Elizabeth Novena Hospital,1992,text_grad,34,50-59,3,Novena Heart Centre || Novena Heart Centre || Novena Heart Centre,Gleneagles Medical Centre (6 Napier Rd) || Mount Elizabeth Medical Centre (3 Mount Elizabeth) || Mount Elizabeth Novena Specialist Centre (38 Irrawaddy Rd),GEH|MEH|MNH,True,Tamarind Health,,,Tamarind Health,,,"AIA, Great Eastern, HSBC Life, Income, Prudential^, Singlife","Cantonese, English, Mandarin",GEH,59
ng-pei-lin-patricia,Dr Ng Pei Lin Patricia,Female,Dermatology,Dermatologist,ME|MEH|MNH,Gleneagles Hospital,,,,,2,Dermatology Associates || Dermatology Associates,Novena Medical Center (10 Sinaran Dr) || Paragon Medical (290 Orchard Rd),Novena-other|Orchard-other,False,,,,,,,"Income, Prudential^, Singlife",English,ME,
ng-pock-liok,Dr Ng Pock Liok,Male,Gastroenterology,Gastroenterologist,ME|MEH,,,,,,1,Medical & GE Clinic,Mount Elizabeth Medical Centre (3 Mount Elizabeth),MEH,True,,,,,,,,English,ME,
ng-richard,Dr Ng Richard,Male,Cardiology,Cardiologist,ME|MEH,,,,,,1,Cardiology Clinic Pte Ltd,Mount Elizabeth Medical Centre (3 Mount Elizabeth),MEH,True,,,,,,,,"English, Mandarin",ME,
ng-shin-yi,Dr Ng Shin Yi,Male,Intensive Care Medicine,Anaesthesiologist,ME|MNH,,2001,qual,25,50-59,1,Integrative Critical Care Anaesthesia & Pain Services Pte Ltd,Mount Elizabeth Novena Specialist Centre (38 Irrawaddy Rd),MNH,True,,,Thomson Medical,,Thomson Medical,,,English,ME,50
ng-siew-weng,Dr Ng Siew Weng,Male,Plastic Surgery,Plastic Surgeon,GEH,Gleneagles Hospital|Mount Elizabeth Hospital,,,,,1,Sweng Plastic Aesthetic and Reconstructive Surgery,Gleneagles Medical Centre (6 Napier Rd),GEH,True,,,,,,,,"Cantonese, English, Hokkien, Mandarin",GEH,
ng-tsun-gun,Dr Ng Tsun Gun,Male,Renal Medicine,Renal Physician,GEH|ME|MNH,Gleneagles Hospital,1998,text_grad,28,50-59,2,T G Ng Kidney & Medical Centre || Kidney Care Centre,Gleneagles Medical Centre (6 Napier Rd) || Mount Elizabeth Novena Specialist Centre (38 Irrawaddy Rd),GEH|MNH,True,,,,,,,"AIA, Prudential^, Singlife",English,GEH,53
ng-tze-luen-adrian,Dr Ng Tze Luen Adrian,Male,Anaesthesiology,Anaesthesiologist,ME|MEH,,,,,,1,Adrian Ng Anaesthesia Pte Ltd,Mount Elizabeth Medical Centre (3 Mount Elizabeth),MEH,True,,,,,,,,English,ME,
ng-wei-qi-celene,Dr Celene Ng Wei Qi,Female,General Surgery,General Surgeon,GEH,Gleneagles Hospital,,,,,1,The Breast Practice,Gleneagles Hospital Annexe (6A Napier Rd),GEH,True,,,Thomson Medical,,Thomson Medical,,"Great Eastern, HSBC Life, Income, Prudential^, Singlife","English, Mandarin",GEH,
ng-wei-yan,Dr Ng Wei Yan,Male,Ophthalmology,Ophthalmologist,ME|MEH,Mount Elizabeth Hospital,,,,,1,Aurora Eye Centre,Paragon Medical (290 Orchard Rd),Orchard-other,False,Alfa Medicus (ICG),,Thomson Medical,Alfa Medicus (ICG),Thomson Medical,,"Great Eastern, Prudential^","Cantonese, English, Hokkien, Mandarin",ME,
ng-xin-hui-ada,Dr. Ng Xin Hui Ada,Female,Obstetrics & Gynaecology,Obstetrician & Gynaecologist,ME|MNH,Mount Elizabeth Novena Hospital,2011,text_grad,15,40-49,1,Dr Ada Ng Clinic For Women,Mount Elizabeth Novena Specialist Centre (38 Irrawaddy Rd),MNH,True,,,Thomson Medical,,Thomson Medical,,"Income, Prudential^","English, Mandarin",ME,40
ng-yew-poh-vincent,Dr Ng Yew Poh (Vincent),Male,Neurosurgery,Neurosurgeon,ME|MEH|MNH,Mount Elizabeth Hospital,2006,text_years,20,40-49,2,Neurosurgery Partners. Brain + Spine Solutions || Neurosurgery Partners. Brain + Spine Solutions,Mount Elizabeth Medical Centre (3 Mount Elizabeth) || Mount Elizabeth Novena Specialist Centre (38 Irrawaddy Rd),MEH|MNH,True,Foundation Healthcare,Foundation Healthcare,Foundation Healthcare,Foundation Healthcare,,,"Great Eastern, HSBC Life, Income, Prudential^, Singlife","Cantonese, English, Hokkien, Japanese, Malay, Mandarin, Teochew",ME,45
ng-yi-kang,Dr Ng Yi Kang,Male,Gastroenterology,Gastroenterologist,ME|MEH,Mount Elizabeth Hospital,2010,text_grad,16,40-49,1,Heah Colorectal Endoscopy & Piles Centre,Mount Elizabeth Medical Centre (3 Mount Elizabeth),MEH,True,HC Surgical Specialists,HC Surgical Specialists,HC Surgical Specialists,HC Surgical Specialists,,,Prudential^,"English, Hokkien, Mandarin",ME,41
ng-ying-woo,Dr Ng Ying Woo,Male,Obstetrics & Gynaecology,Obstetrician & Gynaecologist,ME|MNH,Mount Elizabeth Novena Hospital,,,,,1,SBCC Women's Clinic (Mount Elizabeth Novena),Mount Elizabeth Novena Specialist Centre (38 Irrawaddy Rd),MNH,True,,,Thomson Medical,,Thomson Medical,,"AIA, Great Eastern, HSBC Life, Prudential^, Singlife",English,ME,
ng-yuen-li,Dr Ng Yuen Li,Female,Diagnostic Radiology,Diagnostic Radiologist,ME|MNH,,,,,,1,Radiology Department,Mount Elizabeth Novena Specialist Centre (38 Irrawaddy Rd),MNH,True,,,,,,IHH hospital department / centre,,English,ME,
ng-yuk-hui,Dr Ng Yuk Hui,Male,Otorhinolaryngology / ENT,Otorhinolaryngologist,ME|MNH|PEH,Mount Elizabeth Novena Hospital,1998,text_grad,28,50-59,2,The ENT Specialist Centre || The ENT Specialist Centre,Mount Elizabeth Novena Specialist Centre (38 Irrawaddy Rd) || Parkway East Medical Centre (319 Joo Chiat Pl),MNH|PEH,True,,,,,,,"AIA, Income, Prudential^, Singlife","English, Hokkien, Malay, Mandarin",PEH,53
ng-yung-chuan-sean,Dr Ng Yung Chuan Sean,Male,Orthopaedic Surgery,Orthopaedic Surgeon,ME|MEH,Gleneagles Hospital,2001,text_grad,25,50-59,1,Cove Orthopaedic Clinic,Mount Elizabeth Medical Centre (3 Mount Elizabeth),MEH,True,,,,,,,"HSBC Life, Prudential^","English, Hokkien, Japanese, Mandarin, Teochew",ME,50
ng-zhaowen-dennis,Dr Dennis Ng Zhaowen,Male,Orthopaedic Surgery,Orthopaedic Surgeon,GEH|ME|MNH,Mount Elizabeth Novena Hospital,2007,qual,19,40-49,3,Asian Healthcare Specialists (Novena) || The Orthopaedic Centre (Novena) || The Orthopaedic Centre (Gleneagles),Gleneagles Medical Centre (6 Napier Rd) || Mount Elizabeth Novena Specialist Centre (38 Irrawaddy Rd),GEH|MNH,True,Doctor Anywhere / AHS,,Thomson Medical,Doctor Anywhere / AHS,Thomson Medical,,"AIA, Great Eastern, HSBC Life, Prudential^, Singlife","English, Hokkien, Mandarin, Teochew",GEH,44
ng-zhi-xu,Dr Ng Zhi Xu,Male,Neurosurgery,Neurosurgeon,GEH|ME|MEH|MNH,Mount Elizabeth Hospital,2007,qual,19,40-49,3,FeM Surgery @ Orchard || FeM Surgery @ Novena || FeM Surgery @ Gleneagles,Gleneagles Medical Centre (6 Napier Rd) || Mount Elizabeth Medical Centre (3 Mount Elizabeth),GEH|MEH,True,,,,,,,"AIA, Great Eastern, HSBC Life, Prudential^, Singlife","English, Mandarin",GEH,44
ngaserin-sabrina-ng-hui-na,Dr Ngaserin Sabrina Ng Hui Na,Female,General Surgery,General Surgeon,GEH|ME|MEH|MNH|PEH,Mount Elizabeth Novena Hospital,2011,text_years,15,40-49,3,Breast Surgery Care Partners || Breast Surgery Care Partners || Parkway MediCentre (The Woodleigh Mall),Mount Elizabeth Medical Centre (3 Mount Elizabeth) || Mount Elizabeth Novena Specialist Centre (38 Irrawaddy Rd) || Parkway MediCentre (IHH community clinic),IHH-community|MEH|MNH,True,,,Thomson Medical,,Thomson Medical,also at Parkway MediCentre,"Great Eastern, Income, Prudential^, Singlife","English, Hokkien, Mandarin",PEH,40
ngiam-shih-kwang-kelvin,Dr Ngiam Shih Kwang Kelvin,Male,Intensive Care Medicine,Anaesthesiologist,ME|MEH,,,,,,1,Specialist Anaesthesia Services Pte Ltd,Mount Elizabeth Medical Centre (3 Mount Elizabeth),MEH,True,,,,,,,,English,ME,
ngiam-thye-eng,Dr Ngiam Thye Eng,Male,Paediatric Medicine,Paediatrician,GEH,,,,,,1,International Clinic & Adolescent,Gleneagles Hospital Annexe (6A Napier Rd),GEH,True,,,,,,,,English,GEH,
ngian-kite-seng,Dr Ngian Kite Seng,Male,Orthopaedic Surgery,Orthopaedic Surgeon,GEH|ME|MEH,,1982,qual,44,60-69,2,Orthopaedics International || Orthopaedics International,Gleneagles Hospital Annexe (6A Napier Rd) || Mount Elizabeth Medical Centre (3 Mount Elizabeth),GEH|MEH,True,Orthopaedics International,,,Orthopaedics International,,,"AIA, Great Eastern, HSBC Life, Income, Prudential^, Singlife","Bahasa Indonesia, English, Hokkien, Mandarin, Teochew",GEH,69
ngo-su-mien-lynette,Dr Ngo Su-Mien Lynette,Female,Medical Oncology,Medical Oncologist,GEH|ME|MEH|MNH,Mount Elizabeth Novena Hospital,,,,,3,Curie Oncology || Curie Oncology & Haematology || Curie Oncology (Gleneagles),Gleneagles Medical Centre (6 Napier Rd) || Mount Elizabeth Medical Centre (3 Mount Elizabeth) || Mount Elizabeth Novena Specialist Centre (38 Irrawaddy Rd),GEH|MEH|MNH,True,Curie Oncology,,,Curie Oncology,,,"AIA, Great Eastern, HSBC Life, Income, Prudential^, Singlife","English, Mandarin",GEH,
ngoi-sing-shang,Dr Ngoi Sing Shang,Male,General Surgery,General Surgeon,GEH,Gleneagles Hospital,1981,text_grad,45,70+,1,Ngoi Surgery,Gleneagles Medical Centre (6 Napier Rd),GEH,True,,,,,,,"AIA, Great Eastern",English,GEH,70
nikam-milind-digamber,Dr Nikam Milind Digamber,Male,Renal Medicine,Renal Physician,PEH,,,,,,1,Dr Sri's Kidney & Medical Clinic Pte Ltd,Parkway East Medical Centre (319 Joo Chiat Pl),PEH,True,,,,,,,,English,PEH,
nikolas-wanahita,Dr Nikolas Wanahita,Male,Cardiology,Cardiologist,ME|MNH,Mount Elizabeth Novena Hospital,,,,,1,Gramercy Heart and Vascular Centre,Mount Elizabeth Novena Specialist Centre (38 Irrawaddy Rd),MNH,True,Foundation Healthcare,,,Foundation Healthcare,,,,"Bahasa Indonesia, English",ME,
nitish-mishra,Dr Nitish Mishra,Male,Endocrinology,Endocrinologist,ME|MNH,Mount Elizabeth Novena Hospital,,,,,1,"Nobel Diabetes, Thyroid and Endocrine Clinic",Mount Elizabeth Novena Specialist Centre (38 Irrawaddy Rd),MNH,True,OUE Healthcare / Healthway,,,OUE Healthcare / Healthway,,,"Great Eastern, HSBC Life, Income, Prudential^, Singlife",English,ME,
noor-hanif-bin-said,Dr Noor Hanif Bin Said,Male,Dermatology,Dermatologist,ME|MNH,,,,,,1,Renaissance Dermatology Specialist Clinic,Mount Elizabeth Novena Specialist Centre (38 Irrawaddy Rd),MNH,True,,,,,,,Prudential^,"Bahasa Indonesia, English",ME,
nor-azhari-bin-mohd-zam,Dr Nor Azhari Bin Mohd Zam,Male,Urology,Urologist,ME|MNH,Mount Elizabeth Novena Hospital,2006,text_years,20,40-49,1,Asian Healthcare Specialists (Novena),Mount Elizabeth Novena Specialist Centre (38 Irrawaddy Rd),MNH,True,Doctor Anywhere / AHS,,Thomson Medical,Doctor Anywhere / AHS,Thomson Medical,,"Great Eastern, Prudential^, Singlife","Bahasa Indonesia, English, Malay",ME,45
oei-pau-ling,Dr Oei Pau Ling,Female,Obstetrics & Gynaecology,Obstetrician & Gynaecologist,GEH,,,,,,1,My Gynae Women's Clinic,Gleneagles Medical Centre (6 Napier Rd),GEH,True,,,,,,,,English,GEH,
oen-tuck-soon-francis,Dr Oen Tuck Soon Francis,Male,Ophthalmology,Ophthalmologist,ME|MEH,,1985,text_grad,41,60-69,1,Singapore Eye & Vision Pte Ltd,Paragon Medical (290 Orchard Rd),Orchard-other,False,,,,,,,"AIA, HSBC Life, Prudential^, Singlife","Cantonese, English, Hokkien, Mandarin",ME,66
oh-boon-ngee-vera,Dr Oh Boon Ngee Vera,Female,Paediatric Medicine,Paediatrician,ME|MNH,,2011,text_years,15,40-49,1,Kinder Clinic Pte Ltd,Mount Elizabeth Medical Centre (3 Mount Elizabeth),MEH,True,,,,,,,,"English, Mandarin",ME,40
oh-chia-chiang-derrick,Dr Oh Chia Chiang Derrick,Male,Orthopaedic Surgery,Orthopaedic Surgeon,GEH,Gleneagles Hospital|Mount Elizabeth Hospital,1995,text_grad,31,50-59,1,Island Orthopaedic Pte Ltd,Gleneagles Medical Centre (6 Napier Rd),GEH,True,,,,,,,"AIA, HSBC Life, Prudential^, Singlife",English,GEH,56
ong-aihui-clara,Dr Ong Aihui Clara,Female,Obstetrics & Gynaecology,Obstetrician & Gynaecologist,GEH|ME|MEH|PEH,Gleneagles Hospital|Mount Elizabeth Hospital|Mount Elizabeth Novena Hospital|Parkway East Hospital,,,,,1,Parkway MediCentre,Parkway MediCentre (IHH community clinic),IHH-community,True,,,Thomson Medical,,Thomson Medical,also at Parkway MediCentre,"Income, Prudential^, Singlife","English, Mandarin",PEH,
ong-cheng-kang,Dr Ong Cheng Kang,Male,Diagnostic Radiology,Diagnostic Radiologist,ME|MEH,Mount Elizabeth Hospital,2001,text_years,25,50-59,1,Radiology Department,Mount Elizabeth Medical Centre (3 Mount Elizabeth),MEH,True,,,,,,IHH hospital department / centre,,English,ME,50
ong-christina,Dr Ong Christina,Female,Paediatric Medicine,Paediatrician,ME|MNH,Mount Elizabeth Novena Hospital,2006,text_years,20,40-49,1,Paediatric & Gastroenterology Clinic,Mount Elizabeth Medical Centre (3 Mount Elizabeth),MEH,True,,,,,,,"AIA, Great Eastern, HSBC Life, Income, Prudential^, Singlife","Cantonese, English, Malay, Mandarin",ME,45
ong-chun-wei-gavin,Dr Ong Chun Wei Gavin,Male,Dermatology,Dermatologist,GEH|ME|MEH|MNH,Gleneagles Hospital,,,,,3,The Dermatology Practice @ Gleneagles || The Dermatology Practice @ Orchard - Skin Hair Allergy Laser || The Dermatology Practice - Skin Hair Allergy Laser,Gleneagles Medical Centre (6 Napier Rd) || Mount Elizabeth Medical Centre (3 Mount Elizabeth) || Mount Elizabeth Novena Specialist Centre (38 Irrawaddy Rd),GEH|MEH|MNH,True,,,,,,,"Great Eastern, Income, Prudential^, Singlife","English, Hokkien, Japanese, Mandarin, Teochew",GEH,
ong-ee-lyn,Dr Ong Ee Lyn,Female,Anaesthesiology,Anaesthesiologist,ME|MEH,,1990,text_grad,36,60-69,1,Group Anaesthesiology Services,Lucky Plaza (304 Orchard Rd),Orchard-other,False,,,,,,,,"Cantonese, English, Hokkien, Mandarin",ME,61
ong-eng-hui-david,Dr Ong Eng Hui David,Male,Gastroenterology,Gastroenterologist,ME|MEH,Mount Elizabeth Hospital,,,,,1,Gastroenterology by David Ong,Mount Elizabeth Medical Centre (3 Mount Elizabeth),MEH,True,,,,,,,"AIA, Great Eastern, Income, Prudential^, Singlife","Cantonese, English, Hokkien, Mandarin, Teochew",ME,
ong-hang-shyan-desmond,Dr Ong Hang Shyan Desmond,Male,Orthopaedic Surgery,Orthopaedic Surgeon,GEH|ME|MNH,Gleneagles Hospital|Mount Elizabeth Novena Hospital,2000,text_grad,26,50-59,2,SportsIn Orthopaedic Clinic (Novena) || SportsIN Orthopaedic Clinic,Gleneagles Medical Centre (6 Napier Rd) || Mount Elizabeth Novena Specialist Centre (38 Irrawaddy Rd),GEH|MNH,True,,,,,,,"Great Eastern, HSBC Life, Income, Prudential^, Singlife","English, Hainanese, Hokkien, Mandarin, Teochew",GEH,51
ong-hean-yee,Dr Ong Hean Yee,Male,Cardiology,Cardiologist,GEH|ME|MNH,Mount Elizabeth Novena Hospital,1994,text_grad,32,50-59,2,Cardiac Solutions Medical Centre || The Heart Practice,Gleneagles Medical Centre (6 Napier Rd) || Mount Elizabeth Novena Specialist Centre (38 Irrawaddy Rd),GEH|MNH,True,Foundation Healthcare,,,Foundation Healthcare,,,"AIA, Great Eastern, HSBC Life, Prudential^, Singlife","Cantonese, English, Hokkien, Malay, Mandarin",GEH,57
ong-jau-lueng-paul,Dr Paul Ong,Male,Cardiology,Cardiologist,GEH|ME|MNH,Mount Elizabeth Novena Hospital,1992,qual,34,50-59,2,Heart Specialist International || The Heart Practice,Gleneagles Medical Centre (6 Napier Rd) || Mount Elizabeth Novena Specialist Centre (38 Irrawaddy Rd),GEH|MNH,True,Foundation Healthcare,,,Foundation Healthcare,,,"AIA, Great Eastern, HSBC Life, Income, Prudential^, Singlife","Bahasa Indonesia, Cantonese, English, Mandarin",GEH,59
ong-jianming-calvin,Dr Ong Jianming Calvin,Male,General Surgery,General Surgeon,GEH|ME|MNH|PEH,Parkway East Hospital,,,,,3,Colorectal Clinic Associates || Colorectal Clinic Associates || Colorectal Clinic Associates,Gleneagles Medical Centre (6 Napier Rd) || Mount Elizabeth Novena Specialist Centre (38 Irrawaddy Rd) || Parkway East Medical Centre (319 Joo Chiat Pl),GEH|MNH|PEH,True,Foundation Healthcare,Foundation Healthcare,Foundation Healthcare|Thomson Medical,Foundation Healthcare,Thomson Medical,,"AIA, Great Eastern, HSBC Life, Prudential^","English, Hokkien, Mandarin",PEH,
ong-joo-haw,Dr Ong Joo Haw,Male,Sports Medicine,Sports Physician,ME|MEH,Mount Elizabeth Hospital,2006,text_years,20,40-49,1,Orthopaedics International,Mount Elizabeth Medical Centre (3 Mount Elizabeth),MEH,True,Orthopaedics International,,,Orthopaedics International,,,"HSBC Life, Prudential^","English, Mandarin",ME,45
ong-kah-chuan,Dr Ong Kah Chuan,Male,Intensive Care Medicine,Anaesthesiologist,ME|MEH,,,,,,1,KC Ong Medical Services,Mount Elizabeth Medical Centre (3 Mount Elizabeth),MEH,True,,,,,,,,English,ME,
ong-kee-leong,Dr Ong Kee Leong,Male,Orthopaedic Surgery,Orthopaedic Surgeon,ME|MNH,Mount Elizabeth Novena Hospital,,,,,1,Synergy Orthopaedic Group,Mount Elizabeth Novena Specialist Centre (38 Irrawaddy Rd),MNH,True,,,,,,,"AIA, Great Eastern, HSBC Life, Income, Prudential^","English, Hokkien, Malay, Mandarin",ME,
ong-kheng-ho-douglas,Dr Ong Kheng Ho Douglas,Male,Obstetrics & Gynaecology,Obstetrician & Gynaecologist,ME|MEH,,,,,,1,Douglas Ong Clinic For Women,Mount Elizabeth Medical Centre (3 Mount Elizabeth),MEH,True,,,,,,,,English,ME,
ong-kheng-yeow-adrian,Dr Ong Kheng Yeow Adrian,Male,Infectious Diseases,Infectious Disease Physician,ME|MEH,Mount Elizabeth Hospital,1991,earliest_qual,35,60-69,1,ID Consult: Specialist Clinic For Infectious Diseases & Travel Health,Mount Elizabeth Medical Centre (3 Mount Elizabeth),MEH,True,,,Raffles Medical Group,,Raffles Medical Group,,"AIA, Great Eastern, Income, Prudential^, Singlife",English,ME,60
ong-kian-chung,Dr Ong Kian Chung,Male,Respiratory Medicine,Respiratory Physician,ME|MEH,Mount Elizabeth Hospital,,,,,1,Chestmed Pte Ltd,Mount Elizabeth Medical Centre (3 Mount Elizabeth),MEH,True,,,,,,,"Great Eastern, Income, Prudential^, Singlife",English,ME,
ong-kim-kiat,Dr Ong Kim Kiat,Male,Cardiothoracic Surgery,Cardiothoracic Surgeon,GEH|ME|MEH,Mount Elizabeth Hospital,,,,,2,K. K. Ong Heart and Lung Clinic || Cardiothoracic Surgical Centre Singapore,Gleneagles Medical Centre (6 Napier Rd) || Mount Elizabeth Medical Centre (3 Mount Elizabeth),GEH|MEH,True,,,,,,,"AIA, Income, Prudential^",English,GEH,
ong-kong-wee,Dr Ong Kong Wee,Male,General Surgery,General Surgeon,ME|MNH,Mount Elizabeth Novena Hospital,,,,,1,K W Ong Breast and General Surgery Clinic,Mount Elizabeth Novena Specialist Centre (38 Irrawaddy Rd),MNH,True,,,,,,,"AIA, Great Eastern, HSBC Life, Income, Prudential^, Singlife","English, Mandarin",ME,
ong-lin-yin,Dr Ong Lin Yin,Female,Paediatric Surgery,Paediatric Surgeon,PEH,,,,,,1,The Little Surgery Centre,Parkway East Medical Centre (319 Joo Chiat Pl),PEH,True,,,,,,,"AIA, Income, Prudential^",English,PEH,
ong-sea-hing,Dr Ong Sea Hing,Male,Cardiology,Cardiologist,ME|MEH|PEH,,2000,text_grad,26,50-59,2,The Cardio CLINIC @ East || The Cardio CLINIC @ Orchard,Mount Elizabeth Medical Centre (3 Mount Elizabeth) || Parkway East Medical Centre (319 Joo Chiat Pl),MEH|PEH,True,,Foundation Healthcare,Foundation Healthcare,Foundation Healthcare,,,"AIA, Great Eastern, HSBC Life, Prudential^, Singlife","Bahasa Indonesia, Cantonese, English, Hokkien, Mandarin",PEH,51
ong-seng-chuan,Dr Ong Seng Chuan,Male,Nuclear Medicine,Nuclear Medicine Physician,ME|MEH|MNH,Mount Elizabeth Hospital,2006,text_years,20,40-49,2,Nuclear Medicine & PET Centre || Radiology Department,Mount Elizabeth Medical Centre (3 Mount Elizabeth) || Mount Elizabeth Novena Specialist Centre (38 Irrawaddy Rd),MEH|MNH,True,,,,,,IHH hospital department / centre,,"English, Mandarin",ME,45
ong-sze-guan,Dr Ong Sze Guan,Male,Ophthalmology,Ophthalmologist,ME|MNH,Mount Elizabeth Novena Hospital,,,,,1,Eye & Retina Surgeons,Mount Elizabeth Medical Centre (3 Mount Elizabeth),MEH,True,Eye & Retina Surgeons,,,Eye & Retina Surgeons,,,,"English, Mandarin",ME,
ong-wei-chen,Dr Ong Wei Chen,Female,Plastic Surgery,Plastic Surgeon,GEH,,1997,text_grad,29,50-59,1,WC Ong Plastic Reconstructive Surgery,Gleneagles Medical Centre (6 Napier Rd),GEH,True,,,,,,,"AIA, HSBC Life, Income, Prudential^","Cantonese, English, Hokkien, Japanese, Malay, Mandarin",GEH,54
ong-yean-sze,Dr Ong Yean Sze,Female,Paediatric Dentistry,Paediatric Dentist,ME|MNH,,,,,,1,Kids Dental World,Mount Elizabeth Medical Centre (3 Mount Elizabeth),MEH,True,,,,,,,,English,ME,
ong-yew-kwang,Dr Ong Yew Kwang,Male,Otorhinolaryngology / ENT,Otorhinolaryngologist,ME|MEH,Mount Elizabeth Hospital,1998,qual,28,50-59,1,Advanced Sinus & Skull Base Centre - ENT,Mount Elizabeth Medical Centre (3 Mount Elizabeth),MEH,True,,,,,,,"Great Eastern, HSBC Life, Prudential^",English,ME,53
oo-kian-kwan-kenneth,Dr Oo Kian Kwan Kenneth,Male,Otorhinolaryngology / ENT,Otorhinolaryngologist,ME|MEH,Mount Elizabeth Hospital,2002,text_grad,24,40-49,1,Ear Nose Throat Head And Neck Surgery,Mount Elizabeth Medical Centre (3 Mount Elizabeth),MEH,True,,Foundation Healthcare,Foundation Healthcare,Foundation Healthcare,,,"AIA, Great Eastern, HSBC Life, Income, Prudential^, Singlife","Bahasa Indonesia, English, Hokkien, Mandarin",ME,49
ooi-boon-swee,Dr Ooi Boon Swee,Male,General Surgery,General Surgeon,ME|MEH,Mount Elizabeth Hospital,1992,text_grad,34,50-59,1,"BS Ooi Colorectal, General & Laparoscopic Surgery Centre",Mount Elizabeth Medical Centre (3 Mount Elizabeth),MEH,True,,,,,,,"AIA, Prudential^, Singlife","Bahasa Indonesia, Cantonese, English, Hokkien, Malay, Mandarin, Teochew",ME,59
ooi-choon-jin,Dr Ooi Choon Jin,Male,Gastroenterology,Gastroenterologist,GEH,Gleneagles Hospital,1989,text_grad,37,60-69,1,GI Associates Gastroenterology,Gleneagles Medical Centre (6 Napier Rd),GEH,True,,,,,,,"AIA, Great Eastern, HSBC Life, Income, Prudential^, Singlife","English, Malay, Mandarin",GEH,62
ooi-guo-shen-desmond,Dr Ooi Guo Shen (Desmond),Male,General Surgery,General Surgeon,ME|MEH,Mount Elizabeth Hospital,2005,earliest_qual,21,40-49,1,Advanced Vascular Centre,Mount Elizabeth Medical Centre (3 Mount Elizabeth),MEH,True,,,,,,,"AIA, Great Eastern, Income, Prudential^, Singlife","Cantonese, English, Hokkien, Malay, Mandarin",ME,46
ooi-lai-hock,Dr Ooi Lai Hock,Male,Orthopaedic Surgery,Orthopaedic Surgeon,ME|MEH|MNH,,1996,qual,30,50-59,2,Island Orthopaedic Pte Ltd || Island Orthopaedic Pte Ltd,Mount Elizabeth Medical Centre (3 Mount Elizabeth) || Mount Elizabeth Novena Specialist Centre (38 Irrawaddy Rd),MEH|MNH,True,,,,,,,"AIA, HSBC Life, Prudential^, Singlife",English,ME,55
ooi-pei-ling,Dr Ooi Pei Ling,Female,Paediatric Medicine,Paediatrician,GEH,,2007,qual,19,40-49,1,International Child & Adolescent Clinic,Gleneagles Hospital Annexe (6A Napier Rd),GEH,True,,,Thomson Medical,,Thomson Medical,,"AIA, Great Eastern, HSBC Life, Income, Prudential^","English, Malay, Mandarin",GEH,44
ooi-seng-huan-adrian,Dr Ooi Seng Huan Adrian,Male,Plastic Surgery,Plastic Surgeon,ME|MEH,Mount Elizabeth Hospital,2006,qual,20,40-49,1,Polaris Plastic & Reconstructive Surgery,Mount Elizabeth Medical Centre (3 Mount Elizabeth),MEH,True,,,,,,,"AIA, HSBC Life, Income, Prudential^","English, Mandarin",ME,45
ooi-wei-seong,Dr Ooi Wei Seong,Male,Medical Oncology,Medical Oncologist,GEH|ME|MEH|MNH,,1999,text_grad,27,50-59,3,OncoCare Cancer Centre || OncoCare Cancer Centre || Oncocare Cancer Centre,Gleneagles Medical Centre (6 Napier Rd) || Mount Elizabeth Medical Centre (3 Mount Elizabeth),GEH|MEH,True,Tamarind Health,Tamarind Health,AARO (Asian American Radiation Oncology)|Raffles Medical Group|Tamarind Health - OncoCare|Thomson Medical,Tamarind Health,Raffles Medical Group|Thomson Medical,,"AIA, Great Eastern, HSBC Life, Income, Prudential^","Bahasa Indonesia, Cantonese, English, Hokkien, Mandarin",GEH,52
ooi-yau-wei,Dr Ooi Yau Wei,Male,Cardiology,Cardiologist,ME|MNH,Mount Elizabeth Novena Hospital,,,,,1,Sozo Cardiology,Mount Elizabeth Novena Specialist Centre (38 Irrawaddy Rd),MNH,True,,,,,,,"AIA, Great Eastern, HSBC Life, Income, Prudential^, Singlife","Bahasa Indonesia, English, Hokkien, Malay, Mandarin",ME,
oon-chong-hau,Dr Oon Chong Hau,Male,Internal Medicine,Internist - Internal Medicine Specialist,ME|MEH,Mount Elizabeth Hospital,,,,,1,Oon CH Clinic,Mount Elizabeth Medical Centre (3 Mount Elizabeth),MEH,True,,,,,,,,"Cantonese, English, Mandarin",ME,
pan-beng-siong-andrew,Dr Pan Beng Siong Andrew,Male,Neurology,Neurologist,ME|MNH,Mount Elizabeth Hospital|Mount Elizabeth Novena Hospital,1991,text_grad,35,60-69,1,"Pan Neurology, Epilepsy and Sleep Disorders Clinic",Mount Elizabeth Novena Specialist Centre (38 Irrawaddy Rd),MNH,True,,,,,,,,"Bahasa Indonesia, English, Mandarin",ME,60
pan-woei-jack,Dr Pan Woei Jack,Male,Orthopaedic Surgery,Orthopaedic Surgeon,ME|MNH,,,,,,1,Pan Orthopaedics & Spine Surgery,Mount Elizabeth Novena Specialist Centre (38 Irrawaddy Rd),MNH,True,,,,,,,"Great Eastern, HSBC Life, Income, Prudential^, Singlife","Bahasa Indonesia, English, Mandarin",ME,
pang-kenny-peter,Dr Pang Kenny Peter,Male,Otorhinolaryngology / ENT,Otorhinolaryngologist,ME|MEH,,,,,,1,Asia Sleep Centre,Paragon Medical (290 Orchard Rd),Orchard-other,False,,,,,,,,English,ME,
pang-shien-ling-angela,Dr Pang Shien Ling Angela,Female,Medical Oncology,Medical Oncologist,GEH|ME|MEH|MNH,Gleneagles Hospital|Mount Elizabeth Hospital,2005,qual,21,40-49,3,OncoCare Women's Cancer Clinic || Oncocare Cancer Centre || OncoCare Cancer Centre,Gleneagles Hospital Annexe (6A Napier Rd) || Mount Elizabeth Medical Centre (3 Mount Elizabeth),GEH|MEH,True,Tamarind Health,Tamarind Health,Tamarind Health - OncoCare|Thomson Medical,Tamarind Health,Thomson Medical,,"AIA, Great Eastern, HSBC Life, Income, Prudential^, Singlife","English, Hokkien, Malay, Mandarin",GEH,46
pang-yi-ping-cindy,Dr Pang Yi Ping Cindy,Female,Obstetrics & Gynaecology,Obstetrician & Gynaecologist,ME|MNH,Mount Elizabeth Novena Hospital,,,,,1,Ascensus - Cindy Pang Clinic for Women & GynaeOncology,Mount Elizabeth Novena Specialist Centre (38 Irrawaddy Rd),MNH,True,,,,,,,"AIA, Income, Prudential^","English, Mandarin, Teochew",ME,
pang-yoke-teen,Dr Pang Yoke Teen,Male,Otorhinolaryngology / ENT,Otorhinolaryngologist,ME|MEH,,1987,qual,39,60-69,1,Centre for Ear Nose Throat Allergy & Snoring,Mount Elizabeth Medical Centre (3 Mount Elizabeth),MEH,True,,,,,,,"AIA, HSBC Life, Prudential^","Bahasa Indonesia, Cantonese, English, Hokkien, Mandarin",ME,64
pang-yu-zhi,Dr Pang Yu Zhi,Male,Neurology,Neurologist,ME|MNH,Mount Elizabeth Novena Hospital,2011,text_years,15,40-49,1,Neurology Brain Care Centre,Mount Elizabeth Medical Centre (3 Mount Elizabeth),MEH,True,,,,,,,"Income, Prudential^, Singlife","English, Malay, Mandarin",ME,40
pang-yuan-ching-audrey,Dr Pang Yuan Ching Audrey,Female,Ophthalmology,Ophthalmologist,PEH,,,,,,1,The Straits Eye Centre for Kids and Adults,Parkway East Medical Centre (319 Joo Chiat Pl),PEH,True,,,,,,,"Great Eastern, Prudential^",English,PEH,
pary-sivaraman,Dr Pary Sivaraman,Male,Renal Medicine,Renal Physician,ME|MEH,,1989,qual,37,60-69,1,The Singapore Clinic for Kidney Diseases,Mount Elizabeth Medical Centre (3 Mount Elizabeth),MEH,True,,,,,,,"HSBC Life, Income, Prudential^",English,ME,62
paul-zhao-songbo,Dr Paul Zhao Songbo,Male,Ophthalmology,Ophthalmologist,ME|MEH|MNH|PEH,Mount Elizabeth Hospital,2002,qual,24,40-49,3,Eagle Eye Centre || Eagle Eye Centre || Eagle Eye Centre,Mount Elizabeth Medical Centre (3 Mount Elizabeth) || Mount Elizabeth Novena Specialist Centre (38 Irrawaddy Rd) || Parkway East Medical Centre (319 Joo Chiat Pl),MEH|MNH|PEH,True,HMI Medical,,,HMI Medical,,,"AIA, Great Eastern, HSBC Life, Income, Prudential^, Singlife","English, Hokkien, Mandarin, Thai",PEH,49
pay-khim-hui,Dr Pay Khim Hui,Male,Diagnostic Radiology,Diagnostic Radiologist,GEH,,,,,,1,Radiology Department,Gleneagles Hospital Annexe (6A Napier Rd),GEH,True,,,,,,IHH hospital department / centre,,English,GEH,
peh-oon-hui-sam,Dr Peh Oon Hui Sam,Male,Urology,Urologist,ME|MEH|MNH|PEH,Mount Elizabeth Hospital|Parkway East Hospital,1989,qual,37,60-69,3,Panasia Surgery Pte Ltd || PanAsia Surgery Pte Ltd || PanAsia Surgery Pte Ltd,Mount Elizabeth Medical Centre (3 Mount Elizabeth) || Mount Elizabeth Novena Specialist Centre (38 Irrawaddy Rd) || Parkway East Medical Centre (319 Joo Chiat Pl),MEH|MNH|PEH,True,Foundation Healthcare,Foundation Healthcare,Foundation Healthcare|PanAsia Surgery,Foundation Healthcare,,,"AIA, Great Eastern, HSBC Life, Income, Prudential^, Singlife","English, Hokkien, Mandarin",PEH,62
peh-wee-ming,Dr Peh Wee Ming,Male,Diagnostic Radiology,Nuclear Medicine Physician,ME|MNH,,,,,,1,Radiology Department,Mount Elizabeth Novena Specialist Centre (38 Irrawaddy Rd),MNH,True,,,,,,IHH hospital department / centre,,English,ME,
pek-chern-kuok-don,Dr Pek Chern Kuok Don,Male,Ophthalmology,Ophthalmologist,GEH,Mount Elizabeth Hospital,2003,qual,23,40-49,1,Lumin Eye Specialists Clinic,Gleneagles Hospital Annexe (6A Napier Rd),GEH,True,,,,,,,"HSBC Life, Prudential^, Singlife","Cantonese, English, Hokkien, Teochew",GEH,48
pek-chong-han,Dr Pek Chong Han,Male,Plastic Surgery,Plastic Surgeon,GEH,Gleneagles Hospital,2008,qual,18,40-49,1,Polaris Plastic & Reconstructive Surgery,Gleneagles Medical Centre (6 Napier Rd),GEH,True,,,Thomson Medical,,Thomson Medical,,"Great Eastern, Prudential^",English,GEH,43
pek-wan-sze,Dr Pek Wan Sze,Female,Plastic Surgery,Plastic Surgeon,GEH|ME|MEH,,,,,,2,Polaris Plastic & Reconstructive Surgery || Polaris Plastic & Reconstructive Surgery,Gleneagles Medical Centre (6 Napier Rd) || Mount Elizabeth Medical Centre (3 Mount Elizabeth),GEH|MEH,True,,,Thomson Medical,,Thomson Medical,,"Great Eastern, Income, Prudential^",English,GEH,
peng-chan-wearn-benedict,Dr Peng Chan Wearn Benedict,Male,Orthopaedic Surgery,Orthopaedic Surgeon,GEH|ME|MEH|MNH,,1996,text_grad,30,50-59,3,Island Orthopaedic Pte Ltd || Island Orthopaedic Pte Ltd || Island Orthopaedic Pte Ltd,Gleneagles Medical Centre (6 Napier Rd) || Mount Elizabeth Medical Centre (3 Mount Elizabeth) || Mount Elizabeth Novena Specialist Centre (38 Irrawaddy Rd),GEH|MEH|MNH,True,,,,,,,"AIA, HSBC Life, Prudential^, Singlife",English,GEH,55
peng-yeong-pin,Dr Peng Yeong Pin,Male,Hand Surgery,Hand Surgeon,GEH|ME|MEH|MNH|PEH,Gleneagles Hospital|Parkway East Hospital,1993,qual,33,50-59,4,Hand Surgery Associates (Novena) || Hand Surgery Associates (Napier) Pte Ltd || Hand Surgery Associates (Parkway East) || Hand Surgery Associates (Orchard),Gleneagles Medical Centre (6 Napier Rd) || Mount Elizabeth Medical Centre (3 Mount Elizabeth) || Parkway East Medical Centre (319 Joo Chiat Pl),GEH|MEH|PEH,True,,Foundation Healthcare,Foundation Healthcare,Foundation Healthcare,,,"AIA, Great Eastern, HSBC Life, Income, Prudential^, Singlife",English,PEH,58
peter-chang,Dr Peter Chang,Male,Cardiology,Cardiologist,ME|MEH,Mount Elizabeth Hospital,2006,text_years,20,40-49,1,Dr. TTLim Cardiology Clinic,Paragon Medical (290 Orchard Rd),Orchard-other,False,,,,,,,"Prudential^, Singlife","English, Hokkien, Mandarin",ME,45
phong-ven-nee-stephenie,Dr Phong Ven Nee Stephenie,Female,Anaesthesiology,Anaesthesiologist,ME|MNH,,,,,,1,Integrative Critical Care Anaesthesia & Pain Services Pte Ltd,Mount Elizabeth Novena Specialist Centre (38 Irrawaddy Rd),MNH,True,,,,,,,,"English, Mandarin",ME,
phoon-wai-leng-jessie,Dr Phoon Wai Leng Jessie,Female,Obstetrics & Gynaecology,Obstetrician & Gynaecologist,ME|MNH,Mount Elizabeth Hospital,2011,text_years,15,40-49,1,STO+G Cancer & Fertility Practice,Mount Elizabeth Novena Specialist Centre (38 Irrawaddy Rd),MNH,True,,,Thomson Medical,,Thomson Medical,,,English,ME,40
phua-cheng-chee-raymond,Dr Phua Cheng Chee Raymond,Male,Ophthalmology,Ophthalmologist,GEH,,,,,,1,Eye Centre & Surgery,Gleneagles Medical Centre (6 Napier Rd),GEH,True,,,,,,,,English,GEH,
phua-shing-kuan-darren,Dr Phua Shing Kuan Darren,Male,Anaesthesiology,Anaesthesiologist,ME|MNH,Mount Elizabeth Novena Hospital,,,,,1,Novena Pain Management Centre,Mount Elizabeth Novena Specialist Centre (38 Irrawaddy Rd),MNH,True,,,,,,,"AIA, Great Eastern, HSBC Life, Income, Prudential^, Singlife","English, Mandarin",ME,
phua-wee-thuan,Dr Phua Wee Thuan,Male,Anaesthesiology,Anaesthesiologist,ME|MEH,,,,,,1,Anaesthetic Associates Singapore,Mount Elizabeth Medical Centre (3 Mount Elizabeth),MEH,True,,,,,,,,"Bahasa Indonesia, Cantonese, English, Hokkien, Mandarin, Tamil, Teochew",ME,
phuah-huan-kee,Dr Phuah Huan Kee,Male,Paediatric Medicine,Paediatrician,GEH,Gleneagles Hospital,1989,text_grad,37,60-69,1,ICAC (Singapore) Pte Ltd,Gleneagles Hospital Annexe (6A Napier Rd),GEH,True,,,Thomson Medical,,Thomson Medical,,,"English, Mandarin",GEH,62
pillay-premkumar,Dr Pillay Premkumar,Male,Neurosurgery,Neurosurgeon,ME|MEH,Mount Elizabeth Hospital|Mount Elizabeth Novena Hospital,,,,,1,Singapore Brain Spine Nerves Centre,Mount Elizabeth Medical Centre (3 Mount Elizabeth),MEH,True,,,,,,,,English,ME,
pillay-ravindran-k-k,Dr Pillay Ravindran K K,,Orthopaedic Surgery,Orthopaedic Surgeon,ME|MEH,,,,,,0,,,,False,,,,,,,"AIA, Income, Prudential^, Singlife",,,
pinakin-vijaykumar-parekh,Dr Pinakin Vijaykumar Parekh,Male,Cardiology,Cardiologist,GEH,Gleneagles Hospital,,,,,1,Trident Heart Centre,Gleneagles Medical Centre (6 Napier Rd),GEH,True,,,Thomson Medical,,Thomson Medical,,"Great Eastern, HSBC Life, Income, Prudential^","Bahasa Indonesia, English, Hindi, Malay",GEH,
png-jin-chye-damian,Dr Png Jin Chye Damian,Male,Urology,Urologist,ME|MEH|PEH,Mount Elizabeth Hospital|Parkway East Hospital,1987,qual,39,60-69,2,Png Urology Pte Ltd || Png Urology Pte Ltd,Mount Elizabeth Medical Centre (3 Mount Elizabeth) || Parkway East Medical Centre (319 Joo Chiat Pl),MEH|PEH,True,,,,,,,"AIA, Great Eastern, HSBC Life, Income, Prudential^, Singlife",English,PEH,64
png-keng-siang,Dr Png Keng Siang,Male,Urology,Urologist,GEH|ME|MEH|MNH,Mount Elizabeth Novena Hospital,2009,text_grad,17,40-49,3,FeM Surgery @ Novena || FeM Surgery @ Orchard || FeM Surgery @ Gleneagles,Gleneagles Medical Centre (6 Napier Rd) || Mount Elizabeth Medical Centre (3 Mount Elizabeth),GEH|MEH,True,,,Raffles Medical Group,,Raffles Medical Group,,"AIA, Great Eastern, HSBC Life, Prudential^, Singlife","English, Mandarin",GEH,42
poh-beow-kiong,Dr Poh Beow Kiong,Male,Urology,Urologist,GEH|ME|MNH,Gleneagles Hospital|Mount Elizabeth Novena Hospital|Parkway East Hospital,,,,,2,B K Poh Urology || Urology Specialists,Gleneagles Medical Centre (6 Napier Rd) || Mount Elizabeth Novena Specialist Centre (38 Irrawaddy Rd),GEH|MNH,True,,,,,,,"AIA, Great Eastern, HSBC Life, Prudential^, Singlife","English, Hokkien, Malay, Mandarin",GEH,
poh-choo-hean,Dr Poh Choo Hean,Male,Gastroenterology,Gastroenterologist,ME|MNH,Mount Elizabeth Hospital,,,,,1,CH Poh Digestive & Liver Clinic Pte. Ltd.,Mount Elizabeth Novena Specialist Centre (38 Irrawaddy Rd),MNH,True,,,,,,,"AIA, Great Eastern, HSBC Life, Income, Prudential^, Singlife","Cantonese, English, Hokkien, Malay, Mandarin",ME,
poh-guo-han-aaron,Dr Poh Guo Han Aaron,Male,General Surgery,General Surgeon,ME|MEH|PEH,Mount Elizabeth Hospital,2004,qual,22,40-49,2,Alpine Surgical Practice || Alpine Surgical Practice,Mount Elizabeth Medical Centre (3 Mount Elizabeth) || Parkway East Medical Centre (319 Joo Chiat Pl),MEH|PEH,True,,,,,,,"AIA, HSBC Life, Income, Prudential^, Singlife","English, Hokkien, Mandarin, Teochew",PEH,47
poh-keng-soon,Dr Poh Keng Soon,Male,Orthopaedic Surgery,Orthopaedic Surgeon,GEH,Gleneagles Hospital,,,,,1,Orthopaedic and Hand Surgery Partners Pte Ltd,Gleneagles Hospital Annexe (6A Napier Rd),GEH,True,,,Thomson Medical,,Thomson Medical,,"HSBC Life, Prudential^, Singlife","Cantonese, English, Hokkien, Malay, Mandarin",GEH,
poh-seng-yew,Dr Poh Seng Yew,Male,Orthopaedic Surgery,Orthopaedic Surgeon,ME|MNH,Mount Elizabeth Hospital,2003,qual,23,40-49,1,Advanced Orthopaedic & Sports Centre,Mount Elizabeth Novena Specialist Centre (38 Irrawaddy Rd),MNH,True,,,Thomson Medical,,Thomson Medical,,"AIA, Great Eastern, HSBC Life, Prudential^","English, Hokkien, Mandarin",ME,48
poh-wei-ting-eugenie,Dr Poh Wei Ting Eugenie,Female,Ophthalmology,Ophthalmologist,ME|MNH,Mount Elizabeth Novena Hospital,2002,text_grad,24,40-49,1,Eye Max Centre,Mount Elizabeth Novena Specialist Centre (38 Irrawaddy Rd),MNH,True,,,,,,,"Great Eastern, HSBC Life, Prudential^","English, Hokkien, Mandarin, Teochew",ME,49
poh-yih-jia,Dr Poh Yih Jia,Female,Rheumatology,Rheumatologist,ME|MNH,Mount Elizabeth Novena Hospital,2006,text_years,20,40-49,1,Centre for Rheumatology & Arthritis,Mount Elizabeth Novena Specialist Centre (38 Irrawaddy Rd),MNH,True,,,,,,,"Income, Prudential^","English, Hokkien, Malay, Mandarin",ME,45
poh-yu-jin,Dr Poh Yu-Jin,Male,Endodontics,Endodontist,ME|MEH,,,,,,1,Mount Elizabeth Dental Surgery,Mount Elizabeth Medical Centre (3 Mount Elizabeth),MEH,True,,,,,,,,English,ME,
poon-shi-hui,Dr Poon Shi Hui,Female,Psychiatry,Psychiatrist,ME|MEH,Mount Elizabeth Hospital,,,,,1,Neuropsychiatry Associates,Mount Elizabeth Medical Centre (3 Mount Elizabeth),MEH,True,,,,,,,,English,ME,
poon-yew-hee-donald,Dr Poon Yew Hee Donald,Male,Medical Oncology,Medical Oncologist,ME|MNH,Mount Elizabeth Novena Hospital,1996,text_grad,30,50-59,1,Dr D.Y.H. Poon & Associates Medical Oncology Clinic Pte Ltd,Mount Elizabeth Novena Specialist Centre (38 Irrawaddy Rd),MNH,True,,,,,,,"AIA, Great Eastern, HSBC Life, Income, Prudential^, Singlife","Cantonese, English, Hokkien, Malay, Mandarin, Teochew",ME,55
por-yong-ming,Dr Por Yong Ming,Male,Ophthalmology,Ophthalmologist,GEH|ME|MNH,,1997,text_grad,29,50-59,2,Eye Surgeons @ Napier || Eye Surgeons @ Novena,Gleneagles Medical Centre (6 Napier Rd) || Mount Elizabeth Novena Specialist Centre (38 Irrawaddy Rd),GEH|MNH,True,,,,,,,"Great Eastern, HSBC Life, Income, Prudential^, Singlife","Bahasa Indonesia, English, Hokkien, Teochew",GEH,54
potjanart-intarasoot,Dr Potjanart Intarasoot,Female,Paediatric Dentistry,Paediatric Dentist,ME|MEH,,1994,text_grad,32,50-59,1,Mount Elizabeth Dental Surgery,Mount Elizabeth Medical Centre (3 Mount Elizabeth),MEH,True,,,,,,,,"English, Mandarin",ME,57
pradeep-raut-prakash,Dr Pradeep Raut,Male,Paediatric Medicine,Paediatrician,ME|MNH,,1997,qual,29,50-59,1,Kinder Clinic Pte Ltd,Mount Elizabeth Medical Centre (3 Mount Elizabeth),MEH,True,,,,,,,"AIA, Great Eastern, Prudential^",English,ME,54
prakash-rameshchandra-paliwal,Dr Prakash Rameshchandra Paliwal,Male,Neurology,Neurologist,GEH,Gleneagles Hospital,2003,qual,23,40-49,1,Paliwal Neurology Clinic,Gleneagles Medical Centre (6 Napier Rd),GEH,True,,,,,,,Prudential^,"English, Hindi",GEH,48
pravin-lingam,Dr Pravin Lingam,Male,General Surgery,General Surgeon,GEH|ME|MEH|PEH,Gleneagles Hospital,2011,text_years,15,40-49,4,Unitas Surgical Clinic || Prime Surgery || Prime Surgery || Unitas Surgical Clinic,Gleneagles Medical Centre (6 Napier Rd) || Mount Elizabeth Medical Centre (3 Mount Elizabeth) || Parkway East Medical Centre (319 Joo Chiat Pl) || Royal Square at Novena (101 Irrawaddy Rd),GEH|MEH|Novena-other|PEH,True,,,,,,,Prudential^,English,PEH,40
prem-harichander-thurairajah,Dr Prem Harichander Thurairajah,Male,Gastroenterology,Gastroenterologist,GEH|ME|MEH|PEH,Mount Elizabeth Hospital,2001,text_years,25,50-59,3,Acorn Gastroenterology || Acorn Gastroenterology || Acorn Gastroenterology,Gleneagles Medical Centre (6 Napier Rd) || Mount Elizabeth Medical Centre (3 Mount Elizabeth) || Parkway East Medical Centre (319 Joo Chiat Pl),GEH|MEH|PEH,True,,,Thomson Medical,,Thomson Medical,,"Great Eastern, HSBC Life, Prudential^","Bahasa Indonesia, English, Malay, Tamil",PEH,50
puah-ken-lee,Dr Puah Ken Lee,Male,Orthopaedic Surgery,Orthopaedic Surgeon,ME|MNH,Mount Elizabeth Novena Hospital,2005,text_grad,21,40-49,1,360 Orthopaedics,Mount Elizabeth Novena Specialist Centre (38 Irrawaddy Rd),MNH,True,,,,,,,"Great Eastern, Prudential^","English, French, Hainanese, Hokkien, Malay, Mandarin",ME,46
qi-maili,Dr Qi Maili,Female,Obstetrics & Gynaecology,Obstetrician & Gynaecologist,ME|MNH,,,,,,1,CK Khoo Clinic for Women & Laparoscopy,Mount Elizabeth Novena Specialist Centre (38 Irrawaddy Rd),MNH,True,,,,,,,"Income, Prudential^",English,ME,
quah-hak-mien,Dr Quah Hak Mien,Male,General Surgery,General Surgeon,GEH,Gleneagles Hospital,2010,text_grad,16,40-49,1,Quah Hak Mien Colorectal Centre,Gleneagles Medical Centre (6 Napier Rd),GEH,True,,,,,,,"AIA, HSBC Life, Income, Prudential^, Singlife","Cantonese, English, Hokkien, Mandarin, Teochew",GEH,41
quan-wai-leong,Dr Quan Wai Leong,Male,Gastroenterology,Gastroenterologist,ME|MNH,,,,,,1,GI Endoscopy and Liver Centre @ Royal Square,Royal Square at Novena (101 Irrawaddy Rd),Novena-other,False,,,Thomson Medical,,Thomson Medical,,"Income, Prudential^","Cantonese, English, Hokkien, Mandarin",ME,
queck-kian-kheng,Dr Queck Kian Kheng,Male,Neurology,Neurologist,ME|MNH,Mount Elizabeth Novena Hospital,2011,text_years,15,40-49,1,Neurology Brain Care Centre,Mount Elizabeth Medical Centre (3 Mount Elizabeth),MEH,True,,,,,,,"Income, Prudential^, Singlife","Cantonese, English, Hokkien, Malay, Mandarin",ME,40
quek-hong-hui-richard,Dr Quek Hong Hui Richard,Male,Medical Oncology,Medical Oncologist,GEH|ME|MEH|MNH,Gleneagles Hospital|Mount Elizabeth Hospital,1997,text_grad,29,50-59,3,Parkway Cancer Centre || Parkway Cancer Centre || Parkway Cancer Centre,Gleneagles Medical Centre (6 Napier Rd) || Mount Elizabeth Medical Centre (3 Mount Elizabeth) || Mount Elizabeth Novena Specialist Centre (38 Irrawaddy Rd),GEH|MEH|MNH,True,Tamarind Health,,,Tamarind Health,,,"AIA, Great Eastern, HSBC Life, Income, Prudential^, Singlife","Cantonese, English, Hokkien, Mandarin, Teochew",GEH,54
quek-leng-choo-pearllyn,Dr Quek Leng Choo Pearllyn,Female,Urology,Urologist,ME|MNH,,,,,,1,Pearllyn Quek Urology & Bladder Control Centre,Royal Square at Novena (101 Irrawaddy Rd),Novena-other,False,,,,,,,"Great Eastern, HSBC Life, Prudential^","English, Malay, Mandarin",ME,
quek-swee-chong,Dr Quek Swee Chong,Male,Obstetrics & Gynaecology,Obstetrician & Gynaecologist,GEH,Gleneagles Hospital,2000,text_grad,26,50-59,1,ASC Clinic for Women,Gleneagles Hospital Annexe (6A Napier Rd),GEH,True,,,Thomson Medical,,Thomson Medical,,"Income, Prudential^",English,GEH,51
quek-swee-san-susan,Dr Quek Swee San Susan,Female,Cardiology,Cardiologist,ME|MEH,Mount Elizabeth Hospital,,,,,1,Susan Quek Heart Care Pte Ltd,Mount Elizabeth Medical Centre (3 Mount Elizabeth),MEH,True,,,,,,,"HSBC Life, Prudential^, Singlife","Bahasa Indonesia, English, Mandarin, Teochew",ME,
quek-tung-lien-desmond,Dr Quek Tung-Lien Desmond,Male,Ophthalmology,Ophthalmologist,ME|MEH|MNH,Mount Elizabeth Hospital,,,,,3,Eagle Eye Centre || Eagle Eye Centre || Eagle Eye Centre,Mount Elizabeth Medical Centre (3 Mount Elizabeth) || Mount Elizabeth Novena Specialist Centre (38 Irrawaddy Rd) || Royal Square at Novena (101 Irrawaddy Rd),MEH|MNH|Novena-other,True,HMI Medical,,,HMI Medical,,,"AIA, Great Eastern, HSBC Life, Income, Prudential^, Singlife","English, Mandarin, Teochew",ME,
radhika-lakshmanan,Dr Radhika Lakshmanan,Female,General Surgery,General Surgeon,ME|MNH,,,,,,1,Me Novena Specialist Group,Mount Elizabeth Novena Specialist Centre (38 Irrawaddy Rd),MNH,True,,,,,,,"AIA, Great Eastern, Income, Prudential^",English,ME,
rajendra-tiruchelvarayan,Dr Rajendra Tiruchelvarayan,Male,Neurosurgery,Neurosurgeon,GEH,Gleneagles Hospital,,,,,1,Spine Neuro Specialist Centre Pte Ltd,Gleneagles Medical Centre (6 Napier Rd),GEH,True,,,,,,,"AIA, Great Eastern, HSBC Life, Prudential^, Singlife",English,GEH,
rajnakova-andrea,Dr Rajnakova Andrea,Female,Gastroenterology,Gastroenterologist,ME|MNH,,,,,,1,"Andrea's Digestive, Colon, Liver and Gallbladder Clinic Pte Ltd",Royal Square at Novena (101 Irrawaddy Rd),Novena-other,False,,,,,,,"Great Eastern, HSBC Life, Prudential^, Singlife","Czech, English, Russian, Slovak",ME,
ramesh-subramaniam,Dr Ramesh Subramaniam,Male,Orthopaedic Surgery,Orthopaedic Surgeon,ME|MNH|PEH,Mount Elizabeth Hospital|Parkway East Hospital,2006,text_grad,20,40-49,2,"Avant Sports, Shoulder and Elbow Surgery Clinic || Avant Sports, Shoulder and Elbow Surgery Clinic",Mount Elizabeth Novena Specialist Centre (38 Irrawaddy Rd) || Parkway East Medical Centre (319 Joo Chiat Pl),MNH|PEH,True,,,,,,,"AIA, Great Eastern, HSBC Life, Prudential^, Singlife","Bahasa Indonesia, English, Malay, Mandarin, Spanish, Tamil",PEH,45
ranjiv-sivanandan,Dr Ranjiv Sivanandan,Male,General Surgery,General Surgeon,ME|MEH,,1991,qual,35,60-69,1,The Thyroid Head & Neck Surgery Centre,Mount Elizabeth Medical Centre (3 Mount Elizabeth),MEH,True,,,,,,,,"Bahasa Indonesia, English",ME,60
rauff-abu,Dr Rauff Abu,Male,General Surgery,General Surgeon,ME|MEH,,1962,text_grad,64,70+,1,Surgery A,Mount Elizabeth Medical Centre (3 Mount Elizabeth),MEH,True,,,,,,,"AIA, Prudential^",English,ME,89
rauff-mary,Dr Rauff Mary,Female,Obstetrics & Gynaecology,Obstetrician & Gynaecologist,ME|MEH,,,,,,1,Gynecology Associates Clinic & Surgery Pte Ltd,Mount Elizabeth Medical Centre (3 Mount Elizabeth),MEH,True,,,,,,,"AIA, Prudential^",English,ME,
ravi-seshadri-srinivasan,Dr Ravi Seshadri @ Srinivasan,Male,Otorhinolaryngology / ENT,Otorhinolaryngologist,ME|MNH,Mount Elizabeth Novena Hospital,1984,qual,42,60-69,1,Novena ENT-Head & Neck Surgery Specialist Centre,Mount Elizabeth Novena Specialist Centre (38 Irrawaddy Rd),MNH,True,,,,,,,"AIA, Great Eastern, HSBC Life, Prudential^, Singlife","Bahasa Indonesia, English, Tamil",ME,67
ravishankar-k-diddapur,Dr Ravishankar K Diddapur,Male,General Surgery,General Surgeon,GEH,Gleneagles Hospital|Mount Elizabeth Novena Hospital,1986,text_grad,40,60-69,1,Specialist Surgery Singapore Pte Ltd,Gleneagles Hospital Annexe (6A Napier Rd),GEH,True,,,,,,,"HSBC Life, Prudential^","English, Hindi, Tamil",GEH,65
razmi-bin-rahmat,Dr Razmi Bin Rahmat,Male,Orthopaedic Surgery,Orthopaedic Surgeon,ME|MNH|PEH,Gleneagles Hospital|Mount Elizabeth Hospital|Parkway East Hospital,1990,qual,36,60-69,2,Avant Spine Surgery Clinic || Avant Spine Surgery Pte Ltd,Mount Elizabeth Novena Specialist Centre (38 Irrawaddy Rd) || Parkway East Medical Centre (319 Joo Chiat Pl),MNH|PEH,True,,,Thomson Medical,,Thomson Medical,,"AIA, Great Eastern, HSBC Life, Income, Prudential^, Singlife",English,PEH,61
richard-guan,Dr Richard Guan,Male,Gastroenterology,Gastroenterologist,ME|MEH,,1979,text_grad,47,70+,1,Medical Clinic One,Mount Elizabeth Medical Centre (3 Mount Elizabeth),MEH,True,,,,,,,,"Bahasa Indonesia, English, Hokkien",ME,72
robless-peter-ashley,Dr Robless Peter Ashley,Male,General Surgery,General Surgeon,ME|MEH,Mount Elizabeth Hospital,,,,,1,Advanced Vascular Centre,Mount Elizabeth Medical Centre (3 Mount Elizabeth),MEH,True,,,,,,,"Great Eastern, HSBC Life, Prudential^","Bahasa Indonesia, English, Hokkien",ME,
rohit-khurana,Dr Rohit Khurana,Male,Cardiology,Cardiologist,GEH|ME|MEH|MNH,Gleneagles Hospital|Mount Elizabeth Hospital,,,,,3,The Harley Street Heart And Vascular Centre || The Harley Street Heart & Vascular Centre || The Harley Street Heart & Vascular Centre,Gleneagles Hospital Annexe (6A Napier Rd) || Mount Elizabeth Medical Centre (3 Mount Elizabeth) || Mount Elizabeth Novena Specialist Centre (38 Irrawaddy Rd),GEH|MEH|MNH,True,HMI Medical,,,HMI Medical,,,"AIA, HSBC Life, Prudential^, Singlife",English,GEH,
ruben-manohara,Dr Ruben Manohara,Male,Orthopaedic Surgery,Orthopaedic Surgeon,GEH|ME|MNH,Gleneagles Hospital,2004,qual,22,40-49,2,SportsIn Orthopaedic Clinic (Novena) || SportsIN Orthopaedic Clinic,Gleneagles Medical Centre (6 Napier Rd) || Mount Elizabeth Novena Specialist Centre (38 Irrawaddy Rd),GEH|MNH,True,,,,,,,"Great Eastern, HSBC Life, Income, Prudential^, Singlife",English,GEH,47
rubuen-chelliah,Dr Rubuen Chelliah,Male,Intensive Care Medicine,Anaesthesiologist,ME|MEH,,,,,,2,Providence Anaesthetic Services || Anaesthesia Unlimited,Mount Elizabeth Medical Centre (3 Mount Elizabeth),MEH,True,,,,,,,,"Bahasa Indonesia, Cantonese, English, Hokkien, Mandarin, Tamil, Teochew",ME,
sabrina-ng-livia,Dr Sabrina Ng Livia,Female,Oral & Maxillofacial Surgery,Oral and Maxillofacial Surgeon,ME|MNH,Mount Elizabeth Novena Hospital,,,,,1,Winston Tan Oral Maxillofacial Surgery,Mount Elizabeth Novena Specialist Centre (38 Irrawaddy Rd),MNH,True,Foundation Healthcare,,,Foundation Healthcare,,,Income,"English, Mandarin",ME,
sandeep-uppal,Dr Sandeep Uppal,Male,Otorhinolaryngology / ENT,Otorhinolaryngologist,GEH|ME|MNH,Gleneagles Hospital|Mount Elizabeth Novena Hospital,1996,text_years,30,50-59,2,The ENT Clinic || THE ENT Clinic,Gleneagles Hospital Annexe (6A Napier Rd) || Mount Elizabeth Novena Specialist Centre (38 Irrawaddy Rd),GEH|MNH,True,Fullerton Health,,,Fullerton Health,,,"HSBC Life, Prudential^","English, Hindi, Punjabi",GEH,55
sanjay-nalachandran,Dr Sanjay Nalachandran,Male,General Surgery,General Surgeon,GEH,Gleneagles Hospital,,,,,1,Vein & General Surgery Clinic Pte Ltd,Gleneagles Hospital Annexe (6A Napier Rd),GEH,True,,,,,,,"AIA, HSBC Life, Income, Prudential^, Singlife","English, Mandarin",GEH,
saumya-shekhar-jamuar,Dr. Saumya Shekhar Jamuar,Male,Paediatric Medicine,Paediatrician,ME|MEH,Mount Elizabeth Hospital,2002,text_grad,24,40-49,1,Centre for Precision Health & Paediatrics,Mount Elizabeth Medical Centre (3 Mount Elizabeth),MEH,True,,,Thomson Medical,,Thomson Medical,,,"English, Hindi",ME,49
saurabh-rastogi,Dr Saurabh Rastogi,Male,Cardiology,Cardiologist,GEH|ME|MNH,Gleneagles Hospital,,,,,2,Nobel Heart Centre (Gleneagles Hospital) || Nobel Heart Centre,Gleneagles Hospital Annexe (6A Napier Rd) || Mount Elizabeth Novena Specialist Centre (38 Irrawaddy Rd),GEH|MNH,True,OUE Healthcare / Healthway,,,OUE Healthcare / Healthway,,,"Great Eastern, HSBC Life, Income, Prudential^, Singlife","English, Hindi",GEH,
saw-huat-seong,Dr Saw Huat Seong,Male,Cardiothoracic Surgery,Cardiothoracic Surgeon,ME|MEH,Gleneagles Hospital|Mount Elizabeth Hospital,,,,,1,Dr H Saw Clinic,Mount Elizabeth Medical Centre (3 Mount Elizabeth),MEH,True,,,,,,,,"Bahasa Indonesia, English, Hokkien, Mandarin, Teochew",ME,
sayampanathan-s-r-e,Dr Sayampanathan S R E,Male,Orthopaedic Surgery,Orthopaedic Surgeon,GEH,Gleneagles Hospital,,,,,1,Orthopaedic 'A' Care Service Pte Ltd,Gleneagles Medical Centre (6 Napier Rd),GEH,True,,,,,,,,"Bahasa Indonesia, English, Tamil",GEH,
schwender-brian-john,Dr Schwender Brian John,Male,Gastroenterology,Gastroenterologist,ME|MNH,Mount Elizabeth Novena Hospital,1990,text_grad,36,60-69,1,Tucker Medical Pte Ltd,Novena Specialist Center (8 Sinaran Dr),Novena-other,False,,,,,,,,English,ME,61
seah-ai-lin-aileen,Dr Seah Ai Lin Aileen,Female,General Surgery,General Surgeon,GEH|ME|MNH|PEH,Gleneagles Hospital|Mount Elizabeth Novena Hospital|Parkway East Hospital,,,,,3,Colorectal Clinic Associates || Colorectal Clinic Associates || Colorectal Clinic Associates,Gleneagles Medical Centre (6 Napier Rd) || Mount Elizabeth Novena Specialist Centre (38 Irrawaddy Rd) || Parkway East Medical Centre (319 Joo Chiat Pl),GEH|MNH|PEH,True,Foundation Healthcare,Foundation Healthcare,Foundation Healthcare,Foundation Healthcare,,,"AIA, Great Eastern, HSBC Life, Income, Prudential^, Singlife",English,PEH,
seah-chee-seng,Dr Seah Chee Seng,Male,Plastic Surgery,Plastic Surgeon,GEH,,,,,,1,The Aesthetic & Plastic Surgery Clinic,Gleneagles Medical Centre (6 Napier Rd),GEH,True,,,,,,,"HSBC Life, Prudential^","English, Hokkien, Mandarin, Teochew",GEH,
seah-dee-wern-melanie,Dr Seah Dee Wern Melanie,Female,General Surgery,General Surgeon,ME|MEH|MNH,Mount Elizabeth Novena Hospital,,,,,2,Melanie Seah Breast Specialist || Panasia Surgery Pte Ltd,Mount Elizabeth Medical Centre (3 Mount Elizabeth) || Mount Elizabeth Novena Specialist Centre (38 Irrawaddy Rd),MEH|MNH,True,Foundation Healthcare,,,Foundation Healthcare,,,"AIA, Great Eastern, HSBC Life, Income, Prudential^, Singlife","English, Hokkien, Malay, Mandarin",ME,
seah-renyi-benjamin,Dr Seah Renyi Benjamin,Male,Orthopaedic Surgery,Orthopaedic Surgeon,GEH|ME|MNH,,,,,,2,Total Orthopaedic Care & Surgery (Gleneagles) || Total Orthopaedic Care & Surgery,Gleneagles Hospital Annexe (6A Napier Rd) || Novena Medical Center (10 Sinaran Dr),GEH|Novena-other,True,HC Surgical Specialists,,,HC Surgical Specialists,,,"Great Eastern, HSBC Life, Income, Prudential^","English, Mandarin",GEH,
seah-tian-ee,Dr Seah Tian Ee,Male,Oral & Maxillofacial Surgery,Oral and Maxillofacial Surgeon,GEH,,,,,,1,TES Clinic for Face and Jaw,Camden Medical Centre (1 Orchard Blvd),Orchard-other,False,,,,,,,,English,GEH,
seah-wee-teck-victor,Dr Seah Wee Teck Victor,Male,Orthopaedic Surgery,Orthopaedic Surgeon,ME|MEH|MNH|PEH,Mount Elizabeth Novena Hospital|Parkway East Hospital,,,,,3,Pinnacle Orthopaedic & Sports Centre (Novena) || Pinnacle Orthopaedic & Sports Centre (East) || Pinnacle Orthopaedic & Sports Centre (Orchard),Mount Elizabeth Medical Centre (3 Mount Elizabeth) || Mount Elizabeth Novena Specialist Centre (38 Irrawaddy Rd) || Parkway East Medical Centre (319 Joo Chiat Pl),MEH|MNH|PEH,True,Foundation Healthcare,Foundation Healthcare,Foundation Healthcare,Foundation Healthcare,,,"AIA, Great Eastern, HSBC Life, Income, Prudential^, Singlife","Cantonese, English, Hokkien, Mandarin",PEH,
seah-yang-howe,Dr Seah Yang Howe,Male,Endodontics,Endodontist,ME|MEH,,1992,text_grad,34,50-59,1,Dr Seah Root Canal + Implant Surgical Clinic,Mount Elizabeth Medical Centre (3 Mount Elizabeth),MEH,True,,,,,,,,English,ME,59
see-chye-heng-andrew,Dr See Chye Heng Andrew,Male,General Surgery,General Surgeon,GEH,Gleneagles Hospital,,,,,1,Andrew See Surgery,Gleneagles Medical Centre (6 Napier Rd),GEH,True,,,,,,,,English,GEH,
see-hui-ti,Dr See Hui Ti,Female,Medical Oncology,Medical Oncologist,ME|MEH|MNH,Gleneagles Hospital|Mount Elizabeth Hospital,,,,,2,Parkway Cancer Centre || Parkway Cancer Centre,Mount Elizabeth Medical Centre (3 Mount Elizabeth) || Mount Elizabeth Novena Specialist Centre (38 Irrawaddy Rd),MEH|MNH,True,Tamarind Health,Tamarind Health,Tamarind Health - Parkway Cancer Centre / TalkMed,Tamarind Health,,,"AIA, Great Eastern, HSBC Life, Income, Prudential^, Singlife","English, Mandarin",ME,
see-jia-hao-jason,Dr See Jia Hao Jason,Male,Cardiology,Cardiologist,ME|MEH|PEH,Parkway East Hospital,,,,,2,The Cardio CLINIC @ East || The Cardio CLINIC @ Orchard,Mount Elizabeth Medical Centre (3 Mount Elizabeth) || Parkway East Medical Centre (319 Joo Chiat Pl),MEH|PEH,True,,Foundation Healthcare,Foundation Healthcare,Foundation Healthcare,,,"Great Eastern, HSBC Life, Prudential^, Singlife","English, Mandarin",PEH,
see-li-shuen-jovina,Dr See Li Shuen Jovina,Female,Ophthalmology,Ophthalmologist,ME|MEH,,1995,qual,31,50-59,1,Singapore Eye & Vision Pte Ltd,Paragon Medical (290 Orchard Rd),Orchard-other,False,,,,,,,"AIA, Great Eastern, HSBC Life, Prudential^, Singlife","Bahasa Indonesia, Cantonese, English, Hokkien, Japanese, Malay, Mandarin",ME,56
see-tho-ving-yuen,Dr See Tho Ving Yuen,Female,Anaesthesiology,Anaesthesiologist,ME|MEH,,,,,,1,SVY Anaesthetics Pte Ltd,Mount Elizabeth Medical Centre (3 Mount Elizabeth),MEH,True,,,,,,,,English,ME,
see-yvonne,Dr See Yvonne,Female,Paediatric Medicine,Paediatrician,GEH,,,,,,1,Dr Yvonne's Clinic For Children & Babies Pte Ltd,Gleneagles Medical Centre (6 Napier Rd),GEH,True,,,,,,,,English,GEH,
sein-lwin,Dr Sein Lwin,Male,Neurosurgery,Neurosurgeon,GEH|ME|MEH,Gleneagles Hospital|Mount Elizabeth Hospital,1994,qual,32,50-59,2,Advanced Brain and Spine Surgical Centre || Advanced Brain and Spine Surgical Centre,Gleneagles Medical Centre (6 Napier Rd) || Mount Elizabeth Medical Centre (3 Mount Elizabeth),GEH|MEH,True,Beyond Medical Group,,,Beyond Medical Group,,,"Great Eastern, HSBC Life, Income, Prudential^, Singlife","Burmese, English",GEH,57
seng-chusheng,Dr Seng Chusheng,Male,Orthopaedic Surgery,Orthopaedic Surgeon,ME|MNH|PEH,Mount Elizabeth Novena Hospital|Parkway East Hospital,2005,text_grad,21,40-49,2,Axis Orthopaedic Centre || Axis Orthopaedic Centre,Mount Elizabeth Medical Centre (3 Mount Elizabeth) || Parkway East Medical Centre (319 Joo Chiat Pl),MEH|PEH,True,,,,,,,"Great Eastern, HSBC Life, Income, Prudential^, Singlife",English,PEH,46
seng-shay-way,Dr Seng Shay Way,Male,Obstetrics & Gynaecology,Obstetrician & Gynaecologist,GEH,,1996,text_grad,30,50-59,1,Seng's OG Practice Pte Ltd,Gleneagles Medical Centre (6 Napier Rd),GEH,True,,,Raffles Medical Group,,Raffles Medical Group,,"Great Eastern, HSBC Life, Prudential^",English,GEH,55
seow-choen,Dr Seow Choen,Male,General Surgery,General Surgeon,ME|MEH,Mount Elizabeth Hospital,,,,,1,Seow-Choen Colorectal Surgery Pte Ltd,Paragon Medical (290 Orchard Rd),Orchard-other,False,,,,,,,"HSBC Life, Prudential^",English,ME,
setiobudi-tony,Dr Setiobudi Tony,Male,Orthopaedic Surgery,Orthopaedic Surgeon,ME|MEH,Mount Elizabeth Hospital,,,,,1,Spring Hope Orthopaedic Spine Surgery,Paragon Medical (290 Orchard Rd),Orchard-other,False,,,,,,,"AIA, HSBC Life, Prudential^, Singlife","Bahasa Indonesia, English, Malay",ME,
shakina-rauff,Dr Shakina Rauff,Female,Obstetrics & Gynaecology,Obstetrician & Gynaecologist,ME|MEH,Mount Elizabeth Hospital,,,,,1,Gynecology Associates Clinic & Surgery Pte Ltd,Mount Elizabeth Medical Centre (3 Mount Elizabeth),MEH,True,,,,,,,"AIA, Prudential^",English,ME,
shanker-pasupathy,Dr Shanker Pasupathy,Male,General Surgery,General Surgeon,ME|MEH,Gleneagles Hospital|Mount Elizabeth Hospital,1995,text_grad,31,50-59,1,Digestive Centre,Mount Elizabeth Medical Centre (3 Mount Elizabeth),MEH,True,,,,,,,"Great Eastern, HSBC Life, Prudential^, Singlife","Bahasa Indonesia, English, Malay, Tamil",ME,56
sheares-joseph-h-h,Dr Sheares Joseph H H,Male,Cardiothoracic Surgery,Cardiothoracic Surgeon,ME|MEH,,,,,,1,Cardiothoracic Surgical Centre Singapore,Mount Elizabeth Medical Centre (3 Mount Elizabeth),MEH,True,,,,,,,,English,ME,
sheila-vasoo-sushilan,Dr Sheila Vasoo Sushilan,Female,Rheumatology,Rheumatologist,ME|MNH,,,,,,1,The Arthritis & Rheumatology Clinic,Mount Elizabeth Novena Specialist Centre (38 Irrawaddy Rd),MNH,True,,,,,,,"AIA, Great Eastern, Income, Prudential^, Singlife","English, Mandarin",ME,
shim-hang-hock,Dr Shim Hang Hock,Male,Gastroenterology,Gastroenterologist,GEH|ME|MEH|PEH,Gleneagles Hospital|Parkway East Hospital,2007,text_grad,19,40-49,3,Acorn Gastroenterology || Acorn Gastroenterology || Acorn Gastroenterology,Gleneagles Medical Centre (6 Napier Rd) || Mount Elizabeth Medical Centre (3 Mount Elizabeth) || Parkway East Medical Centre (319 Joo Chiat Pl),GEH|MEH|PEH,True,,,Thomson Medical,,Thomson Medical,,"AIA, Great Eastern, HSBC Life, Income, Prudential^, Singlife","Bahasa Indonesia, English, Malay, Mandarin",PEH,44
shim-weng-hoh-timothy,Dr Shim Weng Hoh Timothy,Male,Plastic Surgery,Plastic Surgeon,ME|MNH,,,,,,1,Eagle Aesthetics & Surgery,Mount Elizabeth Novena Specialist Centre (38 Irrawaddy Rd),MNH,True,,,,,,,"Great Eastern, HSBC Life, Income, Prudential^, Singlife","English, Malay, Mandarin",ME,
siak-jyh-kuen-jay,Dr Siak Jyh Kuen Jay,Male,Ophthalmology,Ophthalmologist,ME|MEH|MNH|PEH,,,,,,3,Eagle Eye Centre || Eagle Eye Centre || Eagle Eye Centre,Mount Elizabeth Medical Centre (3 Mount Elizabeth) || Mount Elizabeth Novena Specialist Centre (38 Irrawaddy Rd) || Parkway East Medical Centre (319 Joo Chiat Pl),MEH|MNH|PEH,True,HMI Medical,,Thomson Medical,HMI Medical,Thomson Medical,,"Great Eastern, HSBC Life, Income, Prudential^, Singlife","English, Hokkien, Mandarin, Teochew",PEH,
sim-chiang-khi,Dr Sim Chiang Khi,Male,Paediatric Surgery,Paediatric Surgeon,ME|MEH,Mount Elizabeth Hospital,1978,qual,48,70+,1,C K Sim General & Paediatric Surgery,Mount Elizabeth Medical Centre (3 Mount Elizabeth),MEH,True,,,,,,,,English,ME,73
sim-guat-bee-irene,dr Sim Guat Bee Irene,Female,Endodontics,Endodontist,ME|MEH,Mount Elizabeth Hospital,,,,,1,Specialist Dental Group,Mount Elizabeth Medical Centre (3 Mount Elizabeth),MEH,True,Specialist Dental Group,,,Specialist Dental Group,,,,English,ME,
sim-hong-gee,Dr Sim Hong Gee,Male,Urology,Urologist,GEH,Gleneagles Hospital,1994,text_grad,32,50-59,1,Ravenna Urology Clinic,Gleneagles Medical Centre (6 Napier Rd),GEH,True,,,,,,,"AIA, Income, Prudential^, Singlife","Bahasa Indonesia, Cantonese, English, Hokkien, Mandarin, Teochew",GEH,57
sim-hsien-lin,Dr Sim Hsien Lin,Female,General Surgery,General Surgeon,GEH,Mount Elizabeth Novena Hospital,2002,text_grad,24,40-49,1,Sincere Surgery Centre,Gleneagles Hospital Annexe (6A Napier Rd),GEH,True,,,Thomson Medical,,Thomson Medical,,"Great Eastern, HSBC Life, Prudential^","English, Mandarin",GEH,49
sim-kah-ming,Dr Sim Kah Ming,Male,Anaesthesiology,Anaesthesiologist,ME|MEH,,1982,qual,44,60-69,1,SKM Anaesthesia,Mount Elizabeth Medical Centre (3 Mount Elizabeth),MEH,True,,,,,,,,"Cantonese, English, Hokkien, Mandarin, Teochew",ME,69
sim-kwang-wei-eugene,Dr Sim Kwang Wei Eugene,Male,Cardiothoracic Surgery,Cardiothoracic Surgeon,ME|MEH,,,,,,1,Cardiothoracic Surgical Centre,Mount Elizabeth Medical Centre (3 Mount Elizabeth),MEH,True,,,,,,,,"English, Mandarin",ME,
sim-kwang-yong-christopher,Dr Sim Kwang Yong Christopher,Male,Prosthodontics,Prosthodontist,ME|MEH,,,,,,1,Mount Elizabeth Dental Surgery,Mount Elizabeth Medical Centre (3 Mount Elizabeth),MEH,True,,,,,,,,"English, Hokkien, Mandarin, Teochew",ME,
sin-gwen-li,Dr Sin Gwen Li,Female,Psychiatry,Psychiatrist,GEH,Mount Elizabeth Hospital,2001,qual,25,50-59,1,Pearl Clinic for Memory & Mental Health Pte Ltd,Gleneagles Medical Centre (6 Napier Rd),GEH,True,,,,,,,,"Cantonese, English, Hokkien, Malay, Mandarin",GEH,50
singaporewalla-reyaz-moiz,Dr Singaporewalla Reyaz Moiz,Male,General Surgery,General Surgeon,GEH|ME|MEH,Gleneagles Hospital|Mount Elizabeth Hospital,,,,,2,Ace Specialist Surgery & Endoscopy Centre || ACE Specialist Surgery & Endoscopy Centre Pte Ltd,Gleneagles Medical Centre (6 Napier Rd) || Mount Elizabeth Medical Centre (3 Mount Elizabeth),GEH|MEH,True,,,,,,,"HSBC Life, Prudential^","English, Gujarati, Hindi, Marathi",GEH,
singh-baldev-dental,Dr Singh Baldev (Dental),Male,Oral & Maxillofacial Surgery,Oral and Maxillofacial Surgeon,GEH,,,,,,1,Singh Implant & Dental Surgery,Gleneagles Medical Centre (6 Napier Rd),GEH,True,,,,,,,,English,GEH,
singh-sarbjit,Dr Singh Sarbjit,Male,Orthopaedic Surgery,Orthopaedic Surgeon,ME|MEH,Mount Elizabeth Hospital,1982,qual,44,60-69,1,Centre For Advanced Orthopaedics,Mount Elizabeth Medical Centre (3 Mount Elizabeth),MEH,True,,,,,,,"Prudential^, Singlife","Bahasa Indonesia, English, Hokkien",ME,69
singh-shekhawat-ravindra,Dr Singh Shekhawat Ravindra,Male,Neurology,Neurologist,ME|MNH,Mount Elizabeth Novena Hospital,,,,,1,Ravi Shekhawat Neurology Clinic,Mount Elizabeth Novena Specialist Centre (38 Irrawaddy Rd),MNH,True,,,,,,,"AIA, Great Eastern, HSBC Life, Income, Prudential^, Singlife","English, Hindi, Tamil",ME,
singh-sujit-gill,Dr Singh Sujit Gill,Male,General Surgery,General Surgeon,ME|MEH,Mount Elizabeth Hospital,,,,,1,The Vascular & General Surgery Centre,Paragon Medical (290 Orchard Rd),Orchard-other,False,,,,,,,"AIA, HSBC Life, Prudential^, Singlife",English,ME,
siow-hua-chiang-charles,Dr Siow Hua Chiang Charles,Male,Neurology,Neurologist,ME|MNH,Mount Elizabeth Hospital,1995,text_grad,31,50-59,1,Siow Neurology Headache and Pain Centre,Mount Elizabeth Novena Specialist Centre (38 Irrawaddy Rd),MNH,True,,,,,,,"AIA, Income, Prudential^, Singlife","English, Hokkien, Mandarin, Teochew",ME,56
siow-wei-xuan-james,Dr. Siow Wei Xuan James,Male,Orthopaedic Surgery,Orthopaedic Surgeon,GEH|ME|MEH,Gleneagles Hospital|Mount Elizabeth Hospital,,,,,2,OXFORD ORTHOPAEDIC PTE LTD || Oxford Orthopaedics,Gleneagles Medical Centre (6 Napier Rd) || Mount Elizabeth Medical Centre (3 Mount Elizabeth),GEH|MEH,True,Alfa Medicus (ICG),,,Alfa Medicus (ICG),,,"Great Eastern, Prudential^","English, Hokkien, Mandarin",GEH,
siow-yew-ming-anthony,Dr Siow Yew Ming Anthony,Male,Obstetrics & Gynaecology,Obstetrician & Gynaecologist,GEH,Gleneagles Hospital,2007,text_grad,19,40-49,1,ASC Clinic for Women,Gleneagles Hospital Annexe (6A Napier Rd),GEH,True,,,,,,,"Income, Prudential^","English, Mandarin",GEH,44
sitoh-yih-yiow,Dr Sitoh Yih Yiow,Male,Geriatric Medicine,Geriatrician,ME|MNH,,1991,qual,35,60-69,1,Age-Link Specialist Clinic for Older Persons,Mount Elizabeth Novena Specialist Centre (38 Irrawaddy Rd),MNH,True,,,,,,,,"Cantonese, English, Hokkien, Mandarin, Teochew",ME,60
sivahami-saraswathi-sivananthan,Dr Sivahami Saraswathi Sivananthan,Female,Obstetrics & Gynaecology,Obstetrician & Gynaecologist,ME|MEH,Mount Elizabeth Hospital,2003,qual,23,40-49,1,Astra Women's Specialists,Paragon Medical (290 Orchard Rd),Orchard-other,False,Singapore Medical Group (SMG),Singapore Medical Group (SMG),Singapore Medical Group (SMG),Singapore Medical Group (SMG),,,"Great Eastern, Prudential^","Bahasa Indonesia, English, Malay, Tamil",ME,48
sivasankaran-subramaniam,Dr Sivasankaran Subramaniam,Male,Paediatric Medicine,Paediatrician,ME|MEH|PEH,,1977,qual,49,70+,2,Kinder Clinic Pte Ltd || Kinder Clinic Pte Ltd,Paragon Medical (290 Orchard Rd) || Parkway East Medical Centre (319 Joo Chiat Pl),Orchard-other|PEH,True,,,,,,,,English,PEH,74
sivathasan-cumaraswamy,Dr Sivathasan Cumaraswamy,Male,Intensive Care Medicine,Cardiothoracic Surgeon,ME|MEH,,,,,,1,The Heart Lung & Vascular Centre,Mount Elizabeth Medical Centre (3 Mount Elizabeth),MEH,True,,,,,,,"HSBC Life, Prudential^","English, Tamil",ME,
sng-chelvin-cheryl-agnes,Dr Sng Chelvin Cheryl Agnes,Female,Ophthalmology,Ophthalmologist,ME|MNH,Mount Elizabeth Novena Hospital,2005,qual,21,40-49,1,Chelvin Sng Eye Centre,Mount Elizabeth Novena Specialist Centre (38 Irrawaddy Rd),MNH,True,,,,,,,,"English, Mandarin",ME,46
sng-kevin-kaity,Dr Sng Kevin Kaity,Male,General Surgery,General Surgeon,GEH|ME|MNH,Gleneagles Hospital,2012,text_grad,14,<40,2,K K Sng Colorectal & General Surgery || K K Sng Colorectal & General Surgery,Gleneagles Medical Centre (6 Napier Rd) || Mount Elizabeth Novena Specialist Centre (38 Irrawaddy Rd),GEH|MNH,True,,,Thomson Medical,,Thomson Medical,,"HSBC Life, Prudential^, Singlife","English, Mandarin",GEH,39
sng-soo-pheow,Dr Sng Soo Pheow,Male,Obstetrics & Gynaecology,Obstetrician & Gynaecologist,GEH,,,,,,1,SP Sng Women's Clinic & Surgery Pte Ltd,Gleneagles Medical Centre (6 Napier Rd),GEH,True,,,,,,,,English,GEH,
sng-wei-ee-karen,Dr Sng Wei-Ee Karen,Female,Plastic Surgery,Plastic Surgeon,ME|MEH,,,,,,1,The Plastic Surgery Practice @ Orchard,Paragon Medical (290 Orchard Rd),Orchard-other,False,,,,,,,Prudential^,English,ME,
soh-boon-keng-kevin,Dr Soh Boon Keng Kevin,Male,Otorhinolaryngology / ENT,Otorhinolaryngologist,ME|MEH,Mount Elizabeth Hospital,,,,,1,Ear Nose & Throat Partners,Mount Elizabeth Medical Centre (3 Mount Elizabeth),MEH,True,,,,,,,"HSBC Life, Prudential^","Cantonese, English, Hokkien, Malay, Mandarin, Tamil, Teochew",ME,
soh-i-peng-thomas,Dr Soh I Peng Thomas,Male,Medical Oncology,Medical Oncologist,GEH|ME|MEH|MNH,Gleneagles Hospital|Mount Elizabeth Novena Hospital,,,,,4,Oncocare Cancer Centre || OncoCare Cancer Centre || OncoCare Cancer Centre || OncoCare Cancer Centre,Gleneagles Hospital Annexe (6A Napier Rd) || Mount Elizabeth Medical Centre (3 Mount Elizabeth),GEH|MEH,True,Tamarind Health,Tamarind Health,Tamarind Health - OncoCare,Tamarind Health,,,"AIA, Great Eastern, HSBC Life, Income, Prudential^, Singlife","English, Hokkien, Malay, Mandarin",GEH,
soh-wah-ek-abel,Dr Soh Wah Ek Abel,Male,Endocrinology,Endocrinologist,ME|MEH,Mount Elizabeth Hospital,2008,text_grad,18,40-49,1,"Abel Soh Diabetes, Thyroid & Endocrine Clinic",Mount Elizabeth Medical Centre (3 Mount Elizabeth),MEH,True,Foundation Healthcare,Foundation Healthcare,Foundation Healthcare,Foundation Healthcare,,,"AIA, Great Eastern, HSBC Life, Income, Prudential^, Singlife","English, Mandarin",ME,43
somasundaram-subramaniam,Dr Somasundaram Subramaniam,Male,Otorhinolaryngology / ENT,Otorhinolaryngologist,PEH,Parkway East Hospital,2006,text_years,20,40-49,1,ENT Plus Specialist Centre,Parkway East Medical Centre (319 Joo Chiat Pl),PEH,True,,,,,,,"HSBC Life, Prudential^, Singlife","Bahasa Indonesia, English, Malay, Tamil",PEH,45
sonawane-vikram-janardan,Dr Sonawane Vikram Janardan,Male,Endocrinology,Endocrinologist,ME|MEH,Mount Elizabeth Hospital,,,,,1,Harmony Thyroid Endocrinology and Diabetes Centre,Mount Elizabeth Medical Centre (3 Mount Elizabeth),MEH,True,,,,,,,"HSBC Life, Income, Prudential^","English, Hindi",ME,
soo-steven,Dr Soo Steven,Male,Dental public health,Public Health Dentist,ME|MEH,,,,,,1,Specialist Dental Group,Mount Elizabeth Medical Centre (3 Mount Elizabeth),MEH,True,Specialist Dental Group,,,Specialist Dental Group,,,,English,ME,
soon-yee-hoong-michael,Dr Soon Yee Hoong Michael,Male,Orthopaedic Surgery,Orthopaedic Surgeon,ME|MEH,Mount Elizabeth Hospital,1997,qual,29,50-59,1,"Atlas Shoulder, Knee and Sports Surgery",Mount Elizabeth Medical Centre (3 Mount Elizabeth),MEH,True,,,,,,,"HSBC Life, Income, Prudential^, Singlife","English, Mandarin",ME,54
sridjaja-ratna,Dr Sridjaja Ratna,Female,Paediatric Medicine,Paediatrician,GEH,Gleneagles Hospital,,,,,1,SBCC Baby & Child Clinic,Gleneagles Medical Centre (6 Napier Rd),GEH,True,,,,,,,"AIA, Great Eastern, HSBC Life, Income, Prudential^","Bahasa Indonesia, English, Hokkien, Malay, Mandarin",GEH,
srinivas-subramanian,Dr Srinivas Subramanian,Male,Renal Medicine,Renal Physician,PEH,Parkway East Hospital,,,,,1,Dr Sri's Kidney & Medical Clinic Pte Ltd,Parkway East Medical Centre (319 Joo Chiat Pl),PEH,True,,,,,,,"Great Eastern, HSBC Life, Prudential^, Singlife","English, Hindi, Tamil",PEH,
sriram-narayanan,Dr Sriram Narayanan,Male,General Surgery,General Surgeon,GEH|ME|MEH|MNH,Gleneagles Hospital|Mount Elizabeth Hospital,1993,text_grad,33,50-59,3,The Harley Street Heart And Vascular Centre || The Harley Street Heart & Vascular Centre || The Harley Street Heart & Vascular Centre,Gleneagles Hospital Annexe (6A Napier Rd) || Mount Elizabeth Medical Centre (3 Mount Elizabeth) || Mount Elizabeth Novena Specialist Centre (38 Irrawaddy Rd),GEH|MEH|MNH,True,HMI Medical,,,HMI Medical,,,"AIA, HSBC Life, Income, Prudential^, Singlife",English,GEH,58
sriram-shankar,Dr Sriram Shankar,Male,Cardiothoracic Surgery,Cardiothoracic Surgeon,GEH,Gleneagles Hospital|Mount Elizabeth Hospital,,,,,1,Shankar Surgery,Gleneagles Medical Centre (6 Napier Rd),GEH,True,,,,,,,"AIA, HSBC Life, Prudential^",English,GEH,
stanley-ralph-ernest,Dr Stanley Ralph Ernest,Male,Otorhinolaryngology / ENT,Otorhinolaryngologist,GEH,Gleneagles Hospital,1978,text_grad,48,70+,1,Stanley ENT And Sinus Centre,Gleneagles Medical Centre (6 Napier Rd),GEH,True,,,,,,,"AIA, HSBC Life, Prudential^, Singlife",English,GEH,73
su-hsien-ching-david,Dr Su Hsien Ching David,Male,Orthopaedic Surgery,Orthopaedic Surgeon,GEH|ME|MNH,Gleneagles Hospital|Mount Elizabeth Hospital,,,,,3,The Orthopaedic Centre (Novena) || Asian Healthcare Specialists (Novena) || The Orthopaedic Centre (Gleneagles),Gleneagles Medical Centre (6 Napier Rd) || Mount Elizabeth Novena Specialist Centre (38 Irrawaddy Rd),GEH|MNH,True,Doctor Anywhere / AHS,,,Doctor Anywhere / AHS,,,"AIA, Great Eastern, HSBC Life, Income, Prudential^, Singlife","Bahasa Indonesia, Cantonese, English, Malay, Mandarin",GEH,
su-hsien-wen-daniel,Dr Su Hsien Wen Daniel,Male,Ophthalmology,Ophthalmologist,ME|MNH,Mount Elizabeth Novena Hospital,,,,,1,Eye & Retina Surgeons,Mount Elizabeth Medical Centre (3 Mount Elizabeth),MEH,True,Eye & Retina Surgeons,,,Eye & Retina Surgeons,,,"AIA, Great Eastern, Prudential^","Bahasa Indonesia, Cantonese, English, Hokkien, Mandarin",ME,
su-jang-wen,Dr Su Jang Wen,Male,Cardiothoracic Surgery,Cardiothoracic Surgeon,GEH,Gleneagles Hospital,1998,text_grad,28,50-59,1,Thoracic & Cardiovascular Surgery Specialist,Gleneagles Medical Centre (6 Napier Rd),GEH,True,,,,,,,"AIA, Great Eastern, HSBC Life, Income, Prudential^, Singlife","Bahasa Indonesia, Cantonese, English, Malay, Mandarin",GEH,53
sulaiman-bin-yusof,Dr Sulaiman Bin Yusof,Male,General Surgery,General Surgeon,GEH|ME|MNH|PEH,Parkway East Hospital,2006,text_years,20,40-49,3,Colorectal Clinic Associates || Colorectal Clinic Associates || Colorectal Clinic Associates,Gleneagles Medical Centre (6 Napier Rd) || Mount Elizabeth Novena Specialist Centre (38 Irrawaddy Rd) || Parkway East Medical Centre (319 Joo Chiat Pl),GEH|MNH|PEH,True,Foundation Healthcare,,,Foundation Healthcare,,,"AIA, Great Eastern, HSBC Life, Prudential^, Singlife","English, Malay",PEH,45
suresh-nair,Dr Suresh Nair,Male,Obstetrics & Gynaecology,Obstetrician & Gynaecologist,ME|MNH,Mount Elizabeth Hospital,,,,,1,"Seed of Life, Fertility & Women's Care Medical Centre",Mount Elizabeth Novena Specialist Centre (38 Irrawaddy Rd),MNH,True,,,,,,,,English,ME,
suresh-nathan-saminathan,Dr Suresh Nathan Saminathan,Male,Orthopaedic Surgery,Orthopaedic Surgeon,ME|MEH,Mount Elizabeth Hospital,1992,text_grad,34,50-59,1,Limb Salvage And Revision Arthroplasty,Mount Elizabeth Medical Centre (3 Mount Elizabeth),MEH,True,,,,,,,"AIA, Prudential^","Bahasa Indonesia, Cantonese, English, Hindi, Hokkien, Malay, Mandarin, Punjabi, Tamil",ME,59
swaminathan-ikshuvanam,Dr Swaminathan Ikshuvanam,Male,General Surgery,General Surgeon,GEH|PEH,Gleneagles Hospital|Parkway East Hospital,1982,qual,44,60-69,2,Swami Surgery Pte Ltd || Swami Surgery Pte Ltd,Gleneagles Medical Centre (6 Napier Rd) || Parkway East Medical Centre (319 Joo Chiat Pl),GEH|PEH,True,,,,,,,,"Bahasa Indonesia, English, Tamil",PEH,69
tan-aik-hau,Dr Tan Aik Hau,Male,Respiratory Medicine,Respiratory Physician,ME|MEH|MNH,Mount Elizabeth Hospital,,,,,2,Respiratory Medical Associates || Respiratory Medical Associates,Mount Elizabeth Medical Centre (3 Mount Elizabeth),MEH,True,,,,,,,"AIA, Great Eastern, Income, Prudential^, Singlife","English, Hokkien, Mandarin",ME,
tan-ban-hock-billy,Dr Tan Ban Hock Billy,Male,Ophthalmology,Ophthalmologist,GEH|ME|MNH,Gleneagles Hospital|Mount Elizabeth Hospital|Mount Elizabeth Novena Hospital,,,,,2,Eye Surgeons @ Napier || Eye Surgeons @ Novena,Gleneagles Medical Centre (6 Napier Rd) || Mount Elizabeth Novena Specialist Centre (38 Irrawaddy Rd),GEH|MNH,True,,,,,,,"Great Eastern, HSBC Life, Income, Prudential^, Singlife",English,GEH,
tan-ban-wei-ronny,Dr Tan Ban Wei Ronny,Male,Urology,Urologist,ME|MEH|PEH,Mount Elizabeth Hospital|Parkway East Hospital,,,,,2,Advanced Urology Associates Pte Ltd || Advanced Urology Associates Pte Ltd,Mount Elizabeth Medical Centre (3 Mount Elizabeth) || Parkway East Medical Centre (319 Joo Chiat Pl),MEH|PEH,True,HMI Medical,,,HMI Medical,,,"AIA, Great Eastern, HSBC Life, Prudential^","Cantonese, English, Hokkien, Mandarin, Teochew",PEH,
tan-bo-chuan,Dr Tan Bo Chuan,Male,General Surgery,General Surgeon,ME|MNH,Mount Elizabeth Novena Hospital,2011,text_years,15,40-49,1,Clinic for Digestive Surgery,Mount Elizabeth Novena Specialist Centre (38 Irrawaddy Rd),MNH,True,Foundation Healthcare,Foundation Healthcare,Foundation Healthcare|Thomson Medical,Foundation Healthcare,Thomson Medical,,"AIA, Great Eastern, HSBC Life, Income, Prudential^, Singlife","Cantonese, English, Hokkien, Malay, Mandarin",ME,40
tan-boon-ya-petrina,Dr Tan Boon Ya Petrina,Female,Ophthalmology,Ophthalmologist,ME|MNH|PEH,Mount Elizabeth Hospital|Parkway East Hospital,,,,,2,Eagle Eye Centre || Eagle Eye Centre,Mount Elizabeth Novena Specialist Centre (38 Irrawaddy Rd) || Parkway East Medical Centre (319 Joo Chiat Pl),MNH|PEH,True,HMI Medical,,,HMI Medical,,,"Great Eastern, HSBC Life, Income, Prudential^, Singlife","English, Hainanese, Hokkien, Mandarin",PEH,
tan-chai-beng,Dr Tan Chai Beng,Male,Neurology,Neurologist,GEH,Gleneagles Hospital,,,,,1,Neurology & Neurophysiology Clinic,Gleneagles Hospital Annexe (6A Napier Rd),GEH,True,,,,,,,"AIA, Great Eastern, Prudential^",English,GEH,
tan-chee-eng,Dr Tan Chee Eng,Male,Endocrinology,Endocrinologist,GEH,Gleneagles Hospital,,,,,1,Dr Tan Chee Eng & Company Pte Ltd,Gleneagles Medical Centre (6 Napier Rd),GEH,True,,,,,,,"Prudential^, Singlife",English,GEH,
tan-chee-seng,Dr Tan Chee Seng,Male,Medical Oncology,Medical Oncologist,GEH|ME|MEH|MNH,Gleneagles Hospital|Mount Elizabeth Hospital,,,,,4,OncoCare Cancer Centre || Oncocare Cancer Centre || OncoCare Cancer Centre || OncoCare Cancer Centre,Gleneagles Medical Centre (6 Napier Rd) || Mount Elizabeth Medical Centre (3 Mount Elizabeth),GEH|MEH,True,Tamarind Health,Tamarind Health,Tamarind Health - OncoCare,Tamarind Health,,,"AIA, Great Eastern, HSBC Life, Income, Prudential^, Singlife","Bahasa Indonesia, English, Malay, Mandarin",GEH,
tan-chen-lung-daryl,Dr Tan Chen Lung Daryl,Male,Haematology,Haematologist,ME|MNH,Mount Elizabeth Novena Hospital,,,,,1,"Dr Daryl Tan Clinic for Lymphoma, Myeloma and Blood Disorders",Mount Elizabeth Novena Specialist Centre (38 Irrawaddy Rd),MNH,True,,,,,,,"AIA, Great Eastern, HSBC Life, Income, Prudential^, Singlife","Bahasa Indonesia, Cantonese, English, Hokkien, Mandarin",ME,
tan-chi-chiu,Dr Tan Chi Chiu,Male,Gastroenterology,Gastroenterologist,GEH,,1983,text_grad,43,60-69,1,Gastroenterology & Medicine International,Gleneagles Medical Centre (6 Napier Rd),GEH,True,,,,,,,,English,GEH,68
tan-chin-kwong-alvin,Dr Tan Chin Kwong Alvin,Male,Orthopaedic Surgery,Orthopaedic Surgeon,ME|MEH|MNH|PEH,Mount Elizabeth Hospital|Mount Elizabeth Novena Hospital|Parkway East Hospital,2011,text_years,15,40-49,3,Pinnacle Orthopaedic & Sports Centre (Orchard) || Pinnacle Orthopaedic & Sports Centre (East) || Pinnacle Orthopaedic & Sports Centre (Novena),Mount Elizabeth Medical Centre (3 Mount Elizabeth) || Mount Elizabeth Novena Specialist Centre (38 Irrawaddy Rd) || Parkway East Medical Centre (319 Joo Chiat Pl),MEH|MNH|PEH,True,Foundation Healthcare,Foundation Healthcare,Foundation Healthcare,Foundation Healthcare,,,"AIA, Great Eastern, HSBC Life, Income, Prudential^, Singlife","Cantonese, English, Hokkien, Mandarin",PEH,40
tan-chong-hiok,Dr Tan Chong Hiok,Male,Cardiology,Cardiologist,ME|MEH|MNH|PEH,Mount Elizabeth Hospital,,,,,3,Asian Heart & Vascular Centre || Asian Heart & Vascular Centre || Asian Heart & Vascular Centre,Mount Elizabeth Medical Centre (3 Mount Elizabeth) || Mount Elizabeth Novena Specialist Centre (38 Irrawaddy Rd) || Parkway East Medical Centre (319 Joo Chiat Pl),MEH|MNH|PEH,True,,,,,,,"AIA, Great Eastern, HSBC Life, Income, Prudential^, Singlife","Cantonese, English, Hokkien, Mandarin",PEH,
tan-chong-tien,Dr Tan Chong Tien,Male,Orthopaedic Surgery,Orthopaedic Surgeon,GEH|ME|MEH,,1974,qual,52,70+,2,Orthopaedics International || Orthopaedics International,Gleneagles Hospital Annexe (6A Napier Rd) || Mount Elizabeth Medical Centre (3 Mount Elizabeth),GEH|MEH,True,Orthopaedics International,,,Orthopaedics International,,,"AIA, HSBC Life, Income, Prudential^, Singlife","Bahasa Indonesia, Cantonese, English, Hokkien, Mandarin",GEH,77
tan-choon-heng-john,Dr Tan Choon Heng John,Male,General Surgery,General Surgeon,ME|MEH,Mount Elizabeth Hospital,,,,,1,The Vein Clinic & Surgery Pte Ltd,Paragon Medical (290 Orchard Rd),Orchard-other,False,,,,,,,"AIA, Great Eastern, Income, Prudential^, Singlife","Bahasa Indonesia, English, Hokkien, Mandarin",ME,
tan-choon-hian-roger,Dr Tan Choon Hian Roger,Male,Renal Medicine,Renal Physician,GEH,Gleneagles Hospital,1997,text_grad,29,50-59,1,Roger Kidney Clinic,Gleneagles Medical Centre (6 Napier Rd),GEH,True,,,,,,,"AIA, HSBC Life, Singlife",English,GEH,54
tan-chuan-chien,Dr Tan Chuan Chien,Male,General Surgery,General Surgeon,GEH|PEH,Gleneagles Hospital,,,,,2,"Ascensus - CC Tan Breast, Thyroid & General Surgery || Ascensus - CC Tan Breast, Thyroid & General Surgery (Parkway East)",Gleneagles Medical Centre (6 Napier Rd) || Parkway East Medical Centre (319 Joo Chiat Pl),GEH|PEH,True,,,Thomson Medical,,Thomson Medical,,"AIA, Great Eastern, HSBC Life, Income, Prudential^, Singlife","Cantonese, English, Hokkien, Malay",PEH,
tan-chue-tin,Dr Tan Chue Tin,Male,Psychiatry,Psychiatrist,ME|MEH,,,,,,1,Tan Chue Tin Clinic Pte Ltd,Paragon Medical (290 Orchard Rd),Orchard-other,False,,,,,,,,"English, Mandarin",ME,
tan-chun-hai,Dr Tan Chun Hai,Male,General Surgery,General Surgeon,GEH|ME|MEH|PEH,Gleneagles Hospital,,,,,2,Surgicare Bariatric & General Surgery || Parkway MediCentre (The Woodleigh Mall),Gleneagles Hospital Annexe (6A Napier Rd) || Parkway MediCentre (IHH community clinic),GEH|IHH-community,True,,,,,,also at Parkway MediCentre,"AIA, Great Eastern, HSBC Life, Prudential^, Singlife","English, Hokkien, Mandarin",PEH,
tan-chyn-hong,Dr Tan Chyn Hong,Male,Orthopaedic Surgery,Orthopaedic Surgeon,GEH|ME|MNH,Mount Elizabeth Novena Hospital,,,,,3,The Orthopaedic Centre (Novena) || Asian Healthcare Specialists (Novena) || The Orthopaedic Centre (Gleneagles),Gleneagles Medical Centre (6 Napier Rd) || Mount Elizabeth Novena Specialist Centre (38 Irrawaddy Rd),GEH|MNH,True,Doctor Anywhere / AHS,,,Doctor Anywhere / AHS,,,"AIA, Great Eastern, HSBC Life, Income, Prudential^, Singlife","English, Mandarin",GEH,
tan-eileen,Dr Tan Eileen,Female,Dermatology,Dermatologist,ME|MEH|MNH,,1991,text_grad,35,60-69,2,Eileen Tan Skin Clinic & Associates || Eileen Tan Skin Clinic & Asscociates,Mount Elizabeth Medical Centre (3 Mount Elizabeth) || Mount Elizabeth Novena Specialist Centre (38 Irrawaddy Rd),MEH|MNH,True,,,,,,,"Great Eastern, HSBC Life, Prudential^, Singlife","Cantonese, English, Hokkien, Mandarin",ME,60
tan-ek-khoon,Dr Tan Ek Khoon,Male,General Surgery,General Surgeon,GEH|ME|MEH,Gleneagles Hospital|Mount Elizabeth Hospital,2011,text_years,15,40-49,2,Digestive & Liver Surgery (Gleneagles) || Digestive & Liver Surgery (Orchard),Gleneagles Medical Centre (6 Napier Rd) || Mount Elizabeth Medical Centre (3 Mount Elizabeth),GEH|MEH,True,,,Thomson Medical,,Thomson Medical,,"HSBC Life, Income, Prudential^, Singlife","English, Mandarin",GEH,40
tan-eng-choon,Dr Tan Eng Choon,Male,Urology,Urologist,ME|MEH,,,,,,1,E C Tan Urology,Mount Elizabeth Medical Centre (3 Mount Elizabeth),MEH,True,,,,,,,"AIA, Prudential^",English,ME,
tan-eng-hock-melvin,Dr Tan Eng Hock Melvin,Male,Cardiology,Cardiologist,ME|MNH,,1983,text_grad,43,60-69,1,Melvin Tan Cardiology Practice,Mount Elizabeth Novena Specialist Centre (38 Irrawaddy Rd),MNH,True,,,,,,,"Great Eastern, Prudential^, Singlife","English, Mandarin",ME,68
tan-enjiu-pauleon,Dr Tan Enjiu Pauleon,Male,General Surgery,General Surgeon,GEH|ME|MEH|MNH,Gleneagles Hospital,2007,qual,19,40-49,3,Colorectal Practice || Colorectal Practice || Colorectal Practice,Gleneagles Medical Centre (6 Napier Rd) || Mount Elizabeth Medical Centre (3 Mount Elizabeth) || Mount Elizabeth Novena Specialist Centre (38 Irrawaddy Rd),GEH|MEH|MNH,True,,,,,,,"HSBC Life, Prudential^, Singlife","Cantonese, English, Hokkien, Malay, Mandarin, Teochew",GEH,44
tan-gek-meng,Dr Tan Gek Meng,Male,Orthopaedic Surgery,Orthopaedic Surgeon,ME|MNH,Gleneagles Hospital,2008,text_years,18,40-49,1,SSOC Novena,Mount Elizabeth Medical Centre (3 Mount Elizabeth),MEH,True,,,,,,,"HSBC Life, Prudential^","English, Hainanese, Hokkien, Malay, Mandarin",ME,43
tan-guan-lim-lincoln,Dr Tan Guan Lim Lincoln,Male,Urology,Urologist,GEH,Gleneagles Hospital,2009,text_grad,17,40-49,1,Tan Urology,Gleneagles Medical Centre (6 Napier Rd),GEH,True,,,,,,,"AIA, Great Eastern, Income, Prudential^","Bahasa Indonesia, English, Mandarin",GEH,42
tan-guoping-kelvin,Dr Tan Guoping Kelvin,Male,Orthopaedic Surgery,Orthopaedic Surgeon,GEH|ME|MNH,Gleneagles Hospital,2007,qual,19,40-49,2,Singapore Sports & Orthopaedic Clinic || SSOC Novena,Gleneagles Medical Centre (6 Napier Rd) || Mount Elizabeth Medical Centre (3 Mount Elizabeth),GEH|MEH,True,,,Thomson Medical,,Thomson Medical,,"Great Eastern, HSBC Life, Prudential^, Singlife","English, Hokkien, Mandarin, Teochew",GEH,44
tan-hiow-meng-denis,Dr Tan Hiow Meng Denis,Male,Dental public health,Public Health Dentist,ME|MEH,,,,,,1,Aura Dental Pte Ltd,Paragon Medical (290 Orchard Rd),Orchard-other,False,,,,,,,,English,ME,
tan-hock-soon-kenneth,Dr Tan Hock Soon Kenneth,Male,Anaesthesiology,Anaesthesiologist,ME|MEH|MNH,Mount Elizabeth Hospital|Mount Elizabeth Novena Hospital,,,,,2,Integrative Critical Care Anaesthesia & Pain Services Pte Ltd || Z Anaesthesia Pte Ltd,Mount Elizabeth Medical Centre (3 Mount Elizabeth) || Mount Elizabeth Novena Specialist Centre (38 Irrawaddy Rd),MEH|MNH,True,,,,,,,,English,ME,
tan-hon-liang,Dr Tan Hon Liang,Male,Anaesthesiology,Anaesthesiologist,ME|MEH|MNH,,,,,,2,Integrative Critical Care Anaesthesia & Pain Services Pte Ltd || Z Anaesthesia Pte Ltd,Mount Elizabeth Medical Centre (3 Mount Elizabeth) || Mount Elizabeth Novena Specialist Centre (38 Irrawaddy Rd),MEH|MNH,True,,,,,,,,"English, Mandarin",ME,
tan-hon-lyn,Dr Tan Hon Lyn,Female,Medical Oncology,Medical Oncologist,GEH|ME|MEH|MNH,,,,,,5,OncoCare Cancer Centre || Oncocare Cancer Centre || Oncocare Cancer Centre || OncoCare Cancer Centre || OncoCare Cancer Centre,Gleneagles Hospital Annexe (6A Napier Rd) || Gleneagles Medical Centre (6 Napier Rd) || Mount Elizabeth Medical Centre (3 Mount Elizabeth),GEH|MEH,True,Tamarind Health,Tamarind Health,Tamarind Health - OncoCare|Thomson Medical,Tamarind Health,Thomson Medical,,"AIA, HSBC Life, Income, Prudential^, Singlife",English,GEH,
tan-hsi-ming-bryan,Dr Tan Hsi Ming Bryan,Male,Orthopaedic Surgery,Orthopaedic Surgeon,ME|MNH,Mount Elizabeth Novena Hospital,,,,,1,ORTHOSPORTS Orthopaedic Surgery & Sports Medicine,Mount Elizabeth Novena Specialist Centre (38 Irrawaddy Rd),MNH,True,,,,,,,"AIA, Great Eastern, HSBC Life, Prudential^","English, Mandarin",ME,
tan-huat-chye-patrick,Dr Tan Huat Chye Patrick,Male,Haematology,Haematologist,ME|MEH,Mount Elizabeth Hospital,,,,,1,Haematology and Stem Cell Transplant Centre,Other: 260 Orchard Road #05-01 Mount Elizabeth @ The Heeren SG 238855,other,False,,,,,,,"Income, Prudential^","Bahasa Indonesia, English",ME,
tan-hui-hui,Dr Tan Hui Hui,Female,Gastroenterology,Gastroenterologist,ME|MEH,Mount Elizabeth Hospital,,,,,1,Hope Gastroenterology and Liver Clinic Pte Ltd,Mount Elizabeth Medical Centre (3 Mount Elizabeth),MEH,True,,,,,,,"AIA, Great Eastern, HSBC Life, Income, Prudential^, Singlife","English, Mandarin",ME,
tan-hui-kian,Dr Tan Hui Kian,Female,Diagnostic Radiology,Diagnostic Radiologist,GEH,,,,,,1,Department Of Radiology,Gleneagles Hospital Annexe (6A Napier Rd),GEH,True,,,,,,IHH hospital department / centre,,English,GEH,
tan-hung-tiong-justin,Dr Tan Hung Tiong Justin,Male,Paediatric Medicine,Paediatrician,ME|MNH,,2003,text_grad,23,40-49,1,Kinder Clinic Pte Ltd,Mount Elizabeth Medical Centre (3 Mount Elizabeth),MEH,True,,,,,,,"AIA, Great Eastern, Income, Prudential^","Bahasa Indonesia, Cantonese, English, Malay, Mandarin",ME,48
tan-hwei-ching-grace,Dr Tan Hwei Ching Grace,Female,General Surgery,General Surgeon,ME|MNH,Gleneagles Hospital|Mount Elizabeth Novena Hospital,2005,qual,21,40-49,2,Melissa Teo Surgery || The Surgical Oncology Clinic,Farrer Park Medical Centre / Connexion || Mount Elizabeth Novena Specialist Centre (38 Irrawaddy Rd),Farrer Park|MNH,True,,,Thomson Medical,,Thomson Medical,,"AIA, HSBC Life, Prudential^, Singlife",English,ME,46
tan-it-sing-audrey,Dr Tan It Sing Audrey,Female,Orthodontics,Orthodontist,ME|MEH,,,,,,1,Mount Elizabeth Orthodontic Clinic,Mount Elizabeth Medical Centre (3 Mount Elizabeth),MEH,True,,,,,,,,English,ME,
tan-jee-lim,Dr Tan Jee Lim,Male,Orthopaedic Surgery,Orthopaedic Surgeon,GEH,Gleneagles Hospital,1989,text_grad,37,60-69,1,JL Sports Medicine & Surgery,Gleneagles Medical Centre (6 Napier Rd),GEH,True,,,,,,,,English,GEH,62
tan-jian-jing,Dr Tan Jian Jing,Male,Cardiology,Cardiologist,ME|MEH|PEH,,,,,,2,The Cardio CLINIC @ Orchard || The Cardio CLINIC @ East,Mount Elizabeth Medical Centre (3 Mount Elizabeth) || Parkway East Medical Centre (319 Joo Chiat Pl),MEH|PEH,True,,Foundation Healthcare,Foundation Healthcare,Foundation Healthcare,,,"Great Eastern, HSBC Life, Prudential^",English,PEH,
tan-jin-bee-elizabeth,Dr Tan Jin Bee Elizabeth,Female,Paediatric Medicine,Paediatric Dentist,PEH,Mount Elizabeth Hospital|Parkway East Hospital,1986,text_years,40,60-69,1,Child Smile @ Parkway East,Parkway East Medical Centre (319 Joo Chiat Pl),PEH,True,,,,,,,,English,PEH,65
tan-jingxian-colin,Dr Tan Jingxian Colin,Male,Diagnostic Radiology,Nuclear Medicine Physician,ME|MEH|MNH,,,,,,2,Radiology Department || Nuclear Medicine & PET Centre,Mount Elizabeth Medical Centre (3 Mount Elizabeth) || Mount Elizabeth Novena Specialist Centre (38 Irrawaddy Rd),MEH|MNH,True,,,,,,IHH hospital department / centre,,English,ME,
tan-jit-ern-jonathan,Dr Tan Jit Ern Jonathan,Male,Intensive Care Medicine,Anaesthesiologist,ME|MNH,,,,,,1,Arukah Healthcare,Mount Elizabeth Novena Specialist Centre (38 Irrawaddy Rd),MNH,True,,Foundation Healthcare,Foundation Healthcare,Foundation Healthcare,,,,English,ME,
tan-jye-yng-jane,Dr Tan Jye Yng Jane,Female,General Surgery,General Surgeon,ME|MEH|MNH,,1997,text_grad,29,50-59,2,Nexus Surgical Associates Pte Ltd || Nexus Surgical Associates Pte Ltd,Mount Elizabeth Medical Centre (3 Mount Elizabeth),MEH,True,Foundation Healthcare,Foundation Healthcare,Foundation Healthcare|Thomson Medical,Foundation Healthcare,Thomson Medical,,"AIA, Great Eastern, HSBC Life, Prudential^, Singlife","English, Hokkien, Mandarin",ME,54
tan-kar-su,Dr Tan Kar-Su,Male,Otorhinolaryngology / ENT,Otorhinolaryngologist,ME|MNH,,,,,,1,The Rhinoplasty Clinic,Mount Elizabeth Novena Specialist Centre (38 Irrawaddy Rd),MNH,True,Foundation Healthcare,Foundation Healthcare,Foundation Healthcare|Raffles Medical Group|Thomson Medical,Foundation Healthcare,Raffles Medical Group|Thomson Medical,,"Great Eastern, Prudential^",English,ME,
tan-ken-jin,Dr Tan Ken Jin,Male,Orthopaedic Surgery,Orthopaedic Surgeon,ME|MNH,Gleneagles Hospital|Mount Elizabeth Novena Hospital,,,,,1,ORTHOSPORTS Orthopaedic Surgery & Sports Medicine,Mount Elizabeth Novena Specialist Centre (38 Irrawaddy Rd),MNH,True,,,Raffles Medical Group|Thomson Medical,,Raffles Medical Group|Thomson Medical,,"AIA, Great Eastern, HSBC Life, Income, Prudential^, Singlife",English,ME,
tan-keng-wein-jeanette,Dr Tan Keng Wein Jeanette,Female,Paediatric Medicine,Paediatrician,PEH,Parkway East Hospital,,,,,1,Parkway East Paediatric Clinic,Parkway East Medical Centre (319 Joo Chiat Pl),PEH,True,,,,,,,Singlife,"English, Mandarin",PEH,
tan-keng-yew-adrian,Dr Tan Keng Yew Adrian,Male,Neurology,Neurologist,ME|MEH,,,,,,2,Adrian Tan Neurology Practice Pte Ltd || 24Hr Walk-In Clinic And A&E,Mount Elizabeth Medical Centre (3 Mount Elizabeth),MEH,True,,,,,,,"AIA, Great Eastern, Income, Prudential^, Singlife",English,ME,
tan-khai-tong,Dr Tan Khai Tong,Male,Endocrinology,Endocrinologist,ME|MEH,,,,,,1,The Diabetes & Endocrine Clinic,Mount Elizabeth Medical Centre (3 Mount Elizabeth),MEH,True,,,,,,,,"English, Mandarin",ME,
tan-khiaw-ngiap-james,Dr Tan Khiaw Ngiap James,Male,Urology,Urologist,ME|MEH|MNH|PEH,Gleneagles Hospital|Mount Elizabeth Hospital,1990,qual,36,60-69,3,Advanced Urology Associates Pte Ltd || Advanced Urology Associates Pte Ltd || Advanced Urology Associates Pte Ltd,Mount Elizabeth Medical Centre (3 Mount Elizabeth) || Mount Elizabeth Novena Specialist Centre (38 Irrawaddy Rd) || Parkway East Medical Centre (319 Joo Chiat Pl),MEH|MNH|PEH,True,HMI Medical,,,HMI Medical,,,"AIA, Great Eastern, HSBC Life, Prudential^","Bahasa Indonesia, Cantonese, English, Hokkien, Mandarin, Teochew",PEH,61
tan-kian-meng,Dr Tan Kian Meng,Male,Prosthodontics,Prosthodontist,ME|MEH,Mount Elizabeth Hospital,,,,,1,Specialist Dental Group,Mount Elizabeth Medical Centre (3 Mount Elizabeth),MEH,True,Specialist Dental Group,,,Specialist Dental Group,,,,English,ME,
tan-kian-teo,Dr Tan Kian Teo,Male,Dermatology,Dermatologist,ME|MEH,,,,,,1,Skin Physicians,Mount Elizabeth Medical Centre (3 Mount Elizabeth),MEH,True,,,,,,,"AIA, HSBC Life, Income, Prudential^, Singlife","Cantonese, English, Hokkien, Mandarin, Teochew",ME,
tan-kim-siang-luke,Dr Tan Kim Siang Luke,Male,Otorhinolaryngology / ENT,Otorhinolaryngologist,ME|MEH,Mount Elizabeth Hospital,2000,text_grad,26,50-59,1,Luke Tan Ear Nose Throat & Thyroid Surgery,Mount Elizabeth Medical Centre (3 Mount Elizabeth),MEH,True,,,,,,,"AIA, Income, Prudential^","Bahasa Indonesia, Cantonese, English, Hokkien, Mandarin, Teochew, Vietnamese",ME,51
tan-kok-kong,Dr Tan Kok Kong,Male,Obstetrics & Gynaecology,Obstetrician & Gynaecologist,GEH,,,,,,1,Dr. Tan Kok Kong's Clinic For Women,Gleneagles Medical Centre (6 Napier Rd),GEH,True,,,Thomson Medical,,Thomson Medical,,"Prudential^, Singlife",English,GEH,
tan-kok-soon,Dr Tan Kok Soon,Male,Cardiology,Cardiologist,ME|MEH|PEH,Mount Elizabeth Hospital,1985,text_grad,41,60-69,2,Orchard Heart Specialist Clinic || Orchard Heart Specialist Pte Ltd,Mount Elizabeth Medical Centre (3 Mount Elizabeth) || Parkway East Medical Centre (319 Joo Chiat Pl),MEH|PEH,True,,,,,,,"AIA, Great Eastern, HSBC Life, Income, Prudential^, Singlife","Bahasa Indonesia, Cantonese, English, Hokkien, Malay, Mandarin",PEH,66
tan-kwong-shen-winston,Dr Tan Kwong Shen Winston,Male,Oral & Maxillofacial Surgery,Oral and Maxillofacial Surgeon,ME|MNH,,,,,,1,Winston Tan Oral Maxillofacial Surgery,Mount Elizabeth Novena Specialist Centre (38 Irrawaddy Rd),MNH,True,Foundation Healthcare,Foundation Healthcare,Foundation Healthcare,Foundation Healthcare,,,"Great Eastern, HSBC Life, Income, Prudential^",English,ME,
tan-lay-suan-esther,Dr Tan Lay Suan Esther,Female,Diagnostic Radiology,Diagnostic Radiologist,ME|MEH,,,,,,2,Radiology Department || Radiological Clinc,Mount Elizabeth Medical Centre (3 Mount Elizabeth) || Paragon Medical (290 Orchard Rd),MEH|Orchard-other,True,,,,,,IHH hospital department / centre,,English,ME,
tan-li-sher-felicia,Dr Tan Li Sher Felicia,Female,General Surgery,General Surgeon,GEH|ME|MEH|MNH,Mount Elizabeth Hospital,,,,,3,FeM Surgery @ Orchard || FeM Surgery @ Novena || FeM Surgery @ Gleneagles,Gleneagles Medical Centre (6 Napier Rd) || Mount Elizabeth Medical Centre (3 Mount Elizabeth),GEH|MEH,True,,,,,,,"AIA, Great Eastern, HSBC Life, Prudential^, Singlife",English,GEH,
tan-liang-hui-david,Dr Tan Liang Hui David,Male,Intensive Care Medicine,Anaesthesiologist,ME|MEH|MNH,,,,,,2,Integrative Critical Care Anaesthesia & Pain Services Pte Ltd || Anaesthesia And Intensive Care Services,Mount Elizabeth Medical Centre (3 Mount Elizabeth) || Mount Elizabeth Novena Specialist Centre (38 Irrawaddy Rd),MEH|MNH,True,,Foundation Healthcare,Foundation Healthcare,Foundation Healthcare,,,,English,ME,
tan-mak-yong,Dr Tan Mak Yong,Male,Orthopaedic Surgery,Orthopaedic Surgeon,GEH,Gleneagles Hospital,1987,qual,39,60-69,1,M Y Orthopaedic Clinic,Gleneagles Medical Centre (6 Napier Rd),GEH,True,,,,,,,Prudential^,"Bahasa Indonesia, Cantonese, English, Hokkien, Mandarin, Teochew",GEH,64
tan-mark,Dr Tan Mark,Male,Orthopaedic Surgery,Orthopaedic Surgeon,ME|MEH|MNH|PEH,Mount Elizabeth Novena Hospital,,,,,3,Pinnacle Orthopaedic & Sports Centre (Orchard) || Pinnacle Orthopaedic & Sports Centre (East) || Pinnacle Orthopaedic & Sports Centre (Novena),Mount Elizabeth Medical Centre (3 Mount Elizabeth) || Mount Elizabeth Novena Specialist Centre (38 Irrawaddy Rd) || Parkway East Medical Centre (319 Joo Chiat Pl),MEH|MNH|PEH,True,Foundation Healthcare,,,Foundation Healthcare,,,"AIA, Great Eastern, HSBC Life, Income, Prudential^, Singlife","English, Mandarin",PEH,
tan-mei-hui,Dr Tan Mei Hui,Female,Oral & Maxillofacial Surgery,Oral and Maxillofacial Surgeon,ME|MNH,,,,,,1,The Oral Maxillofacial Practice,Mount Elizabeth Novena Specialist Centre (38 Irrawaddy Rd),MNH,True,,,,,,,,English,ME,
tan-mei-ying-melanie,Dr Tan Mei Ying Melanie,Female,Geriatric Medicine,Geriatrician,GEH,Gleneagles Hospital,,,,,1,The Straits Geriatrics Pte Ltd,Gleneagles Medical Centre (6 Napier Rd),GEH,True,,,,,,,"Prudential^, Singlife","English, Hokkien, Mandarin",GEH,
tan-meng-kiat-david,Dr Tan Meng Kiat David,Male,Hand Surgery,Hand Surgeon,GEH,Gleneagles Hospital,1998,qual,28,50-59,1,Orthopaedic and Hand Surgery Partners Pte Ltd,Gleneagles Hospital Annexe (6A Napier Rd),GEH,True,,,Thomson Medical,,Thomson Medical,,"AIA, Great Eastern, HSBC Life, Income, Prudential^, Singlife",English,GEH,53
tan-nam-guan,Dr Tan Nam Guan,Male,Otorhinolaryngology / ENT,Otorhinolaryngologist,ME|MEH,Mount Elizabeth Hospital,2001,text_years,25,50-59,1,Apple ENT Centre Pte Ltd,Paragon Medical (290 Orchard Rd),Orchard-other,False,,,,,,,"HSBC Life, Prudential^, Singlife",English,ME,50
tan-nancy,Dr Tan Nancy,Female,Paediatric Medicine,Paediatrician,GEH|ME|MNH,Gleneagles Hospital,,,,,2,"SBCC Baby & Child Clinic - Gastroenterology, Neonatology & Paediatric Centre || SBCC Baby & Child Clinic",Gleneagles Medical Centre (6 Napier Rd) || Royal Square at Novena (101 Irrawaddy Rd),GEH|Novena-other,True,,,,,,,"AIA, Great Eastern, HSBC Life, Income, Prudential^","English, Mandarin",GEH,
tan-poh-choo-mona,Dr Tan Poh Choo Mona,Female,General Surgery,General Surgeon,ME|MNH,,,,,,1,Just Medicine,Mount Elizabeth Novena Specialist Centre (38 Irrawaddy Rd),MNH,True,,,,,,,Prudential^,English,ME,
tan-poh-seng,Dr Tan Poh Seng,Male,Gastroenterology,Gastroenterologist,ME|MEH,Mount Elizabeth Hospital,2003,qual,23,40-49,1,PS Tan Digestive & Liver Centre,Mount Elizabeth Medical Centre (3 Mount Elizabeth),MEH,True,,,,,,,"AIA, Great Eastern, Income, Prudential^, Singlife","English, Malay, Mandarin",ME,48
tan-puay-ling,Dr Tan Puay Ling,Female,Hand Surgery,Hand Surgeon,ME|MEH,Mount Elizabeth Hospital,1998,text_grad,28,50-59,1,"Infinity Hand, Wrist & Reconstructive Surgery Centre",Mount Elizabeth Medical Centre (3 Mount Elizabeth),MEH,True,,,,,,,"AIA, Great Eastern, HSBC Life, Income, Prudential^, Singlife",English,ME,53
tan-qing-ting,Dr Tan Qing Ting,Female,General Surgery,General Surgeon,GEH,Gleneagles Hospital,,,,,1,Ten Surgery Group (Gleneagles),Gleneagles Medical Centre (6 Napier Rd),GEH,True,,,Thomson Medical,,Thomson Medical,,"Great Eastern, Income, Prudential^, Singlife","English, Mandarin",GEH,
tan-rui-qi,Dr Tan Rui Qi,Female,Psychiatry,Psychiatrist,GEH,Mount Elizabeth Novena Hospital,,,,,1,Psychiatric Care Clinic Pte Ltd,Gleneagles Medical Centre (6 Napier Rd),GEH,True,,,,,,,,"English, Mandarin, Teochew",GEH,
tan-seang-beng,Dr Tan Seang Beng,Male,Orthopaedic Surgery,Orthopaedic Surgeon,GEH|ME|MEH|MNH,Mount Elizabeth Novena Hospital,2010,text_grad,16,40-49,3,Orthopaedic and Spine Clinic (Novena) || Orthopaedic and Spine Clinic || Orthopaedic & Spine Clinic,Gleneagles Hospital Annexe (6A Napier Rd) || Mount Elizabeth Medical Centre (3 Mount Elizabeth) || Mount Elizabeth Novena Specialist Centre (38 Irrawaddy Rd),GEH|MEH|MNH,True,,,,,,,"AIA, HSBC Life, Income, Prudential^, Singlife","Bahasa Indonesia, Cantonese, English, Hokkien, Mandarin",GEH,41
tan-seng-hoe,Dr Tan Seng Hoe,Male,Renal Medicine,Renal Physician,GEH|ME|MNH,Gleneagles Hospital|Mount Elizabeth Novena Hospital,1990,qual,36,60-69,2,Kidney Care Centre || SH Tan Kidney & Medical Clinic,Gleneagles Medical Centre (6 Napier Rd) || Mount Elizabeth Novena Specialist Centre (38 Irrawaddy Rd),GEH|MNH,True,,,,,,,"AIA, Great Eastern, Income, Prudential^, Singlife","Bahasa Indonesia, Cantonese, English, Hokkien, Mandarin, Teochew",GEH,61
tan-sheng-neng,Dr Tan Sheng Neng,Male,Psychiatry,Psychiatrist,ME|MEH,,,,,,1,Tan Chue Tin Clinic Pte Ltd,Paragon Medical (290 Orchard Rd),Orchard-other,False,,,,,,,,English,ME,
tan-shi-ming,Dr Tan Shi Ming,Male,Orthopaedic Surgery,Orthopaedic Surgeon,ME|MNH,Mount Elizabeth Novena Hospital,,,,,1,Centurion Orthopaedic Centre,Mount Elizabeth Novena Specialist Centre (38 Irrawaddy Rd),MNH,True,,,Thomson Medical,,Thomson Medical,,"Great Eastern, Income, Prudential^","English, Hokkien, Mandarin, Teochew",ME,
tan-shu-qi,Dr Tan Shu Qi,Female,Obstetrics & Gynaecology,Obstetrician & Gynaecologist,ME|MNH,,,,,,1,Women & Fertility Clinic by Marianne,Mount Elizabeth Novena Specialist Centre (38 Irrawaddy Rd),MNH,True,,,Thomson Medical,,Thomson Medical,,"Great Eastern, Prudential^",English,ME,
tan-siah-heng-james,Dr Tan Siah Heng James,Male,Neurosurgery,Neurosurgeon,GEH|ME|MEH,Gleneagles Hospital|Mount Elizabeth Novena Hospital,1996,text_years,30,50-59,2,Neurosurgery International || Neurosurgery International,Gleneagles Hospital Annexe (6A Napier Rd) || Mount Elizabeth Medical Centre (3 Mount Elizabeth),GEH|MEH,True,,,,,,,"HSBC Life, Income, Prudential^, Singlife","Cantonese, English, Hokkien, Mandarin, Teochew",GEH,55
tan-siau-woon-jacqueline,Dr Tan Siau Woon Jacqueline,Female,Hand Surgery,Hand Surgeon,ME|MNH,Mount Elizabeth Novena Hospital,2006,text_years,20,40-49,1,"Advanced Hand, Wrist & Nerve Centre",Mount Elizabeth Novena Specialist Centre (38 Irrawaddy Rd),MNH,True,,,Thomson Medical,,Thomson Medical,,"AIA, Great Eastern, HSBC Life, Income, Prudential^, Singlife","English, Hokkien, Mandarin",ME,45
tan-siew-kiang,Dr Tan Siew Kiang,Female,Dermatology,Dermatologist,ME|MEH,Mount Elizabeth Hospital,2006,text_grad,20,40-49,1,The Dermatology Practice @ Orchard - Skin Hair Allergy Laser,Mount Elizabeth Medical Centre (3 Mount Elizabeth),MEH,True,,,,,,,"HSBC Life, Income, Prudential^","Cantonese, English, Hokkien, Malay, Mandarin, Teochew",ME,45
tan-sing-huang,Dr Tan Sing Huang,Female,Medical Oncology,Medical Oncologist,GEH|ME|MEH|MNH,Gleneagles Hospital|Mount Elizabeth Hospital,,,,,4,Oncocare Cancer Centre || OncoCare Cancer Centre || OncoCare Cancer Centre || OncoCare Cancer Centre,Gleneagles Medical Centre (6 Napier Rd) || Mount Elizabeth Medical Centre (3 Mount Elizabeth),GEH|MEH,True,Tamarind Health,Tamarind Health,Tamarind Health - OncoCare,Tamarind Health,,,"AIA, Great Eastern, HSBC Life, Income, Prudential^, Singlife","English, Hokkien, Mandarin",GEH,
tan-siong-san,Dr Tan Siong San,Male,General Surgery,General Surgeon,ME|MNH,Mount Elizabeth Novena Hospital,1999,text_grad,27,50-59,1,Tan Siong San Surgery,Mount Elizabeth Novena Specialist Centre (38 Irrawaddy Rd),MNH,True,,,,,,,"AIA, Great Eastern, HSBC Life, Income, Prudential^, Singlife","Cantonese, English, Hokkien, Malay, Mandarin",ME,52
tan-sock-pheng-judy,Dr Tan Sock Pheng Judy,Female,Diagnostic Radiology,Diagnostic Radiologist,ME|MEH,,,,,,1,Radiology Department,Mount Elizabeth Medical Centre (3 Mount Elizabeth),MEH,True,,,,,,IHH hospital department / centre,,English,ME,
tan-sok-chuen,Dr Tan Sok Chuen,Female,Orthopaedic Surgery,Orthopaedic Surgeon,ME|MNH,Mount Elizabeth Novena Hospital,2004,text_grad,22,40-49,1,Hip & Knee Orthopaedics Pte Ltd,Mount Elizabeth Novena Specialist Centre (38 Irrawaddy Rd),MNH,True,,,Thomson Medical,,Thomson Medical,,"Great Eastern, HSBC Life, Income, Prudential^, Singlife","English, Mandarin",ME,47
tan-soo-guan,Dr Tan Soo Guan,Male,Anaesthesiology,Anaesthesiologist,ME|MEH,,,,,,1,Group Anaesthesiology Services,Lucky Plaza (304 Orchard Rd),Orchard-other,False,,,,,,,,"Cantonese, English, Hokkien, Mandarin, Teochew",ME,
tan-soo-heong,Dr Tan Soo Heong,Male,Hand Surgery,Hand Surgeon,ME|MEH,,,,,,1,"Hand, Wrist & Upper Limb Surgery",Mount Elizabeth Medical Centre (3 Mount Elizabeth),MEH,True,,,,,,,"Income, Prudential^","English, Mandarin",ME,
tan-sue-anne,Dr Tan Sue-Anne,Female,Anaesthesiology,Anaesthesiologist,ME|MNH,,,,,,1,Integrative Critical Care Anaesthesia & Pain Services Pte Ltd,Mount Elizabeth Novena Specialist Centre (38 Irrawaddy Rd),MNH,True,,,,,,,,English,ME,
tan-svenszeat,Dr Tan Svenszeat,Male,Cardiology,Cardiologist,ME|MEH|PEH,Mount Elizabeth Hospital|Parkway East Hospital,,,,,2,Orchard Heart Specialist Clinic || Orchard Heart Specialist Pte Ltd,Mount Elizabeth Medical Centre (3 Mount Elizabeth) || Parkway East Medical Centre (319 Joo Chiat Pl),MEH|PEH,True,,,,,,,"AIA, Great Eastern, HSBC Life, Income, Prudential^, Singlife","Bahasa Indonesia, Cantonese, English, Hokkien, Malay, Mandarin",PEH,
tan-teck-choon,Dr Tan Teck Choon,Male,Rheumatology,Rheumatologist,GEH|ME|MEH|MNH,Gleneagles Hospital|Mount Elizabeth Novena Hospital,2006,text_years,20,40-49,3,Elim Rheumatic Centre (Gleneagles) || Elim Rheumatic Centre || Elim Rheumatic Centre (Novena),Gleneagles Medical Centre (6 Napier Rd) || Mount Elizabeth Medical Centre (3 Mount Elizabeth) || Mount Elizabeth Novena Specialist Centre (38 Irrawaddy Rd),GEH|MEH|MNH,True,,,,,,,"Great Eastern, HSBC Life, Income, Prudential^, Singlife","English, Mandarin",GEH,45
tan-teck-wei,Dr Tan Teck Wei,Male,Urology,Urologist,ME|MNH,Mount Elizabeth Hospital,,,,,1,TTW Urology,Mount Elizabeth Novena Specialist Centre (38 Irrawaddy Rd),MNH,True,,,,,,,"AIA, Great Eastern, HSBC Life, Income, Prudential^, Singlife","English, Mandarin",ME,
tan-tee-yong,Dr Tan Tee Yong,Male,Intensive Care Medicine,Anaesthesiologist,ME|MEH|MNH,,,,,,2,Integrative Pain Centre || Integrative Critical Care Anaesthesia & Pain Services Pte Ltd,Mount Elizabeth Medical Centre (3 Mount Elizabeth) || Mount Elizabeth Novena Specialist Centre (38 Irrawaddy Rd),MEH|MNH,True,,,,,,,,English,ME,
tan-teong-jin-lester,Dr Tan Teong Jin Lester,Male,Orthopaedic Surgery,Orthopaedic Surgeon,GEH|ME|MEH,Gleneagles Hospital,,,,,2,Oxford Orthopaedics || Oxford Orthopaedics,Gleneagles Medical Centre (6 Napier Rd) || Mount Elizabeth Medical Centre (3 Mount Elizabeth),GEH|MEH,True,Alfa Medicus (ICG),,,Alfa Medicus (ICG),,,Prudential^,"Cantonese, English, Mandarin",GEH,
tan-ter-chyan,Dr Tan Ter Chyan,Male,Hand Surgery,Hand Surgeon,GEH|ME|MEH|MNH|PEH,,,,,,4,Hand Surgery Associates (Parkway East) || Hand Surgery Associates (GMC) Pte Ltd || Hand Surgery Associates (Novena) || Hand Surgery Associates (Orchard),Gleneagles Medical Centre (6 Napier Rd) || Mount Elizabeth Medical Centre (3 Mount Elizabeth) || Parkway East Medical Centre (319 Joo Chiat Pl),GEH|MEH|PEH,True,,Foundation Healthcare,Foundation Healthcare|Raffles Medical Group,Foundation Healthcare,Raffles Medical Group,,"AIA, Great Eastern, HSBC Life, Income, Prudential^, Singlife",English,PEH,
tan-thiam-chye,Dr Tan Thiam Chye,Male,Obstetrics & Gynaecology,Obstetrician & Gynaecologist,ME|MNH,Mount Elizabeth Novena Hospital,2006,text_years,20,40-49,1,O&G The Women's Medical Specialist,Mount Elizabeth Novena Specialist Centre (38 Irrawaddy Rd),MNH,True,,,Thomson Medical,,Thomson Medical,,"AIA, Prudential^","Cantonese, English, Hokkien, Japanese, Mandarin",ME,45
tan-tiang-hwee-donald,Dr Tan Tiang Hwee Donald,Male,Ophthalmology,Ophthalmologist,ME|MNH,Mount Elizabeth Novena Hospital,,,,,1,Eye & Retina Surgeons,Mount Elizabeth Medical Centre (3 Mount Elizabeth),MEH,True,Eye & Retina Surgeons,,,Eye & Retina Surgeons,,,,"English, Mandarin",ME,
tan-tiat-heng-edwin,Dr Tan Tiat Heng Edwin,Male,Prosthodontics,Prosthodontist,GEH|ME|MEH,,,,,,2,Specialist Dental Group || Specialist Dental Group,Gleneagles Medical Centre (6 Napier Rd) || Mount Elizabeth Medical Centre (3 Mount Elizabeth),GEH|MEH,True,Specialist Dental Group,,,Specialist Dental Group,,,,English,GEH,
tan-tiong-tee-christie,Dr Tan Tiong Tee Christie,Male,Cardiothoracic Surgery,Cardiothoracic Surgeon,ME|MEH,,,,,,1,Cardiothoracic Surgical Centre,Mount Elizabeth Medical Centre (3 Mount Elizabeth),MEH,True,,,,,,,,English,ME,
tan-tse-kuang-charles,Dr Tan Tse Kuang Charles,Male,General Surgery,General Surgeon,ME|MNH,,2008,text_years,18,40-49,1,Charles Tan Surgery,Mount Elizabeth Novena Specialist Centre (38 Irrawaddy Rd),MNH,True,,,,,,,"AIA, Prudential^, Singlife","English, Mandarin",ME,43
tan-tze-sheng-edwin,Dr Tan Tze Sheng Edwin,Male,Orthopaedic Surgery,Orthopaedic Surgeon,ME|MEH,Mount Elizabeth Hospital,,,,,1,Auspicium Orthopaedic Centre,Mount Elizabeth Medical Centre (3 Mount Elizabeth),MEH,True,,,,,,,"HSBC Life, Income, Prudential^","English, Hokkien, Mandarin, Teochew",ME,
tan-wah-siew,Dr Tan Wah Siew,Female,General Surgery,General Surgeon,GEH|ME|MEH,Mount Elizabeth Hospital,,,,,2,Surgical Associates || Surgical Associates,Gleneagles Medical Centre (6 Napier Rd) || Mount Elizabeth Medical Centre (3 Mount Elizabeth),GEH|MEH,True,,,Thomson Medical,,Thomson Medical,,"AIA, HSBC Life, Income, Prudential^, Singlife","Cantonese, English, Hokkien, Mandarin, Teochew",GEH,
tan-wah-tze,Dr Tan Wah Tze,Male,Intensive Care Medicine,Anaesthesiologist,ME|MEH|MNH,,,,,,2,Anaesthesia and Intensive Care Services || Integrative Critical Care Anaesthesia & Pain Services Pte Ltd,Mount Elizabeth Medical Centre (3 Mount Elizabeth) || Mount Elizabeth Novena Specialist Centre (38 Irrawaddy Rd),MEH|MNH,True,,,,,,,,English,ME,
tan-wee-boon,Dr Tan Wee Boon,Male,General Surgery,General Surgeon,GEH|ME|MEH|PEH,Mount Elizabeth Hospital,2003,qual,23,40-49,3,Crest Surgical Practice || Crest Surgical Practice || Crest Surgical Practice,Gleneagles Medical Centre (6 Napier Rd) || Mount Elizabeth Medical Centre (3 Mount Elizabeth) || Parkway East Medical Centre (319 Joo Chiat Pl),GEH|MEH|PEH,True,,,Thomson Medical,,Thomson Medical,,"Great Eastern, HSBC Life, Prudential^, Singlife","English, Hokkien, Mandarin",PEH,48
tan-wee-tien-anna-marie,Dr Tan Wee Tien Anna Marie,Female,Ophthalmology,Ophthalmologist,ME|MNH,Mount Elizabeth Novena Hospital,2011,text_years,15,40-49,1,Eye & Retina Surgeons,Mount Elizabeth Medical Centre (3 Mount Elizabeth),MEH,True,Eye & Retina Surgeons,,,Eye & Retina Surgeons,,,"AIA, Great Eastern, Income, Prudential^","English, Hokkien, Mandarin, Teochew",ME,40
tan-wei-keat-andy,Dr Tan Wei Keat (Andy),Male,Obstetrics & Gynaecology,Obstetrician & Gynaecologist,GEH,Gleneagles Hospital,2007,qual,19,40-49,1,SMSC - Andy Tan Clinic for Women,Gleneagles Hospital Annexe (6A Napier Rd),GEH,True,,,Thomson Medical,,Thomson Medical,,"HSBC Life, Prudential^, Singlife","Cantonese, English, Hokkien, Malay, Mandarin",GEH,44
tan-wei-sheng,Dr Tan Wei Sheng,Male,Dermatology,Dermatologist,GEH,Gleneagles Hospital,2014,text_years,12,<40,1,Dermatology & Co,Gleneagles Medical Centre (6 Napier Rd),GEH,True,,,,,,,"HSBC Life, Prudential^, Singlife","English, Hokkien, Mandarin",GEH,37
tan-wen-tien-james,Dr Tan Wen Tien James,Male,Anaesthesiology,Anaesthesiologist,ME|MNH,Mount Elizabeth Novena Hospital,1998,qual,28,50-59,1,Novena Pain Management Centre,Mount Elizabeth Novena Specialist Centre (38 Irrawaddy Rd),MNH,True,,,Thomson Medical,,Thomson Medical,,"Great Eastern, HSBC Life, Income, Prudential^, Singlife","Cantonese, English, Mandarin",ME,53
tan-woon-woon-pearlie,Dr Tan Woon Woon Pearlie,Female,Plastic Surgery,Plastic Surgeon,GEH,Gleneagles Hospital,,,,,1,Pearl Plastic Surgery,Gleneagles Medical Centre (6 Napier Rd),GEH,True,,,Thomson Medical,,Thomson Medical,,,"Bahasa Indonesia, English, Mandarin",GEH,
tan-yah-yuen,Dr Tan Yah Yuen,Female,General Surgery,General Surgeon,ME|MEH,Mount Elizabeth Hospital,2002,text_grad,24,40-49,2,Solis Breast Care & Surgery Centre || Solis Breast Care & Surgery Centre,Mount Elizabeth Medical Centre (3 Mount Elizabeth) || Paragon Medical (290 Orchard Rd),MEH|Orchard-other,True,Tamarind Health,,,Tamarind Health,,,"AIA, Income, Prudential^","English, Hokkien, Mandarin",ME,49
tan-yar-li,Dr Tan Yar Li,Female,Ophthalmology,Ophthalmologist,GEH|ME|MEH|PEH,Gleneagles Hospital,,,,,2,Asia Pacific Eye Centre || Parkway MediCentre (The Woodleigh Mall),Gleneagles Hospital Annexe (6A Napier Rd) || Parkway MediCentre (IHH community clinic),GEH|IHH-community,True,ISEC Healthcare (Aier),,,ISEC Healthcare (Aier),,also at Parkway MediCentre,"Great Eastern, HSBC Life, Prudential^, Singlife","English, Hokkien, Mandarin, Teochew",PEH,
tan-yat-harn-daniel,Dr Tan Yat Harn Daniel,Male,Radiation Oncology,Radiation Oncologist,GEH|ME|MEH,Gleneagles Hospital|Mount Elizabeth Novena Hospital,,,,,2,Asian Alliance Radiation & Oncology || Asian American Radiation Oncology,Gleneagles Hospital Annexe (6A Napier Rd) || Mount Elizabeth Medical Centre (3 Mount Elizabeth),GEH|MEH,True,AARO,,Thomson Medical,AARO,Thomson Medical,,"AIA, Great Eastern, HSBC Life, Income, Prudential^","Cantonese, English, Hokkien, Mandarin",GEH,
tan-yau-boon-barrie,Dr Barrie Tan Yau Boon,Male,Otorhinolaryngology / ENT,Otorhinolaryngologist,GEH,Gleneagles Hospital,1999,text_grad,27,50-59,2,Barrie Tan ENT Head & Neck Surgery || Precision ENT Specialists Pte Ltd,Gleneagles Hospital Annexe (6A Napier Rd),GEH,True,,,,,,,"AIA, Great Eastern, Income, Prudential^, Singlife","English, Mandarin",GEH,52
tan-yau-min-gerald,Dr Tan Yau Min Gerald,Male,Urology,Urologist,GEH|ME|MEH|MNH|PEH,Mount Elizabeth Novena Hospital,1996,qual,30,50-59,4,Advanced Urology Associates Pte Ltd || Advanced Urology Associates Pte Ltd || Advanced Urology Associates Pte Ltd || Advanced Urology Associates Pte Ltd,Gleneagles Medical Centre (6 Napier Rd) || Mount Elizabeth Medical Centre (3 Mount Elizabeth) || Mount Elizabeth Novena Specialist Centre (38 Irrawaddy Rd) || Parkway East Medical Centre (319 Joo Chiat Pl),GEH|MEH|MNH|PEH,True,HMI Medical,,,HMI Medical,,,"AIA, Great Eastern, HSBC Life, Prudential^","English, Mandarin, Teochew",PEH,55
tan-yeh-hong,Dr Tan Yeh Hong,Male,Urology,Urologist,ME|MEH,Mount Elizabeth Hospital,,,,,1,"Centre for Urology, Robotic & Minimally Invasive Surgery",Mount Elizabeth Medical Centre (3 Mount Elizabeth),MEH,True,,,,,,,"AIA, Great Eastern, HSBC Life, Income, Prudential^, Singlife","Bahasa Indonesia, English, Hokkien, Malay, Mandarin, Teochew",ME,
tan-yew-oo,Dr Tan Yew Oo,Male,Medical Oncology,Medical Oncologist,GEH|ME|MEH|MNH,,,,,,4,Icon Cancer Centre Gleneagles || Icon Cancer Centre Orchard || Icon Cancer Centre Mount Elizabeth || Icon Cancer Centre Novena,Gleneagles Medical Centre (6 Napier Rd) || Mount Elizabeth Medical Centre (3 Mount Elizabeth) || Mount Elizabeth Novena Specialist Centre (38 Irrawaddy Rd),GEH|MEH|MNH,True,Icon Group,Icon Group,Icon Cancer Centre Singapore,Icon Group,,,"AIA, Great Eastern, HSBC Life, Income, Prudential^, Singlife",English,GEH,
tan-yih-kai,Dr Tan Yih Kai,Male,General Surgery,General Surgeon,ME|MNH,Mount Elizabeth Novena Hospital,,,,,1,The Vascular Vein And Wound Centre @ Novena,Mount Elizabeth Novena Specialist Centre (38 Irrawaddy Rd),MNH,True,,,,,,,"AIA, Great Eastern, HSBC Life, Prudential^, Singlife",English,ME,
tan-yoke-khim,Dr Tan Yoke Khim,Female,Intensive Care Medicine,Respiratory Physician,GEH,,,,,,1,Respiratory & Medical Specialists Pte Ltd,Gleneagles Medical Centre (6 Napier Rd),GEH,True,,,,,,,,"Cantonese, English, Hokkien, Malay, Mandarin, Teochew",GEH,
tan-yong-seng,Dr Tan Yong Seng,Male,Cardiothoracic Surgery,Cardiothoracic Surgeon,GEH,Gleneagles Hospital,1984,qual,42,60-69,1,Tan Yong Seng Heart Lung & Vascular,Gleneagles Medical Centre (6 Napier Rd),GEH,True,,,,,,,,"English, Mandarin",GEH,67
tan-yu-heng-gamaliel,Dr Tan Yu-Heng Gamaliel,Male,Orthopaedic Surgery,Orthopaedic Surgeon,ME|MEH|MNH,Mount Elizabeth Hospital,2001,text_years,25,50-59,2,Orthopaedic Associates Medical Group Ptd. Ltd. || Orthopaedic Associates Medical Group Ptd. Ltd.,Mount Elizabeth Medical Centre (3 Mount Elizabeth) || Mount Elizabeth Novena Specialist Centre (38 Irrawaddy Rd),MEH|MNH,True,Foundation Healthcare,Foundation Healthcare,Foundation Healthcare,Foundation Healthcare,,,"AIA, Great Eastern, HSBC Life, Prudential^, Singlife","English, Mandarin",ME,50
tan-yu-meng,Dr Tan Yu-Meng,Male,General Surgery,General Surgeon,GEH|ME|MEH|MNH,Mount Elizabeth Hospital|Mount Elizabeth Novena Hospital,1994,text_grad,32,50-59,3,FeM Surgery @ Orchard || FeM Surgery @ Novena || FeM Surgery @ Gleneagles,Gleneagles Medical Centre (6 Napier Rd) || Mount Elizabeth Medical Centre (3 Mount Elizabeth),GEH|MEH,True,,,,,,,"AIA, Great Eastern, HSBC Life, Income, Prudential^","English, Mandarin",GEH,57
tan-yung-khan,Dr Tan Yung Khan,Male,Urology,Urologist,ME|MEH|MNH,Mount Elizabeth Novena Hospital,2000,text_grad,26,50-59,2,Urohealth Medical Clinic || Urohealth Medical Clinic,Mount Elizabeth Medical Centre (3 Mount Elizabeth) || Mount Elizabeth Novena Specialist Centre (38 Irrawaddy Rd),MEH|MNH,True,OUE Healthcare / Healthway,,,OUE Healthcare / Healthway,,,"AIA, Great Eastern, HSBC Life, Income, Prudential^, Singlife","English, Mandarin",ME,51
tang-hak-chiaw,Dr Tang Hak Chiaw,Male,Cardiology,Cardiologist,GEH|ME|MEH|MNH,Mount Elizabeth Novena Hospital,1997,qual,29,50-59,3,Novena Heart Centre || Novena Heart Centre || Novena Heart Centre,Gleneagles Medical Centre (6 Napier Rd) || Mount Elizabeth Medical Centre (3 Mount Elizabeth) || Mount Elizabeth Novena Specialist Centre (38 Irrawaddy Rd),GEH|MEH|MNH,True,Tamarind Health,,Thomson Medical,Tamarind Health,Thomson Medical,,"Great Eastern, HSBC Life, Income, Prudential^, Singlife","Cantonese, English, Hokkien, Malay, Mandarin",GEH,54
tang-i-hsiung-johann,Dr Tang I-Hsiung Johann,Male,Radiation Oncology,Radiation Oncologist,ME|MNH,Mount Elizabeth Novena Hospital,,,,,1,Me Novena Specialist Group,Mount Elizabeth Novena Specialist Centre (38 Irrawaddy Rd),MNH,True,,,,,,,"AIA, Great Eastern, HSBC Life, Prudential^, Singlife","English, Mandarin",ME,
tang-kok-foo,Dr Tang Kok Foo,Male,Neurology,Neurologist,ME|MEH,,,,,,1,Singapore Neurology Practice Pte Ltd,Mount Elizabeth Medical Centre (3 Mount Elizabeth),MEH,True,,,,,,,,"English, Mandarin",ME,
tang-kok-kee,Dr Tang Kok Kee,Male,Neurosurgery,Neurosurgeon,ME|MNH,Gleneagles Hospital|Mount Elizabeth Novena Hospital,,,,,1,KK Tang BrainSpine Surgery,Mount Elizabeth Novena Specialist Centre (38 Irrawaddy Rd),MNH,True,,,,,,,"Income, Prudential^","Cantonese, English, Hokkien, Mandarin",ME,
tang-poh-huat-anthony,Dr Tang Poh Huat Anthony,Male,General Surgery,General Surgeon,ME|MEH,,,,,,2,The Breast Clinic || The Breast Clinic,Mount Elizabeth Medical Centre (3 Mount Elizabeth) || Paragon Medical (290 Orchard Rd),MEH|Orchard-other,True,Singapore Medical Group (SMG),,,Singapore Medical Group (SMG),,,"AIA, Great Eastern, Income, Prudential^, Singlife","English, Malay, Mandarin",ME,
tang-poh-lin-jenny,Dr Tang Poh Lin Jenny,Female,Paediatric Medicine,Paediatrician,GEH,Gleneagles Hospital,1991,text_grad,35,60-69,1,"SBCC Baby & Child Clinic (Gleneagles) Asthma, Lung, Sleep, Allergy (ALSA) Centre",Gleneagles Medical Centre (6 Napier Rd),GEH,True,,,Thomson Medical,,Thomson Medical,,"AIA, Great Eastern, HSBC Life, Income, Prudential^","Cantonese, English, Hokkien, Mandarin",GEH,60
tang-pui-fong-margaret,Dr Tang Pui Fong Margaret,Female,Orthodontics,"Orthodontist, Prosthodontist",GEH,,,,,,1,Tangs Dental Specialists Pte Ltd,Gleneagles Medical Centre (6 Napier Rd),GEH,True,,,,,,,,English,GEH,
tang-siau-wei,Dr Tang Siau-Wei,Female,General Surgery,General Surgeon,ME|MEH,Gleneagles Hospital,2006,qual,20,40-49,1,Solis Breast Care & Surgery Centre,Mount Elizabeth Medical Centre (3 Mount Elizabeth),MEH,True,Tamarind Health,,Thomson Medical,Tamarind Health,Thomson Medical,,"AIA, Great Eastern, HSBC Life, Income, Prudential^, Singlife","Cantonese, English, Malay, Mandarin",ME,45
tang-tjun-yip,Dr Tang Tjun Yip,Male,General Surgery,General Surgeon,GEH|ME|MEH|MNH|PEH,Gleneagles Hospital,2001,qual,25,50-59,4,The Vascular & Endovascular Clinic Pte Ltd || The Vascular and Endovascular @ Orchard Clinic Pte Ltd || The Vascular and Endovascular Clinic || The Vascular and Endovascular Clinic PEH Pte Ltd,Gleneagles Medical Centre (6 Napier Rd) || Mount Elizabeth Medical Centre (3 Mount Elizabeth) || Mount Elizabeth Novena Specialist Centre (38 Irrawaddy Rd) || Parkway East Medical Centre (319 Joo Chiat Pl),GEH|MEH|MNH|PEH,True,,,Raffles Medical Group|Thomson Medical,,Raffles Medical Group|Thomson Medical,,"AIA, Great Eastern, HSBC Life, Income, Prudential^, Singlife","Cantonese, English",PEH,50
tang-zhi-hao,Dr Tang Zhi Hao,Male,Orthopaedic Surgery,Orthopaedic Surgeon,ME|MEH|MNH,,,,,,2,HC Orthopaedic Surgery || HC Orthopaedic Surgery,Mount Elizabeth Medical Centre (3 Mount Elizabeth) || Mount Elizabeth Novena Specialist Centre (38 Irrawaddy Rd),MEH|MNH,True,HC Surgical Specialists,,Thomson Medical,HC Surgical Specialists,Thomson Medical,,"Income, Prudential^",English,ME,
tanujaa-d-o-rajasekaran,Dr Tanujaa D/O Rajasekaran,Female,Medical Oncology,Medical Oncologist,GEH|ME|MEH|MNH,Mount Elizabeth Hospital,2008,qual,18,40-49,3,Parkway Cancer Centre || Parkway Cancer Centre || Parkway Cancer Centre,Gleneagles Medical Centre (6 Napier Rd) || Mount Elizabeth Medical Centre (3 Mount Elizabeth) || Mount Elizabeth Novena Specialist Centre (38 Irrawaddy Rd),GEH|MEH|MNH,True,Tamarind Health,,,Tamarind Health,,,"AIA, Great Eastern, HSBC Life, Income, Prudential^, Singlife","English, Tamil",GEH,43
tay-ching-yit-wilson,Dr Tay Ching Yit Wilson,Male,Anaesthesiology,Anaesthesiologist,ME|MEH,,,,,,1,Apicare Pain Specialist,Mount Elizabeth Medical Centre (3 Mount Elizabeth),MEH,True,,,Thomson Medical,,Thomson Medical,,"Great Eastern, HSBC Life, Prudential^","English, Hokkien, Mandarin, Teochew",ME,
tay-eileen,Dr Tay Eileen,Female,Orthopaedic Surgery,Orthopaedic Surgeon,GEH|ME|MEH|MNH,Mount Elizabeth Hospital,,,,,3,The Orthopaedic Practice and Surgery || The Orthopaedic Practice and Surgery || The Orthopaedic Practice and Surgery,Gleneagles Medical Centre (6 Napier Rd) || Mount Elizabeth Medical Centre (3 Mount Elizabeth) || Mount Elizabeth Novena Specialist Centre (38 Irrawaddy Rd),GEH|MEH|MNH,True,,,,,,,"AIA, Great Eastern, HSBC Life, Prudential^, Singlife",English,GEH,
tay-guan-tzu,Dr Tay Guan Tzu,Male,Paediatric Medicine,Orthopaedic Surgeon,ME|MEH|MNH|PEH,Mount Elizabeth Novena Hospital|Parkway East Hospital,2003,qual,23,40-49,3,Pinnacle Orthopaedic & Sports Centre (Novena) || Pinnacle Orthopaedic & Sports Centre (East) || Pinnacle Orthopaedic & Sports Centre (Orchard),Mount Elizabeth Medical Centre (3 Mount Elizabeth) || Mount Elizabeth Novena Specialist Centre (38 Irrawaddy Rd) || Parkway East Medical Centre (319 Joo Chiat Pl),MEH|MNH|PEH,True,Foundation Healthcare,Foundation Healthcare,Foundation Healthcare,Foundation Healthcare,,,"AIA, Great Eastern, HSBC Life, Income, Prudential^, Singlife",English,PEH,48
tay-hin-ngan,Dr Tay Hin Ngan,Male,Otorhinolaryngology / ENT,Otorhinolaryngologist,GEH|ME|MEH,Mount Elizabeth Hospital,,,,,2,H N TAY ENT Head & Neck Thyroid Sleep ROBOTIC SURGERY || CURA ENT | Head & Neck | Thyroid | Sleep Surgery,Gleneagles Medical Centre (6 Napier Rd) || Mount Elizabeth Medical Centre (3 Mount Elizabeth),GEH|MEH,True,,Foundation Healthcare,Foundation Healthcare,Foundation Healthcare,,,Prudential^,"English, Hokkien, Mandarin, Teochew",GEH,
tay-jia-sheng,Dr Tay Jia Sheng,Male,General Surgery,General Surgeon,ME|MNH,Mount Elizabeth Hospital|Parkway East Hospital,2006,text_years,20,40-49,1,Spectrum Vascular & General Surgery,Mount Elizabeth Novena Specialist Centre (38 Irrawaddy Rd),MNH,True,,,,,,,"Great Eastern, HSBC Life, Prudential^","English, Mandarin",ME,45
tay-kah-phuan,Dr Tay Kah Phuan,Male,Urology,Urologist,GEH,,,,,,1,K P Tay Urology,Gleneagles Medical Centre (6 Napier Rd),GEH,True,,,,,,,,English,GEH,
tay-khoon-hean,Dr Tay Khoon Hean,Male,General Surgery,General Surgeon,GEH,Gleneagles Hospital,1988,qual,38,60-69,1,Tay Khoon Hean Surgery,Gleneagles Medical Centre (6 Napier Rd),GEH,True,,,,,,,"AIA, Income, Prudential^, Singlife","Bahasa Indonesia, English, French, Hokkien, Mandarin",GEH,63
tay-kuang-wei-kevin,Dr Tay Kuang Wei Kevin,Male,Medical Oncology,Medical Oncologist,GEH|ME|MEH|MNH,Gleneagles Hospital|Mount Elizabeth Hospital,,,,,4,Oncocare Cancer Centre || OncoCare Cancer Centre || OncoCare Cancer Centre || OncoCare Cancer Centre,Gleneagles Medical Centre (6 Napier Rd) || Mount Elizabeth Medical Centre (3 Mount Elizabeth),GEH|MEH,True,Tamarind Health,Tamarind Health,Tamarind Health - OncoCare|Thomson Medical,Tamarind Health,Thomson Medical,,"AIA, Great Eastern, HSBC Life, Income, Prudential^, Singlife","English, Mandarin",GEH,
tay-leslie,Dr Tay Leslie,Male,Cardiology,Cardiologist,ME|MNH,Mount Elizabeth Novena Hospital,,,,,1,Leslie Tay Heart Specialist,Mount Elizabeth Novena Specialist Centre (38 Irrawaddy Rd),MNH,True,,,,,,,"Great Eastern, HSBC Life, Prudential^, Singlife","Bahasa Indonesia, English, Malay, Mandarin",ME,
tay-liam-kai,Dr Tay Liam Kai,Male,Psychiatry,Psychiatrist,GEH,Mount Elizabeth Novena Hospital,1993,qual,33,50-59,1,Psychiatric Care Clinic Pte Ltd,Gleneagles Medical Centre (6 Napier Rd),GEH,True,,,,,,,,"Bahasa Indonesia, Cantonese, English, Hokkien, Mandarin, Teochew",GEH,58
tay-liang-kiat,Dr Tay Liang Kiat,Male,Dermatology,Dermatologist,PEH,,2001,text_grad,25,50-59,1,Stratum Skin and Surgery,Parkway East Medical Centre (319 Joo Chiat Pl),PEH,True,,,,,,,"HSBC Life, Income, Prudential^, Singlife","English, Hokkien, Mandarin",PEH,50
tay-lik-tong-elton,Dr Tay Lik Tong Elton,Male,Ophthalmology,Ophthalmologist,GEH|ME|MNH,Mount Elizabeth Novena Hospital,2003,text_grad,23,40-49,2,Nobel Eye & Vision Centre || Nobel Eye & Vision Centre (Gleneagles Hospital),Gleneagles Hospital Annexe (6A Napier Rd) || Mount Elizabeth Novena Specialist Centre (38 Irrawaddy Rd),GEH|MNH,True,OUE Healthcare / Healthway,,,OUE Healthcare / Healthway,,,"Great Eastern, Prudential^","English, Hokkien, Mandarin, Teochew",GEH,48
tay-lik-wui-edgar,Dr Tay Lik Wui Edgar,Male,Cardiology,Cardiologist,GEH|ME|MEH|MNH|PEH,Mount Elizabeth Hospital,1999,qual,27,50-59,4,Asian Heart & Vascular Centre || Asian Heart And Vascular Centre || Asian Heart & Vascular Centre || Asian Heart & Vascular Centre,Gleneagles Hospital Annexe (6A Napier Rd) || Mount Elizabeth Medical Centre (3 Mount Elizabeth) || Mount Elizabeth Novena Specialist Centre (38 Irrawaddy Rd) || Parkway East Medical Centre (319 Joo Chiat Pl),GEH|MEH|MNH|PEH,True,,,,,,,"AIA, Great Eastern, HSBC Life, Income, Prudential^, Singlife",English,PEH,52
tay-miah-hiang,Dr Tay Miah Hiang,Male,Medical Oncology,Medical Oncologist,GEH|ME|MEH|MNH,Gleneagles Hospital|Mount Elizabeth Hospital,,,,,4,Oncocare Cancer Centre || OncoCare Cancer Centre || OncoCare Cancer Centre || OncoCare Cancer Centre,Gleneagles Medical Centre (6 Napier Rd) || Mount Elizabeth Medical Centre (3 Mount Elizabeth),GEH|MEH,True,Tamarind Health,Tamarind Health,Tamarind Health - OncoCare,Tamarind Health,,,"AIA, Great Eastern, HSBC Life, Income, Prudential^, Singlife","Cantonese, English, Hokkien, Mandarin, Teochew",GEH,
tay-su-ann,Dr Tay Su Ann,Female,Ophthalmology,Ophthalmologist,ME|MNH,,,,,,1,Eye & Retina Surgeons,Mount Elizabeth Medical Centre (3 Mount Elizabeth),MEH,True,Eye & Retina Surgeons,,,Eye & Retina Surgeons,,,"Great Eastern, Prudential^",English,ME,
tay-su-lin-valerie,Dr Tay Su-Lin Valerie,Female,Otorhinolaryngology / ENT,Otorhinolaryngologist,ME|MEH,Mount Elizabeth Hospital,,,,,1,Aspire Ear Nose Throat and Snoring Clinic,Mount Elizabeth Medical Centre (3 Mount Elizabeth),MEH,True,,,,,,,"Great Eastern, HSBC Life, Prudential^","English, Mandarin",ME,
tay-tunn-lin,Dr Tay Tunn Lin,Female,Endocrinology,Endocrinologist,ME|MEH,Mount Elizabeth Hospital,2004,qual,22,40-49,1,Cedar Endocrine Diabetes and Thyroid Clinic,Mount Elizabeth Medical Centre (3 Mount Elizabeth),MEH,True,,,,,,,"Great Eastern, HSBC Life, Income, Prudential^, Singlife",English,ME,47
tay-yu-kwang-donovan,Dr Tay Yu-Kwang Donovan,Male,Endocrinology,Endocrinologist,ME|MNH,,,,,,2,Arden Endocrinology Specialist Clinic Pte Ltd || Arden Diabetes & Endocrine Clinic,Mount Elizabeth Novena Specialist Centre (38 Irrawaddy Rd) || Royal Square at Novena (101 Irrawaddy Rd),MNH|Novena-other,True,,,,,,,"HSBC Life, Prudential^, Singlife",English,ME,
tay-ze-yun,Dr Tay Ze Yun,Male,Otorhinolaryngology / ENT,Otorhinolaryngologist,GEH|ME|MNH,Gleneagles Hospital|Mount Elizabeth Novena Hospital,2011,text_years,15,40-49,2,CURA ENT | Head & Neck | Thyroid | Sleep Surgery || CURA ENT | Head & Neck | Thyroid | Sleep Surgery,Gleneagles Medical Centre (6 Napier Rd) || Mount Elizabeth Novena Specialist Centre (38 Irrawaddy Rd),GEH|MNH,True,,Foundation Healthcare,Foundation Healthcare,Foundation Healthcare,,,"Great Eastern, HSBC Life, Prudential^, Singlife","English, Hainanese, Hokkien, Mandarin",GEH,40
teh-guo-xiang-jonathan,Dr. Jonathan Teh Guo Xiang,Male,Gastroenterology,Gastroenterologist,GEH,Gleneagles Hospital,2010,text_grad,16,40-49,1,Teh Lip Bin Gastroenterology & Medical Clinic,Gleneagles Medical Centre (6 Napier Rd),GEH,True,,,,,,,,"English, Mandarin",GEH,41
teh-huijun-gillian,Dr Teh Huijun Gillian,Female,Ophthalmology,Ophthalmologist,GEH|ME|MEH|PEH,Gleneagles Hospital,2011,text_years,15,40-49,2,Asia Pacific Eye Centre || Parkway MediCentre (The Woodleigh Mall),Gleneagles Hospital Annexe (6A Napier Rd) || Parkway MediCentre (IHH community clinic),GEH|IHH-community,True,ISEC Healthcare (Aier),,,ISEC Healthcare (Aier),,also at Parkway MediCentre,Prudential^,"English, Mandarin",PEH,40
teh-lip-bin,Dr Teh Lip Bin,Male,Gastroenterology,Gastroenterologist,GEH,Gleneagles Hospital,1975,text_grad,51,70+,1,Teh Lip Bin Gastroenterology & Medical Clinic,Gleneagles Medical Centre (6 Napier Rd),GEH,True,,,,,,,,English,GEH,76
teh-peng-hooi,Dr Teh Peng Hooi,Male,Orthopaedic Surgery,Orthopaedic Surgeon,GEH,,1972,qual,54,70+,1,Orthopaedic Practice Pte Ltd,Gleneagles Medical Centre (6 Napier Rd),GEH,True,,,,,,,,English,GEH,79
teh-thean-seng,Dr Teh Thean Seng,Male,Anaesthesiology,Anaesthesiologist,ME|MEH,,,,,,1,Teh Anaesthetic Practice Pte Ltd,Paragon Medical (290 Orchard Rd),Orchard-other,False,,,,,,,,English,ME,
teng-jia-ying,Dr Teng Jia Ying,Female,Psychiatry,Psychiatrist,GEH|ME|MNH,Mount Elizabeth Novena Hospital,,,,,2,Psymed Consultants || Psymed Consultants,Gleneagles Medical Centre (6 Napier Rd) || Mount Elizabeth Novena Specialist Centre (38 Irrawaddy Rd),GEH|MNH,True,,,,,,,Prudential^,"English, Mandarin",GEH,
teng-sheng-yeow-victor,Dr Teng Sheng Yeow Victor,Male,Diagnostic Radiology,Diagnostic Radiologist,GEH,,,,,,1,Department Of Radiology,Gleneagles Hospital Annexe (6A Napier Rd),GEH,True,,,,,,IHH hospital department / centre,,English,GEH,
teo-bo-tiong-noah,Dr Teo Bo Tiong Noah,Male,Oral & Maxillofacial Surgery,Oral and Maxillofacial Surgeon,ME|MEH,,,,,,1,OMS Surgeon Pte Ltd,Mount Elizabeth Medical Centre (3 Mount Elizabeth),MEH,True,,,,,,,"Income, Prudential^, Singlife",English,ME,
teo-boon-li-steven,Dr Teo Boon Li Steven,Male,Obstetrics & Gynaecology,Obstetrician & Gynaecologist,ME|MNH,Mount Elizabeth Novena Hospital,2006,text_years,20,40-49,1,STO+G Cancer & Fertility Practice,Mount Elizabeth Novena Specialist Centre (38 Irrawaddy Rd),MNH,True,,,,,,,,"English, Hokkien, Mandarin, Teochew",ME,45
teo-chang-peng-colin,Dr Teo Chang Peng Colin,Male,Urology,Urologist,GEH,Gleneagles Hospital,,,,,1,Colin Teo Urology,Gleneagles Hospital Annexe (6A Napier Rd),GEH,True,,,,,,,"AIA, HSBC Life, Income, Prudential^, Singlife","English, Hokkien, Mandarin, Teochew",GEH,
teo-cheng-peng-freddy,Dr Teo Cheng Peng Freddy,Male,Haematology,Haematologist,GEH|ME|MEH|MNH,Gleneagles Hospital|Mount Elizabeth Hospital,1984,text_grad,42,60-69,3,Parkway Cancer Centre || Parkway Cancer Centre || Parkway Cancer Centre,Gleneagles Hospital Annexe (6A Napier Rd) || Mount Elizabeth Medical Centre (3 Mount Elizabeth) || Mount Elizabeth Novena Specialist Centre (38 Irrawaddy Rd),GEH|MEH|MNH,True,Tamarind Health,,,Tamarind Health,,,"AIA, Great Eastern, HSBC Life, Income, Prudential^, Singlife","Bahasa Indonesia, English, Mandarin",GEH,67
teo-ching-ching-melissa,Dr Teo Ching Ching Melissa,Female,General Surgery,General Surgeon,ME|MNH,Mount Elizabeth Novena Hospital,2015,text_grad,11,<40,1,Melissa Teo Surgery,Mount Elizabeth Novena Specialist Centre (38 Irrawaddy Rd),MNH,True,,,,,,,"Prudential^, Singlife","English, Hokkien, Mandarin, Teochew",ME,36
teo-hong-lee-terry,Dr Teo Hong Lee Terry,Male,Orthopaedic Surgery,Orthopaedic Surgeon,GEH|ME|MNH,Gleneagles Hospital,2011,text_years,15,40-49,2,SportsIN Orthopaedic Clinic || SportsIn Orthopaedic Clinic (Novena),Gleneagles Medical Centre (6 Napier Rd) || Mount Elizabeth Novena Specialist Centre (38 Irrawaddy Rd),GEH|MNH,True,,,,,,,"Great Eastern, Prudential^","English, Mandarin",GEH,40
teo-hwee-ying-lynn,Dr Teo Hwee Ying Lynn,Female,Dermatology,Dermatologist,ME|MNH,,,,,,1,The Dermatology Practice - Skin Hair Allergy Laser,Mount Elizabeth Novena Specialist Centre (38 Irrawaddy Rd),MNH,True,,,,,,,"Income, Prudential^, Singlife","English, Hokkien, Mandarin, Teochew",ME,
teo-kejia,Dr Teo Kejia,Male,Neurosurgery,Neurosurgeon,ME|MEH|PEH,Mount Elizabeth Hospital|Parkway East Hospital,2013,text_grad,13,<40,2,Precision Neurosurgery || Precision Neurosurgery,Mount Elizabeth Medical Centre (3 Mount Elizabeth) || Parkway East Medical Centre (319 Joo Chiat Pl),MEH|PEH,True,,,,,,,"Great Eastern, HSBC Life, Income, Prudential^, Singlife","English, Hokkien, Malay, Mandarin, Teochew",PEH,38
teo-kiat-beng-terence,Dr Teo Kiat Beng Terence,Male,Diagnostic Radiology,Diagnostic Radiologist,ME|MNH,,,,,,1,Radiology Department,Mount Elizabeth Novena Specialist Centre (38 Irrawaddy Rd),MNH,True,,,,,,IHH hospital department / centre,,English,ME,
teo-kuo-yih-terence-terry,Dr Teo Kuo-Yih Terence @ Terry,Male,Paediatric Dentistry,Paediatric Dentist,PEH,Parkway East Hospital,2011,text_years,15,40-49,1,Child Smile @ Parkway East,Parkway East Medical Centre (319 Joo Chiat Pl),PEH,True,,,,,,,,"English, Mandarin",PEH,40
teo-livia,Dr Teo Livia,Female,Ophthalmology,Ophthalmologist,GEH,Gleneagles Hospital,2005,qual,21,40-49,1,Nobel Eye & Vision Centre (Gleneagles Hospital),Gleneagles Hospital Annexe (6A Napier Rd),GEH,True,OUE Healthcare / Healthway,,,OUE Healthcare / Healthway,,,"Great Eastern, HSBC Life, Prudential^, Singlife","English, Hokkien, Malay, Mandarin, Teochew",GEH,46
teo-shun-hui-wendy,Dr Teo Shun Hui Wendy,Female,Obstetrics & Gynaecology,Obstetrician & Gynaecologist,ME|MNH,Mount Elizabeth Novena Hospital,,,,,1,Wendy Women's Clinic,Mount Elizabeth Novena Specialist Centre (38 Irrawaddy Rd),MNH,True,,,,,,,,English,ME,
teo-shunming-jonathan,Dr Teo Shunming Jonathan,Male,Urology,Urologist,ME|MEH,Gleneagles Hospital|Mount Elizabeth Hospital,,,,,1,Urology Practice,Mount Elizabeth Medical Centre (3 Mount Elizabeth),MEH,True,,,,,,,"Great Eastern, HSBC Life, Income, Prudential^, Singlife","English, Mandarin",ME,
teo-su-wei-felicia,Dr Teo Su Wei Felicia,Female,Respiratory Medicine,Respiratory Physician,ME|MEH,Mount Elizabeth Hospital,1998,qual,28,50-59,1,The Lung Clinic,Mount Elizabeth Medical Centre (3 Mount Elizabeth),MEH,True,,,,,,,"Great Eastern, HSBC Life, Prudential^, Singlife","English, Hokkien, Malay, Mandarin",ME,53
teo-swee-guan,Dr Teo Swee Guan,Male,Cardiology,Cardiologist,GEH|ME|MEH|PEH,Mount Elizabeth Hospital,1996,qual,30,50-59,2,Specialist Care Group || Parkway MediCentre (The Woodleigh Mall),Mount Elizabeth Medical Centre (3 Mount Elizabeth) || Parkway MediCentre (IHH community clinic),IHH-community|MEH,True,,,,,,also at Parkway MediCentre,"Great Eastern, Income, Prudential^, Singlife","Bahasa Indonesia, English, Hokkien, Mandarin",PEH,55
teo-tju-wei-dawn,Dr Teo Tju Wei Dawn,Female,Otorhinolaryngology / ENT,Otorhinolaryngologist,ME|MNH|PEH,,1995,text_grad,31,50-59,4,The ENT Specialist Centre || The Children's Eye & ENT Centre || The ENT Specialist Centre || The Children's Eye & ENT Centre,Mount Elizabeth Novena Specialist Centre (38 Irrawaddy Rd) || Parkway East Medical Centre (319 Joo Chiat Pl),MNH|PEH,True,,,,,,,"AIA, Prudential^","Bahasa Indonesia, Cantonese, English, Hokkien, Mandarin",PEH,56
teo-tze-hern-patrick,Dr Teo Tze Hern Patrick,Male,Diagnostic Radiology,Diagnostic Radiologist,ME|MNH,,,,,,1,Radiology Department,Mount Elizabeth Novena Specialist Centre (38 Irrawaddy Rd),MNH,True,,,,,,IHH hospital department / centre,,English,ME,
teo-wee-siong,Dr Teo Wee Siong,Male,Cardiology,Cardiologist,ME|MEH,Mount Elizabeth Novena Hospital,1982,text_grad,44,60-69,1,The Heart Specialist Clinic,Mount Elizabeth Medical Centre (3 Mount Elizabeth),MEH,True,,,,,,,"Great Eastern, HSBC Life, Income, Prudential^, Singlife","Bahasa Indonesia, Cantonese, English, Hokkien, Mandarin, Teochew",ME,69
teo-wei-wen-timothy,Dr. Teo Wei Wen Timothy,Male,Orthopaedic Surgery,Orthopaedic Surgeon,ME|MEH|MNH,,,,,,2,Pinnacle Orthopaedic & Sports Centre (Orchard) || Pinnacle Orthopaedic & Sports Centre (Novena),Mount Elizabeth Medical Centre (3 Mount Elizabeth) || Mount Elizabeth Novena Specialist Centre (38 Irrawaddy Rd),MEH|MNH,True,Foundation Healthcare,,,Foundation Healthcare,,,Prudential^,English,ME,
teo-yee-hong,Dr Teo Yee Hong,Male,Orthopaedic Surgery,Orthopaedic Surgeon,ME|MNH,Mount Elizabeth Hospital,,,,,1,Synergy Orthopaedic Group,Mount Elizabeth Novena Specialist Centre (38 Irrawaddy Rd),MNH,True,,,,,,,"AIA, Great Eastern, HSBC Life, Income, Prudential^, Singlife",English,ME,
teo-yee-sze,Dr Teo Yee Sze,Male,Orthopaedic Surgery,Orthopaedic Surgeon,ME|MNH,Mount Elizabeth Novena Hospital,1999,text_grad,27,50-59,1,Synergy Orthopaedic Group,Mount Elizabeth Novena Specialist Centre (38 Irrawaddy Rd),MNH,True,,,,,,,"AIA, Great Eastern, HSBC Life, Income, Prudential^, Singlife","English, Hokkien, Mandarin",ME,52
teo-yeng-hok-alvin,Dr Teo Yeng Hok Alvin,Male,Intensive Care Medicine,Anaesthesiologist,ME|MEH|MNH,,,,,,2,Integrative Critical Care Anaesthesia & Pain Services Pte Ltd || Anaesthesia and Intensive Care Services,Mount Elizabeth Medical Centre (3 Mount Elizabeth) || Mount Elizabeth Novena Specialist Centre (38 Irrawaddy Rd),MEH|MNH,True,,,Thomson Medical,,Thomson Medical,,,English,ME,
teo-yeow-kwan-jim,Dr Teo Yeow Kwan Jim,Male,Intensive Care Medicine,Respiratory Physician,GEH|ME|MEH|PEH,Gleneagles Hospital|Parkway East Hospital,,,,,3,O2 Lung Centre || The Respiratory Practice || The Respiratory Practice,Gleneagles Medical Centre (6 Napier Rd) || Mount Elizabeth Medical Centre (3 Mount Elizabeth) || Parkway East Medical Centre (319 Joo Chiat Pl),GEH|MEH|PEH,True,OUE Healthcare / Healthway,,,OUE Healthcare / Healthway,,,"AIA, Great Eastern, HSBC Life, Income, Prudential^, Singlife","Cantonese, English, Hokkien, Malay, Mandarin, Teochew",PEH,
teo-yi-chong-kelvin,Dr Teo Yi Chong Kelvin,Male,Ophthalmology,Ophthalmologist,ME|MEH|PEH,Mount Elizabeth Hospital,2011,text_years,15,40-49,2,Advanced Eye Clinic and Surgery || The Children's Eye & ENT Centre,Mount Elizabeth Medical Centre (3 Mount Elizabeth) || Parkway East Medical Centre (319 Joo Chiat Pl),MEH|PEH,True,,,,,,,"Prudential^, Singlife","Cantonese, English, Hokkien, Mandarin",PEH,40
teo-yu-lin-rachael,Dr Teo Yu Lin Rachael,Female,Dermatology,Dermatologist,GEH|ME|MEH|MNH,,2000,text_grad,26,50-59,4,The Dermatology Practice @ Gleneagles || The Dermatology Practice @ Camden || The Dermatology Practice @ Orchard - Skin Hair Allergy Laser || The Dermatology Practice - Skin Hair Allergy Laser,Camden Medical Centre (1 Orchard Blvd) || Gleneagles Medical Centre (6 Napier Rd) || Mount Elizabeth Medical Centre (3 Mount Elizabeth) || Mount Elizabeth Novena Specialist Centre (38 Irrawaddy Rd),GEH|MEH|MNH|Orchard-other,True,,,,,,,"Income, Prudential^, Singlife","English, Hokkien, Mandarin",GEH,51
teo-zui-chih-rachel,Dr Teo Zui Chih (Rachel),Female,Renal Medicine,Renal Physician,GEH|ME|MEH|PEH,Mount Elizabeth Hospital,,,,,2,Kidney Health Asia || Parkway MediCentre (The Woodleigh Mall),Mount Elizabeth Medical Centre (3 Mount Elizabeth) || Parkway MediCentre (IHH community clinic),IHH-community|MEH,True,,,,,,also at Parkway MediCentre,"HSBC Life, Income, Prudential^, Singlife","English, Mandarin",PEH,
teoh-charn-beng-stephen,Dr Teoh Charn Beng Stephen,Male,Ophthalmology,Ophthalmologist,ME|MNH|PEH,,1998,text_grad,28,50-59,2,Eagle Eye Centre || Eagle Eye Centre,Mount Elizabeth Novena Specialist Centre (38 Irrawaddy Rd) || Parkway East Medical Centre (319 Joo Chiat Pl),MNH|PEH,True,HMI Medical,,,HMI Medical,,,"AIA, Great Eastern, HSBC Life, Income, Prudential^, Singlife","English, Hokkien, Mandarin, Teochew",PEH,53
teoh-tiong-ann,Dr Teoh Tiong Ann,Male,General Surgery,General Surgeon,ME|MEH,Mount Elizabeth Hospital,1985,text_grad,41,60-69,1,Teoh Colon Rectum & General Surgery,Mount Elizabeth Medical Centre (3 Mount Elizabeth),MEH,True,,,,,,,"AIA, Great Eastern, HSBC Life, Income, Prudential^, Singlife","Bahasa Indonesia, English, Hokkien, Malay, Mandarin",ME,66
tey-tze-tong,Dr Tey Tze Tong,Male,Gastroenterology,Gastroenterologist,GEH,Gleneagles Hospital,,,,,1,Asia Digestive Associates,Gleneagles Medical Centre (6 Napier Rd),GEH,True,,,Thomson Medical,,Thomson Medical,,"Great Eastern, HSBC Life, Prudential^","English, Hokkien, Mandarin",GEH,
tham-chengyao-alex,Dr Tham Chengyao Alex,Male,Otorhinolaryngology / ENT,Otorhinolaryngologist,ME|MNH,,,,,,1,Asian Healthcare Specialists (Novena),Mount Elizabeth Novena Specialist Centre (38 Irrawaddy Rd),MNH,True,Doctor Anywhere / AHS,,Thomson Medical,Doctor Anywhere / AHS,Thomson Medical,,"Great Eastern, Prudential^, Singlife",English,ME,
tham-meng-keat,Dr Tham Meng Keat,Male,Respiratory Medicine,Respiratory Physician,ME|MEH,Mount Elizabeth Hospital,,,,,1,M K Tham & Respiratory Clinic,Mount Elizabeth Medical Centre (3 Mount Elizabeth),MEH,True,,,,,,,,"Bahasa Indonesia, Cantonese, English, Hokkien, Mandarin",ME,
tham-seng-choe,Dr Tham Seng Choe,Male,Diagnostic Radiology,Diagnostic Radiologist,ME|MNH,Mount Elizabeth Novena Hospital,2006,text_years,20,40-49,1,Radiology Department,Mount Elizabeth Novena Specialist Centre (38 Irrawaddy Rd),MNH,True,,,,,,IHH hospital department / centre,,"Cantonese, English, Mandarin",ME,45
tham-siew-nee,Dr Tham Siew Nee,Female,Dermatology,Dermatologist,GEH,,1996,text_years,30,50-59,1,TSN Dermatology Skin Specialist Clinic,Gleneagles Medical Centre (6 Napier Rd),GEH,True,,,,,,,,"Bahasa Indonesia, English, Hainanese, Hokkien, Mandarin",GEH,55
tham-wai-lum-benjamin,Dr Tham Wai Lum Benjamin,,Obstetrics & Gynaecology,Obstetrician & Gynaecologist,ME|MNH,,,,,,0,,,,False,,,,,,,"Great Eastern, HSBC Life, Singlife",,,
tham-weng-keong-ivan,Dr Tham Weng Keong Ivan,Male,Radiation Oncology,Radiation Oncologist,GEH|ME|MEH|MNH,Gleneagles Hospital|Mount Elizabeth Hospital,2000,qual,26,50-59,3,Radiation Oncology Centre || Mount Elizabeth Oncology Centre || Radiation Oncology Centre,Gleneagles Hospital Annexe (6A Napier Rd) || Mount Elizabeth Medical Centre (3 Mount Elizabeth) || Mount Elizabeth Novena Specialist Centre (38 Irrawaddy Rd),GEH|MEH|MNH,True,,Tamarind Health,Tamarind Health - Parkway Cancer Centre / TalkMed,Tamarind Health,,,"AIA, Great Eastern, HSBC Life, Income, Prudential^, Singlife","Cantonese, English, Mandarin",GEH,51
theng-thiam-siew-julian,Dr Theng Thiam Siew Julian,Male,Ophthalmology,Ophthalmologist,ME|MEH|MNH|PEH,Parkway East Hospital,1992,qual,34,50-59,3,Eagle Eye Centre || Eagle Eye Centre || Eagle Eye Centre,Mount Elizabeth Medical Centre (3 Mount Elizabeth) || Mount Elizabeth Novena Specialist Centre (38 Irrawaddy Rd) || Parkway East Medical Centre (319 Joo Chiat Pl),MEH|MNH|PEH,True,HMI Medical,HMI Medical,HMI Medical - Eagle Eye Centre,HMI Medical,,,"AIA, Great Eastern, HSBC Life, Income, Prudential^, Singlife","English, Hokkien, Mandarin, Teochew",PEH,59
thia-teck-joo-kelvin,Dr Thia Teck Joo Kelvin,Male,Gastroenterology,Gastroenterologist,ME|MEH,Mount Elizabeth Hospital,2006,text_years,20,40-49,1,Hope Gastroenterology and Liver Clinic Pte Ltd,Mount Elizabeth Medical Centre (3 Mount Elizabeth),MEH,True,,,,,,,"AIA, Great Eastern, HSBC Life, Income, Prudential^, Singlife","English, Hokkien, Mandarin, Teochew",ME,45
thng-leong-keng-paul,Dr Thng Leong Keng Paul,Male,Orthopaedic Surgery,Orthopaedic Surgeon,ME|MNH,Mount Elizabeth Hospital,1994,text_grad,32,50-59,1,PTL Spine & Orthopaedics,Mount Elizabeth Medical Centre (3 Mount Elizabeth),MEH,True,,,,,,,Prudential^,"Bahasa Indonesia, English, Hokkien, Malay, Mandarin, Teochew",ME,57
thng-yong-xian,Dr Thng Yongxian,Male,General Surgery,General Surgeon,GEH|ME|MNH,Gleneagles Hospital,,,,,2,Precision Surgical Centre || Precision Surgical Centre,Gleneagles Hospital Annexe (6A Napier Rd) || Mount Elizabeth Novena Specialist Centre (38 Irrawaddy Rd),GEH|MNH,True,,,,,,,"HSBC Life, Income, Prudential^, Singlife","Cantonese, English, Hokkien, Malay, Mandarin, Teochew",GEH,
tho-kam-san,Dr Tho Kam San,Male,Orthopaedic Surgery,Orthopaedic Surgeon,GEH,,1985,text_grad,41,60-69,1,Orthopaedics International,Gleneagles Hospital Annexe (6A Napier Rd),GEH,True,Orthopaedics International,,,Orthopaedics International,,,"AIA, Great Eastern, HSBC Life, Income, Prudential^, Singlife","Bahasa Indonesia, English, Mandarin",GEH,66
thomas-john,Dr Thomas John,Male,Neurosurgery,Neurosurgeon,ME|MNH,Gleneagles Hospital|Mount Elizabeth Hospital,2006,text_years,20,40-49,1,Immanuel Centre for Neurosurgery,Mount Elizabeth Novena Specialist Centre (38 Irrawaddy Rd),MNH,True,,,,,,,"AIA, Great Eastern, Prudential^","Bahasa Indonesia, English",ME,45
thoo-fei-ling,Dr Thoo Fei Ling,Female,Diagnostic Radiology,Diagnostic Radiologist,PEH,,,,,,1,Radiology Department,Parkway East Medical Centre (319 Joo Chiat Pl),PEH,True,,,,,,IHH hospital department / centre,,English,PEH,
thwin-maung-aye,Dr Thwin Maung Aye,Male,Gastroenterology,Gastroenterologist,GEH,Gleneagles Hospital,,,,,1,Thwins Liver & Gastro Clinic,Gleneagles Medical Centre (6 Napier Rd),GEH,True,,,,,,,"HSBC Life, Income, Prudential^, Singlife","Burmese, English",GEH,
ting-hua-sieng,Dr Ting Hua Sieng,Female,Obstetrics & Gynaecology,Obstetrician & Gynaecologist,PEH,Parkway East Hospital,2006,text_years,20,40-49,1,Dr Ting Women's Specialist Clinic,Parkway East Medical Centre (319 Joo Chiat Pl),PEH,True,,,Thomson Medical,,Thomson Medical,,"HSBC Life, Prudential^","Bahasa Indonesia, Cantonese, English, Hokkien, Mandarin",PEH,45
ting-peter,Dr Ting Peter,Male,Cardiology,Cardiologist,GEH,Gleneagles Hospital|Mount Elizabeth Novena Hospital,,,,,1,The Harley Street Heart And Vascular Centre,Gleneagles Hospital Annexe (6A Napier Rd),GEH,True,HMI Medical,,,HMI Medical,,,"HSBC Life, Prudential^, Singlife","English, Mandarin",GEH,
toh-bin-chet,Dr Toh Bin Chet,Male,General Surgery,General Surgeon,PEH,Mount Elizabeth Hospital|Parkway East Hospital,,,,,1,Resurgence Surgical @ Parkway East Pte Ltd,Parkway East Medical Centre (319 Joo Chiat Pl),PEH,True,,,Thomson Medical,,Thomson Medical,,"Great Eastern, Income, Prudential^, Singlife","Cantonese, English, Hokkien, Malay, Mandarin",PEH,
toh-chai-soon-charles,Dr Toh Chai Soon Charles,Male,Cardiology,Cardiologist,ME|MEH,,1954,qual,72,70+,1,Charles Toh Clinic,Mount Elizabeth Medical Centre (3 Mount Elizabeth),MEH,True,,,,,,,,"Bahasa Indonesia, Cantonese, English, Hokkien, Mandarin, Teochew",ME,97
toh-chee-keong,Dr Toh Chee Keong,Male,Medical Oncology,Medical Oncologist,GEH|ME|MEH|MNH,Mount Elizabeth Novena Hospital,1995,text_grad,31,50-59,3,Curie Oncology || Curie Oncology & Haematology || Curie Oncology (Gleneagles),Gleneagles Medical Centre (6 Napier Rd) || Mount Elizabeth Medical Centre (3 Mount Elizabeth) || Mount Elizabeth Novena Specialist Centre (38 Irrawaddy Rd),GEH|MEH|MNH,True,Curie Oncology,Curie Oncology,Curie Oncology,Curie Oncology,,,"AIA, Great Eastern, HSBC Life, Income, Prudential^, Singlife",English,GEH,56
toh-choon-lai,Dr Toh Choon Lai,Male,Orthopaedic Surgery,Orthopaedic Surgeon,ME|MEH|MNH,Mount Elizabeth Hospital,1985,qual,41,60-69,2,Orthopaedic Associates Medical Group Ptd. Ltd. || Orthopaedic Associates Medical Group Ptd. Ltd.,Mount Elizabeth Medical Centre (3 Mount Elizabeth) || Mount Elizabeth Novena Specialist Centre (38 Irrawaddy Rd),MEH|MNH,True,Foundation Healthcare,Foundation Healthcare,Foundation Healthcare,Foundation Healthcare,,,"AIA, Great Eastern, HSBC Life, Prudential^","Bahasa Indonesia, Cantonese, English, Hokkien, Mandarin",ME,66
toh-ee-lin,Dr Toh Ee-Lin,Female,General Surgery,General Surgeon,ME|MNH,Mount Elizabeth Novena Hospital,2005,qual,21,40-49,1,Ten Surgery Group (Mount Elizabeth Novena),Mount Elizabeth Medical Centre (3 Mount Elizabeth),MEH,True,,,Thomson Medical,,Thomson Medical,,"Great Eastern, HSBC Life, Prudential^, Singlife","Cantonese, English, Hokkien, Mandarin",ME,46
toh-khai-lee,Dr Toh Khai Lee,Male,Urology,Urologist,ME|MEH,Mount Elizabeth Hospital,,,,,1,Toh Khai Lee Urology Clinic,Mount Elizabeth Medical Centre (3 Mount Elizabeth),MEH,True,,,Thomson Medical,,Thomson Medical,,"AIA, Income","Cantonese, English, Hokkien, Mandarin",ME,
toh-kok-hong,Dr Toh Kok Hong,Male,Diagnostic Radiology,Diagnostic Radiologist,ME|MEH,,,,,,1,Radiology Department,Mount Elizabeth Medical Centre (3 Mount Elizabeth),MEH,True,,,,,,IHH hospital department / centre,,English,ME,
tong-ming-chuan,Dr Tong Ming Chuan,Male,Cardiothoracic Surgery,Cardiothoracic Surgeon,ME|MEH,,,,,,1,M C Tong Cardiothoracic Surgery,Mount Elizabeth Medical Centre (3 Mount Elizabeth),MEH,True,,,,,,,"AIA, Prudential^","Bahasa Indonesia, English, Hokkien, Mandarin",ME,
toon-dong-hao,Dr Toon Dong Hao,Male,Orthopaedic Surgery,Orthopaedic Surgeon,GEH|ME|MEH|MNH|PEH,Gleneagles Hospital|Mount Elizabeth Novena Hospital,2011,text_years,15,40-49,4,HC Orthopaedic Surgery || HC Orthopaedic Surgery || HC Orthopaedic Surgery || HC Orthopaedic Surgery,Gleneagles Medical Centre (6 Napier Rd) || Mount Elizabeth Medical Centre (3 Mount Elizabeth) || Mount Elizabeth Novena Specialist Centre (38 Irrawaddy Rd) || Parkway East Medical Centre (319 Joo Chiat Pl),GEH|MEH|MNH|PEH,True,HC Surgical Specialists,,Thomson Medical,HC Surgical Specialists,Thomson Medical,,"Great Eastern, HSBC Life, Income, Prudential^","Cantonese, English, Malay, Mandarin",PEH,40
tow-phak-boon-benjamin,Dr Tow Phak Boon Benjamin,Male,Orthopaedic Surgery,Orthopaedic Surgeon,ME|MEH|MNH,Mount Elizabeth Hospital,1998,text_grad,28,50-59,2,Orthopaedic & Spine Clinic || Orthopaedic and Spine Clinic (Novena),Mount Elizabeth Medical Centre (3 Mount Elizabeth) || Mount Elizabeth Novena Specialist Centre (38 Irrawaddy Rd),MEH|MNH,True,,,Thomson Medical,,Thomson Medical,,"AIA, HSBC Life, Prudential^, Singlife",English,ME,53
tsang-bih-shiou-charles,Dr Tsang Bih Shiou Charles,Male,General Surgery,General Surgeon,GEH|ME|MNH|PEH,Mount Elizabeth Novena Hospital|Parkway East Hospital,1987,text_grad,39,60-69,3,Colorectal Clinic Associates || Colorectal Clinic Associates || Colorectal Clinic Associates,Gleneagles Medical Centre (6 Napier Rd) || Mount Elizabeth Novena Specialist Centre (38 Irrawaddy Rd) || Parkway East Medical Centre (319 Joo Chiat Pl),GEH|MNH|PEH,True,Foundation Healthcare,Foundation Healthcare,Foundation Healthcare,Foundation Healthcare,,,"AIA, Great Eastern, HSBC Life, Income, Prudential^, Singlife",English,PEH,64
tsao-kin-kwok-stephen,Dr Tsao Kin Kwok Stephen,Male,Gastroenterology,Gastroenterologist,ME|MEH|MNH,Mount Elizabeth Hospital,1996,qual,30,50-59,2,AliveoMedical || AliveoMedical,Mount Elizabeth Medical Centre (3 Mount Elizabeth) || Mount Elizabeth Novena Specialist Centre (38 Irrawaddy Rd),MEH|MNH,True,,Foundation Healthcare,Foundation Healthcare|Thomson Medical,Foundation Healthcare,Thomson Medical,,"AIA, Great Eastern, HSBC Life, Prudential^","Cantonese, English, Mandarin",ME,55
tseng-leng-aun-arthur,Dr Tseng Leng Aun Arthur,Male,Obstetrics & Gynaecology,Obstetrician & Gynaecologist,GEH,Gleneagles Hospital,2001,text_years,25,50-59,1,Arthur Tseng Women's Health Services,Gleneagles Medical Centre (6 Napier Rd),GEH,True,,,,,,,"AIA, Prudential^",English,GEH,50
tseng-seng-sou-phillip,Dr Tseng Seng Sou Phillip,Male,Anaesthesiology,Anaesthesiologist,ME|MEH,,,,,,1,Anaesthetic Associates Singapore,Mount Elizabeth Medical Centre (3 Mount Elizabeth),MEH,True,,,Thomson Medical,,Thomson Medical,,,"Bahasa Indonesia, Cantonese, English, Hokkien, Mandarin, Tamil, Teochew",ME,
tseng-tze-hsing-jovina,Dr Tseng Tze Hsing Jovina,Female,Anaesthesiology,Anaesthesiologist,ME|MEH,,,,,,1,Anaesthetic Associates Singapore,Mount Elizabeth Medical Centre (3 Mount Elizabeth),MEH,True,,,,,,,,"Bahasa Indonesia, Cantonese, English, Hokkien, Mandarin, Tamil, Teochew",ME,
tsou-yu-yan-ian,Dr Tsou Yu Yan Ian,Male,Diagnostic Radiology,Diagnostic Radiologist,ME|MEH,Mount Elizabeth Hospital,,,,,1,Radiology Department,Mount Elizabeth Medical Centre (3 Mount Elizabeth),MEH,True,,,,,,IHH hospital department / centre,,"Cantonese, English, Hokkien, Mandarin",ME,
tu-tian-ming,Dr Tu Tian Ming,Male,Neurology,Neurologist,ME|MEH|MNH,Mount Elizabeth Novena Hospital,2005,qual,21,40-49,2,Neurology Care Partners Pte Ltd || Neurology Care Partners,Mount Elizabeth Medical Centre (3 Mount Elizabeth),MEH,True,,,,,,,"Great Eastern, Prudential^, Singlife","English, Hokkien, Mandarin, Teochew",ME,46
tucker-steven-jay,Dr Tucker Steven Jay,Male,Medical Oncology,Medical Oncologist,ME|MNH,,,,,,1,Tucker Medical Pte Ltd,Novena Specialist Center (8 Sinaran Dr),Novena-other,False,,,,,,,,"Bahasa Indonesia, English",ME,
tung-yu-yee-mathew,Dr Tung Yu Yee Mathew,Male,Neurosurgery,Neurosurgeon,GEH|ME|MNH,Gleneagles Hospital,,,,,2,Singapore Sports & Orthopaedic Clinic || SSOC Novena,Gleneagles Medical Centre (6 Napier Rd) || Mount Elizabeth Medical Centre (3 Mount Elizabeth),GEH|MEH,True,,,,,,,"HSBC Life, Prudential^, Singlife","English, Hokkien, Malay, Mandarin",GEH,
uma-alagappan,Dr Uma Alagappan,Female,Dermatology,Dermatologist,ME|MEH|PEH,Gleneagles Hospital|Parkway East Hospital,2006,qual,20,40-49,2,The Dermatology Clinic || The Dermatology Clinic @ Paragon,Paragon Medical (290 Orchard Rd) || Parkway East Medical Centre (319 Joo Chiat Pl),Orchard-other|PEH,True,,,,,,,"Prudential^, Singlife","English, Tamil",PEH,45
uma-shridhar-iyer,Dr Uma Shridhar Iyer,Female,Anaesthesiology,Anaesthesiologist,ME|MEH,,,,,,1,Uma Iyer Anaesthesia Solutions Pte Ltd,Mount Elizabeth Medical Centre (3 Mount Elizabeth),MEH,True,,,Thomson Medical,,Thomson Medical,,,English,ME,
wai-chun-hang-daniel,Dr Wai Chun Hang Daniel,Male,Endocrinology,Endocrinologist,ME|MEH,,1998,text_grad,28,50-59,1,"Daniel Wai Diabetes, Thyroid And Hormone Clinic",Mount Elizabeth Medical Centre (3 Mount Elizabeth),MEH,True,,,,,,,,"Bahasa Indonesia, Cantonese, English, Mandarin",ME,53
wai-chun-tao-desmond,Dr Wai Chun Tao Desmond,Male,Gastroenterology,Gastroenterologist,ME|MNH,Gleneagles Hospital|Mount Elizabeth Novena Hospital,1994,text_grad,32,50-59,1,Desmond Wai Liver & Gastrointestinal Diseases Centre,Mount Elizabeth Novena Specialist Centre (38 Irrawaddy Rd),MNH,True,,,,,,,"AIA, Great Eastern, Income, Prudential^, Singlife",English,ME,57
wan-mun-chin,Dr Wan Mun Chin,Male,Diagnostic Radiology,Diagnostic Radiologist,GEH,Gleneagles Hospital,,,,,1,Department Of Radiology,Gleneagles Hospital Annexe (6A Napier Rd),GEH,True,,,,,,IHH hospital department / centre,,"Cantonese, English, Hokkien, Mandarin",GEH,
wang-chaw-chian-john,Dr Wang Chaw Chian John,Male,General Surgery,General Surgeon,ME|MEH|MNH|PEH,Mount Elizabeth Hospital,,,,,4,Advanced Vascular & Endovascular Clinic || Panasia Surgery Pte Ltd || PanAsia Surgery Pte Ltd || PanAsia Surgery Pte Ltd,Mount Elizabeth Medical Centre (3 Mount Elizabeth) || Mount Elizabeth Novena Specialist Centre (38 Irrawaddy Rd) || Parkway East Medical Centre (319 Joo Chiat Pl),MEH|MNH|PEH,True,Foundation Healthcare,,,Foundation Healthcare,,,"AIA, Great Eastern, HSBC Life, Prudential^, Singlife",English,PEH,
wang-chee-cheng-adrian,Dr Wang Chee Cheng Adrian,Male,Psychiatry,Psychiatrist,GEH,,,,,,1,Dr Adrian Wang Psychiatric & Counselling Care,Gleneagles Medical Centre (6 Napier Rd),GEH,True,,,,,,,,English,GEH,
wang-dehao-bryan,Dr Wang Dehao Bryan,Male,Orthopaedic Surgery,Orthopaedic Surgeon,GEH,Gleneagles Hospital,2005,qual,21,40-49,1,Beacon Orthopaedics,Gleneagles Medical Centre (6 Napier Rd),GEH,True,,,Thomson Medical,,Thomson Medical,,"AIA, Great Eastern, HSBC Life, Income, Prudential^","English, Hokkien, Mandarin",GEH,46
wang-ee-jen-wilson,Dr Wang Ee Jen Wilson,Male,Orthopaedic Surgery,Orthopaedic Surgeon,ME|MEH,Gleneagles Hospital,,,,,1,The Orthopaedic Clinic (Orchard),Mount Elizabeth Medical Centre (3 Mount Elizabeth),MEH,True,,,,,,,Singlife,"English, Hokkien, Mandarin, Teochew",ME,
wang-lawrence-chaoping,Dr Wang Lawrence Chaoping,Male,Paediatric Medicine,Paediatrician,ME|MEH,Mount Elizabeth Hospital,1986,text_years,40,60-69,1,Kinder Clinic Pte Ltd,Paragon Medical (290 Orchard Rd),Orchard-other,False,,,,,,,,"English, Hokkien, Mandarin",ME,65
wang-lushun,Dr Wang Lushun,Male,Orthopaedic Surgery,Orthopaedic Surgeon,ME|MEH,Mount Elizabeth Hospital,2005,qual,21,40-49,1,Arete Orthopaedic Centre,Mount Elizabeth Medical Centre (3 Mount Elizabeth),MEH,True,,,,,,,"Great Eastern, HSBC Life, Prudential^, Singlife","English, Hainanese, Hokkien, Mandarin",ME,46
wang-shiyuan,Dr Wang Shiyuan,Female,Diagnostic Radiology,Diagnostic Radiologist,ME|MEH,,,,,,1,Radiology Department,Mount Elizabeth Medical Centre (3 Mount Elizabeth),MEH,True,,,,,,IHH hospital department / centre,,English,ME,
wang-tzong-jing-victor,Dr Wang Tzong-Jing Victor,Male,Orthopaedic Surgery,Orthopaedic Surgeon,GEH|ME|MEH|MNH,Gleneagles Hospital,2006,text_years,20,40-49,3,FeM Surgery @ Gleneagles || FeM Surgery @ Novena || FeM Surgery @ Orchard,Gleneagles Medical Centre (6 Napier Rd) || Mount Elizabeth Medical Centre (3 Mount Elizabeth),GEH|MEH,True,,,Thomson Medical,,Thomson Medical,,"Great Eastern, Prudential^","English, Hokkien, Mandarin",GEH,45
wang-yi-shi,Dr Wang Yi Shi,Female,Dermatology,Dermatologist,ME|MNH,,2014,text_years,12,<40,1,W Skin and Laser Clinic,Mount Elizabeth Novena Specialist Centre (38 Irrawaddy Rd),MNH,True,,,,,,,Prudential^,English,ME,37
wang-yu-tien,Dr Wang Yu Tien,Male,Gastroenterology,Gastroenterologist,GEH|ME|MNH,Gleneagles Hospital|Mount Elizabeth Novena Hospital,2001,qual,25,50-59,2,Nobel Gastroenterology Centre || Nobel Gastroenterology Centre,Gleneagles Medical Centre (6 Napier Rd) || Mount Elizabeth Novena Specialist Centre (38 Irrawaddy Rd),GEH|MNH,True,OUE Healthcare / Healthway,,,OUE Healthcare / Healthway,,,"AIA, Great Eastern, HSBC Life, Income, Prudential^, Singlife","Cantonese, English, Malay, Mandarin",GEH,50
watt-wing-fong,Dr Watt Wing Fong,Female,Obstetrics & Gynaecology,Obstetrician & Gynaecologist,GEH,Gleneagles Hospital,1994,text_grad,32,50-59,1,The Obstetrics & Gynaecology Centre,Gleneagles Medical Centre (6 Napier Rd),GEH,True,Singapore Medical Group (SMG),Singapore Medical Group (SMG),Singapore Medical Group (SMG),Singapore Medical Group (SMG),,,,English,GEH,57
wee-chee-keong,Dr Wee Chee Keong,Male,Neurology,Neurologist,ME|MEH,Mount Elizabeth Hospital,2004,text_grad,22,40-49,1,Capernaum Neurology Pte Ltd,Mount Elizabeth Medical Centre (3 Mount Elizabeth),MEH,True,Foundation Healthcare,Foundation Healthcare,Foundation Healthcare|Thomson Medical,Foundation Healthcare,Thomson Medical,,"AIA, Great Eastern, Income, Prudential^","English, Hokkien, Mandarin",ME,47
wee-liang-hao-james,Dr Wee Liang Hao James,Male,Orthopaedic Surgery,Orthopaedic Surgeon,GEH|ME|MEH,Mount Elizabeth Hospital,2005,qual,21,40-49,2,Oxford Orthopaedics || OXFORD ORTHOPAEDIC PTE LTD,Gleneagles Medical Centre (6 Napier Rd) || Mount Elizabeth Medical Centre (3 Mount Elizabeth),GEH|MEH,True,Alfa Medicus (ICG),,Thomson Medical,Alfa Medicus (ICG),Thomson Medical,,"Great Eastern, HSBC Life, Prudential^, Singlife","English, Hokkien, Mandarin, Teochew",GEH,46
wee-siew-bock,Dr Wee Siew Bock,Male,General Surgery,General Surgeon,ME|MEH,Mount Elizabeth Hospital,1985,text_grad,41,60-69,1,Wee Breast & General Surgery,Mount Elizabeth Medical Centre (3 Mount Elizabeth),MEH,True,,,,,,,"AIA, Prudential^","Bahasa Indonesia, Cantonese, English, Hokkien, Malay, Mandarin, Teochew",ME,66
wee-teck-huat-andy,Dr Wee Teck Huat Andy,Male,Orthopaedic Surgery,Orthopaedic Surgeon,ME|MEH|MNH|PEH,Mount Elizabeth Hospital|Parkway East Hospital,2006,text_years,20,40-49,3,Pinnacle Orthopaedic & Sports Centre (East) || Pinnacle Orthopaedic & Sports Centre (Orchard) || Pinnacle Orthopaedic & Sports Centre (Novena),Mount Elizabeth Medical Centre (3 Mount Elizabeth) || Mount Elizabeth Novena Specialist Centre (38 Irrawaddy Rd) || Parkway East Medical Centre (319 Joo Chiat Pl),MEH|MNH|PEH,True,Foundation Healthcare,Foundation Healthcare,Foundation Healthcare,Foundation Healthcare,,,"AIA, Great Eastern, HSBC Life, Income, Prudential^, Singlife","English, Hokkien, Malay, Mandarin",PEH,45
wee-teng-yau,Dr Wee Teng Yau,Male,Orthodontics,Orthodontist,ME|MEH,Mount Elizabeth Hospital,,,,,2,BRACESAURUS || Alfred Cheng Orthodontic Clinic,Mount Elizabeth Medical Centre (3 Mount Elizabeth) || Other: 111 Somerset Road #04-15 TripleOne Somerset SG 238164,MEH|other,True,,,,,,,Prudential^,English,ME,
wee-tze-haur,Dr Wee Tze Haur,Male,Oral & Maxillofacial Surgery,Oral and Maxillofacial Surgeon,ME|MNH,,,,,,1,Winston Tan Oral Maxillofacial Surgery,Mount Elizabeth Novena Specialist Centre (38 Irrawaddy Rd),MNH,True,Foundation Healthcare,Foundation Healthcare,Foundation Healthcare,Foundation Healthcare,,,"Great Eastern, HSBC Life, Income, Prudential^",English,ME,
wee-wei-loong-eric,Dr Eric Wee Wei Loong,Male,Gastroenterology,Gastroenterologist,GEH|ME|MNH,Mount Elizabeth Novena Hospital,2008,text_grad,18,40-49,2,Nobel Gastroenterology Centre || Nobel Gastroenterology Centre,Gleneagles Medical Centre (6 Napier Rd) || Mount Elizabeth Novena Specialist Centre (38 Irrawaddy Rd),GEH|MNH,True,OUE Healthcare / Healthway,,,OUE Healthcare / Healthway,,,"AIA, Great Eastern, HSBC Life, Prudential^, Singlife","English, Mandarin",GEH,43
wee-wei-wei-mrs-wei-wei-wee-stekly,Dr Wee Wei-Wei (Mrs Wei-Wei Wee-Stekly),Female,Obstetrics & Gynaecology,Obstetrician & Gynaecologist,GEH,Gleneagles Hospital,,,,,1,The Wei-Wei Clinic For Women Pte Ltd,Gleneagles Hospital Annexe (6A Napier Rd),GEH,True,,,,,,,"Income, Prudential^, Singlife","English, Malay, Mandarin",GEH,
wee-yeow-sherng-jonathan,Dr Wee Yeow Sherng Jonathan,Male,Obstetrics & Gynaecology,Obstetrician & Gynaecologist,ME|MNH,,,,,,1,Irene and Jon Clinic for Women,Mount Elizabeth Novena Specialist Centre (38 Irrawaddy Rd),MNH,True,,,,,,,"Income, Prudential^",English,ME,
widjaja-luman,Dr Widjaja Luman,Male,Gastroenterology,Gastroenterologist,ME|MEH,Mount Elizabeth Hospital,,,,,1,W Luman Digestive And Liver Clinic,Mount Elizabeth Medical Centre (3 Mount Elizabeth),MEH,True,,,,,,,"AIA, Great Eastern, HSBC Life, Income, Prudential^, Singlife","Bahasa Indonesia, English, Hokkien, Mandarin",ME,
william-kristanto,Dr William Kristanto,Male,Cardiology,Cardiologist,GEH|ME|MEH,Mount Elizabeth Hospital,2010,qual,16,40-49,2,Cardiac Care Partners || Cardiac Care Partners,Gleneagles Hospital Annexe (6A Napier Rd) || Mount Elizabeth Medical Centre (3 Mount Elizabeth),GEH|MEH,True,Cardiac Care Partners,,,Cardiac Care Partners,,,"AIA, Great Eastern, HSBC Life, Income, Prudential^, Singlife","Bahasa Indonesia, English, Mandarin",GEH,41
wong-bik-yun-inez,Dr Wong Bik Yun Inez,Female,Paediatric Medicine,Ophthalmologist,ME|MEH|MNH|PEH,Mount Elizabeth Hospital|Parkway East Hospital,1991,qual,35,60-69,3,Eagle Eye Centre || Eagle Eye Centre || Eagle Eye Centre,Mount Elizabeth Medical Centre (3 Mount Elizabeth) || Mount Elizabeth Novena Specialist Centre (38 Irrawaddy Rd) || Parkway East Medical Centre (319 Joo Chiat Pl),MEH|MNH|PEH,True,HMI Medical,,,HMI Medical,,,"AIA, Great Eastern, HSBC Life, Income, Singlife","Cantonese, English, Malay, Mandarin",PEH,60
wong-chee-wai,Dr Wong Chee Wai,Male,Ophthalmology,Ophthalmologist,GEH|ME|MEH|PEH,Gleneagles Hospital,2007,qual,19,40-49,2,Asia Pacific Eye Centre || Parkway MediCentre (The Woodleigh Mall),Gleneagles Hospital Annexe (6A Napier Rd) || Parkway MediCentre (IHH community clinic),GEH|IHH-community,True,ISEC Healthcare (Aier),Singapore Medical Group (SMG),Singapore Medical Group (SMG),ISEC Healthcare (Aier)|Singapore Medical Group (SMG),,also at Parkway MediCentre,"Great Eastern, HSBC Life, Prudential^, Singlife","Cantonese, English, Mandarin",PEH,44
wong-cheok-keng-kelvin,Dr Wong Cheok Keng Kelvin,Male,Cardiology,Cardiologist,ME|MEH|PEH,Mount Elizabeth Hospital,2016,text_grad,10,<40,2,Orchard Heart Specialist Clinic || Orchard Heart Specialist Pte Ltd,Mount Elizabeth Medical Centre (3 Mount Elizabeth) || Parkway East Medical Centre (319 Joo Chiat Pl),MEH|PEH,True,,,,,,,"AIA, Great Eastern, HSBC Life, Income, Prudential^, Singlife","Bahasa Indonesia, Cantonese, English, Hokkien, Malay, Mandarin",PEH,35
wong-chi-leung-julian,Dr Wong Chi Leung Julian,Male,General Surgery,General Surgeon,GEH|ME|MEH|MNH|PEH,Gleneagles Hospital,1991,qual,35,60-69,4,The Vascular & Endovascular Clinic Pte Ltd || The Vascular and Endovascular @ Orchard Clinic Pte Ltd || The Vascular and Endovascular Clinic || The Vascular and Endovascular Clinic PEH Pte Ltd,Gleneagles Medical Centre (6 Napier Rd) || Mount Elizabeth Medical Centre (3 Mount Elizabeth) || Mount Elizabeth Novena Specialist Centre (38 Irrawaddy Rd) || Parkway East Medical Centre (319 Joo Chiat Pl),GEH|MEH|MNH|PEH,True,,,,,,,"AIA, Great Eastern, HSBC Life, Income, Prudential^, Singlife",English,PEH,60
wong-chin-ho,Dr Wong Chin Ho,Male,Plastic Surgery,Plastic Surgeon,ME|MNH,Mount Elizabeth Novena Hospital,2000,text_grad,26,50-59,1,W Aesthetic Plastic Surgery,Mount Elizabeth Novena Specialist Centre (38 Irrawaddy Rd),MNH,True,,,,,,,,English,ME,51
wong-chiong-ling-yvonne,Dr Wong Chiong Ling Yvonne,Female,Anaesthesiology,Anaesthesiologist,GEH|ME|MEH|MNH,,,,,,3,FeM Surgery @ Novena || FeM Surgery @ Gleneagles || FeM Surgery,Gleneagles Medical Centre (6 Napier Rd) || Mount Elizabeth Medical Centre (3 Mount Elizabeth),GEH|MEH,True,,,Thomson Medical,,Thomson Medical,,"Great Eastern, Prudential^",English,GEH,
wong-chiung-ing,Dr Wong Chiung Ing,Female,Medical Oncology,Medical Oncologist,GEH|ME|MEH|MNH,Gleneagles Hospital|Mount Elizabeth Hospital,,,,,3,Parkway Cancer Centre || Parkway Cancer Centre || Parkway Cancer Centre,Gleneagles Medical Centre (6 Napier Rd) || Mount Elizabeth Medical Centre (3 Mount Elizabeth) || Mount Elizabeth Novena Specialist Centre (38 Irrawaddy Rd),GEH|MEH|MNH,True,Tamarind Health,Tamarind Health,Tamarind Health - Parkway Cancer Centre / TalkMed,Tamarind Health,,,"AIA, Great Eastern, HSBC Life, Income, Prudential^, Singlife","Bahasa Indonesia, English, Mandarin",GEH,
wong-chun-pong-cliff,Dr Wong Chun Pong (Cliff),Male,Cardiology,Cardiologist,GEH|ME|MEH|MNH|PEH,Mount Elizabeth Hospital,2002,qual,24,40-49,4,Asian Heart And Vascular Centre || Asian Heart & Vascular Centre || Asian Heart & Vascular Centre || Asian Heart & Vascular Centre,Gleneagles Hospital Annexe (6A Napier Rd) || Mount Elizabeth Medical Centre (3 Mount Elizabeth) || Mount Elizabeth Novena Specialist Centre (38 Irrawaddy Rd) || Parkway East Medical Centre (319 Joo Chiat Pl),GEH|MEH|MNH|PEH,True,,,,,,,"Great Eastern, HSBC Life, Income, Prudential^, Singlife","Cantonese, English, Mandarin",PEH,49
wong-heng-yu,Dr Wong Heng Yu,Male,Gastroenterology,Gastroenterologist,ME|MEH,,1991,text_grad,35,60-69,1,HY Wong Gastrointestinal & Liver Specialist Clinic,Mount Elizabeth Medical Centre (3 Mount Elizabeth),MEH,True,,,,,,,"HSBC Life, Income, Prudential^","Bahasa Indonesia, English, Mandarin",ME,60
wong-hon-kwong-kenneth,Dr Wong Hon Kwong Kenneth,Male,Obstetrics & Gynaecology,Obstetrician & Gynaecologist,ME|MEH,Gleneagles Hospital|Mount Elizabeth Hospital,1996,text_years,30,50-59,1,The Obgyn Centre Pte Ltd,Paragon Medical (290 Orchard Rd),Orchard-other,False,,,Thomson Medical,,Thomson Medical,,,"English, Japanese, Mandarin",ME,55
wong-jen-san,Dr Wong Jen San,Male,General Surgery,General Surgeon,ME|MEH|MNH|PEH,Mount Elizabeth Hospital,1998,qual,28,50-59,4,Hepatobiliary and Pancreatic Surgery Centre || Panasia Surgery Pte Ltd || PanAsia Surgery Pte Ltd || Panasia Surgery Pte Ltd,Mount Elizabeth Medical Centre (3 Mount Elizabeth) || Mount Elizabeth Novena Specialist Centre (38 Irrawaddy Rd) || Parkway East Medical Centre (319 Joo Chiat Pl),MEH|MNH|PEH,True,Foundation Healthcare,Foundation Healthcare,PanAsia Surgery|Raffles Medical Group,Foundation Healthcare,Raffles Medical Group,,"AIA, Great Eastern, HSBC Life, Income, Prudential^, Singlife","English, Malay, Mandarin",PEH,53
wong-jian-hao-kevin,Dr Wong Jian Hao Kevin,Male,Hand Surgery,Hand Surgeon,GEH|ME|MEH|MNH|PEH,,,,,,4,Hand Surgery Associates (Novena) || Hand Surgery Associates (Napier) Pte Ltd || Hand Surgery Associates (Parkway East) || Hand Surgery Associates (Orchard),Gleneagles Medical Centre (6 Napier Rd) || Mount Elizabeth Medical Centre (3 Mount Elizabeth) || Parkway East Medical Centre (319 Joo Chiat Pl),GEH|MEH|PEH,True,,Foundation Healthcare,Foundation Healthcare|Thomson Medical,Foundation Healthcare,Thomson Medical,,"AIA, Great Eastern, HSBC Life, Prudential^, Singlife",English,PEH,
wong-keng-lin-francis,Dr Wong Keng Lin (Francis),Male,Orthopaedic Surgery,Orthopaedic Surgeon,GEH|ME|MEH,Mount Elizabeth Hospital,2011,text_years,15,40-49,2,Oxford Orthopaedics || OXFORD ORTHOPAEDIC PTE LTD,Gleneagles Medical Centre (6 Napier Rd) || Mount Elizabeth Medical Centre (3 Mount Elizabeth),GEH|MEH,True,Alfa Medicus (ICG),,,Alfa Medicus (ICG),,,"Great Eastern, HSBC Life, Prudential^","English, Hainanese, Mandarin",GEH,40
wong-keng-yean,Dr Wong Keng Yean,,Paediatric Medicine,Paediatrician,GEH,,,,,,0,,,,False,,,,,,,,,,
wong-kit-yee-karmen,Dr Wong Kit Yee Karmen,Female,Medical Oncology,Medical Oncologist,GEH|ME|MEH|MNH,,2006,text_years,20,40-49,4,Icon Cancer Centre Mount Elizabeth || Icon Cancer Centre Orchard || Icon Cancer Centre Gleneagles || Icon Cancer Centre Novena,Gleneagles Medical Centre (6 Napier Rd) || Mount Elizabeth Medical Centre (3 Mount Elizabeth) || Mount Elizabeth Novena Specialist Centre (38 Irrawaddy Rd),GEH|MEH|MNH,True,Icon Group,,,Icon Group,,,"AIA, Great Eastern, HSBC Life, Income, Prudential^, Singlife",English,GEH,45
wong-kong-min-reuben,Dr Wong Kong Min Reuben,Male,Gastroenterology,Gastroenterologist,GEH|ME|MEH|MNH|PEH,Gleneagles Hospital|Mount Elizabeth Hospital|Parkway East Hospital,,,,,4,GUTCARE || GUTCARE || GUTCARE || GUTCARE,Gleneagles Medical Centre (6 Napier Rd) || Mount Elizabeth Medical Centre (3 Mount Elizabeth) || Mount Elizabeth Novena Specialist Centre (38 Irrawaddy Rd) || Parkway East Medical Centre (319 Joo Chiat Pl),GEH|MEH|MNH|PEH,True,gutCARE,,,gutCARE,,,"AIA, Great Eastern, HSBC Life, Income, Prudential^, Singlife","Bahasa Indonesia, Cantonese, English, Hakka, Hokkien, Malay, Mandarin",PEH,
wong-lisa,Dr Wong Lisa,Female,Obstetrics & Gynaecology,Obstetrician & Gynaecologist,ME|MEH,Mount Elizabeth Hospital,2003,text_grad,23,40-49,1,Lisa Wong Women & Gynae Oncology Centre,Mount Elizabeth Medical Centre (3 Mount Elizabeth),MEH,True,,,,,,,"AIA, Income, Prudential^, Singlife","English, Mandarin",ME,48
wong-manzhi,Dr Wong Manzhi,Female,Plastic Surgery,Plastic Surgeon,GEH,Gleneagles Hospital,,,,,1,The Aesthetic & Plastic Surgery Clinic,Gleneagles Medical Centre (6 Napier Rd),GEH,True,,,,,,,"Great Eastern, HSBC Life, Income, Prudential^, Singlife","English, Japanese, Mandarin",GEH,
wong-may-ling,Dr Wong May Ling,Female,Paediatric Medicine,Paediatrician,ME|MEH,,,,,,1,Child And Cardiology Practice,Paragon Medical (290 Orchard Rd),Orchard-other,False,,,,,,,"AIA, Prudential^",English,ME,
wong-nan-soon,Dr Wong Nan Soon,Male,Medical Oncology,Medical Oncologist,ME|MEH|MNH,Gleneagles Hospital|Mount Elizabeth Hospital,2006,text_grad,20,40-49,3,OncoCare Cancer Centre || OncoCare Cancer Centre || OncoCare Women's Cancer Clinic,Mount Elizabeth Medical Centre (3 Mount Elizabeth),MEH,True,Tamarind Health,Tamarind Health,Tamarind Health - OncoCare,Tamarind Health,,,"AIA, Great Eastern, HSBC Life, Income, Prudential^, Singlife","Bahasa Indonesia, English, Hokkien, Mandarin",ME,45
wong-nan-yaw,Dr Wong Nan-Yaw,Male,General Surgery,General Surgeon,ME|MEH,,1993,text_grad,33,50-59,1,NY Wong Surgery,Mount Elizabeth Medical Centre (3 Mount Elizabeth),MEH,True,,,,,,,Prudential^,"English, Mandarin",ME,58
wong-poh-chen-petrina,Dr Wong Poh Chen Petrina,Female,Paediatric Medicine,Paediatrician,GEH,Gleneagles Hospital,,,,,1,"Petrina Wong Clinic for Children, Respiratory & Sleep",Gleneagles Hospital Annexe (6A Napier Rd),GEH,True,,,,,,,"AIA, Prudential^",English,GEH,
wong-seng-weng,Dr Wong Seng Weng,Male,Medical Oncology,Medical Oncologist,ME|MEH,Mount Elizabeth Hospital|Mount Elizabeth Novena Hospital,,,,,2,The Cancer Centre @ Paragon || The Cancer Centre,Mount Elizabeth Medical Centre (3 Mount Elizabeth) || Paragon Medical (290 Orchard Rd),MEH|Orchard-other,True,Singapore Medical Group (SMG),Singapore Medical Group (SMG),Singapore Medical Group (SMG),Singapore Medical Group (SMG),,,"AIA, Great Eastern, HSBC Life, Income, Prudential^, Singlife",English,ME,
wong-sheau-hwa,Dr Wong Sheau Hwa,Male,Psychiatry,Psychiatrist,ME|MEH,Mount Elizabeth Hospital,1996,qual,30,50-59,1,SH Wong Sleep & Psychological Wellness Clinic,Mount Elizabeth Medical Centre (3 Mount Elizabeth),MEH,True,,,,,,,,"English, Mandarin",ME,55
wong-siew-wei,Dr Wong Siew Wei,Male,Medical Oncology,Medical Oncologist,GEH|ME|MNH,Gleneagles Hospital,,,,,2,Parkway Cancer Centre || Parkway Cancer Centre,Gleneagles Hospital Annexe (6A Napier Rd) || Mount Elizabeth Novena Specialist Centre (38 Irrawaddy Rd),GEH|MNH,True,Tamarind Health,Tamarind Health,Tamarind Health - Parkway Cancer Centre / TalkMed,Tamarind Health,,,"AIA, Great Eastern, HSBC Life, Income, Prudential^, Singlife","Cantonese, English, Malay, Mandarin",GEH,
wong-sin-yew,Dr Wong Sin Yew,Male,Infectious Diseases,Infectious Disease Physician,GEH,Mount Elizabeth Novena Hospital,1984,text_grad,42,60-69,1,Infectious Disease Partners Pte Ltd,Gleneagles Medical Centre (6 Napier Rd),GEH,True,,,,,,,"AIA, Great Eastern, HSBC Life, Income, Prudential^","Bahasa Indonesia, English, Mandarin",GEH,67
wong-su-ni,Dr Wong Su-Ni,Female,Dermatology,Dermatologist,ME|MEH,,1994,text_grad,32,50-59,1,"Dr SN Wong Skin, Hair, Nails and Laser Specialist Clinic: Dermatologist",Mount Elizabeth Medical Centre (3 Mount Elizabeth),MEH,True,,,,,,,,"Bahasa Indonesia, Cantonese, English, French, Mandarin",ME,57
wong-te-ching-mark,Dr Wong Te Ching Mark,Male,General Surgery,General Surgeon,ME|MNH,Mount Elizabeth Novena Hospital,1999,text_grad,27,50-59,1,Mark Wong Surgery,Royal Square at Novena (101 Irrawaddy Rd),Novena-other,False,,,,,,,"Great Eastern, Income, Prudential^, Singlife","Bahasa Indonesia, Cantonese, English, Hokkien, Malay, Mandarin, Teochew",ME,52
wong-thien-chong-marcus,Dr Wong Thien Chong Marcus,Male,Plastic Surgery,Plastic Surgeon,GEH,Gleneagles Hospital,,,,,1,Wong's Plastic Surgery Centre Pte Ltd,Gleneagles Medical Centre (6 Napier Rd),GEH,True,,,Thomson Medical,,Thomson Medical,,"AIA, Great Eastern, HSBC Life, Prudential^, Singlife","English, Hokkien, Mandarin",GEH,
wong-wai-kee,Dr Wong Wai Kee,Male,Dermatology,Dermatologist,ME|MEH,,,,,,1,Skin Physicians,Mount Elizabeth Medical Centre (3 Mount Elizabeth),MEH,True,,,,,,,,English,ME,
wong-wai-loong,Dr Wong Wai Loong,Male,Obstetrics & Gynaecology,Obstetrician & Gynaecologist,ME|MNH,Mount Elizabeth Novena Hospital,2006,text_years,20,40-49,1,STO+G Cancer & Fertility Practice,Mount Elizabeth Novena Specialist Centre (38 Irrawaddy Rd),MNH,True,,,Thomson Medical,,Thomson Medical,,"AIA, Great Eastern, Income, Prudential^, Singlife",English,ME,45
wong-weng-kin,Dr Wong Weng Kin,Male,Renal Medicine,Renal Physician,ME|MEH,Mount Elizabeth Hospital,2004,qual,22,40-49,1,One Future Kidney Care,Mount Elizabeth Medical Centre (3 Mount Elizabeth),MEH,True,,,,,,,"Great Eastern, HSBC Life, Income, Prudential^, Singlife","Cantonese, English, Malay, Mandarin",ME,47
wong-woon-wai-james,Dr Wong Woon Wai James,Male,Cardiothoracic Surgery,Cardiothoracic Surgeon,ME|MEH,,,,,,1,The Heart Lung & Vascular Centre,Mount Elizabeth Medical Centre (3 Mount Elizabeth),MEH,True,,,,,,,"HSBC Life, Prudential^","Bahasa Indonesia, English, Mandarin",ME,
wong-wui-min,Dr Wong Wui Min,Male,Cardiology,Cardiologist,GEH,,,,,,1,The Heart Practice,Gleneagles Medical Centre (6 Napier Rd),GEH,True,Foundation Healthcare,,,Foundation Healthcare,,,"Prudential^, Singlife",English,GEH,
wong-yoke-hae-francis,Dr Wong Yoke Hae Francis,Male,Orthopaedic Surgery,Orthopaedic Surgeon,GEH|ME|MEH,,1982,qual,44,60-69,2,Orthopaedics International || Orthopaedics International,Gleneagles Hospital Annexe (6A Napier Rd) || Mount Elizabeth Medical Centre (3 Mount Elizabeth),GEH|MEH,True,Orthopaedics International,,,Orthopaedics International,,,"AIA, Great Eastern, HSBC Life, Income, Prudential^, Singlife",English,GEH,69
wong-yue-shuen,Dr Wong Yue Shuen,Male,Orthopaedic Surgery,Orthopaedic Surgeon,GEH|ME|MEH,,1989,text_grad,37,60-69,2,Orthopaedics International || Orthopaedics International,Gleneagles Hospital Annexe (6A Napier Rd) || Mount Elizabeth Medical Centre (3 Mount Elizabeth),GEH|MEH,True,Orthopaedics International,,,Orthopaedics International,,,"AIA, Great Eastern, HSBC Life, Income, Prudential^, Singlife",English,GEH,62
wong-yuet-chen-michael,Dr Wong Yuet Chen Michael,Male,Urology,Urologist,ME|MEH,Mount Elizabeth Hospital,,,,,1,"International Urology, Fertility And Gynaecology Centre",Mount Elizabeth Medical Centre (3 Mount Elizabeth),MEH,True,,,,,,,"AIA, Income, Prudential^, Singlife","English, Mandarin",ME,
woo-kok-yen-evan-lee,Dr Woo Kok Yen Evan Lee,Male,Plastic Surgery,Plastic Surgeon,ME|MNH,,1998,qual,28,50-59,1,Evan Woo Breast and Plastic Surgery,Royal Square at Novena (101 Irrawaddy Rd),Novena-other,False,,,,,,,"AIA, HSBC Life, Prudential^","English, Mandarin",ME,53
woo-lai-har-monica,Dr Woo Lai Har Monica,Female,Anaesthesiology,Anaesthesiologist,ME|MEH,,,,,,1,Monica Woo Anaesthesiology,Mount Elizabeth Medical Centre (3 Mount Elizabeth),MEH,True,,,,,,,,English,ME,
woon-wei-liang-winston,Dr Woon Wei Liang Winston,Male,General Surgery,General Surgeon,GEH|PEH,Gleneagles Hospital,1998,text_grad,28,50-59,3,Prime Surgery || Prime Surgery || Unitas Surgical Clinic,Gleneagles Medical Centre (6 Napier Rd) || Parkway East Medical Centre (319 Joo Chiat Pl) || Royal Square at Novena (101 Irrawaddy Rd),GEH|Novena-other|PEH,True,,,Thomson Medical,,Thomson Medical,,"AIA, HSBC Life, Income, Prudential^, Singlife","Cantonese, English, Hokkien, Mandarin",PEH,53
woon-yng-yng-bertha,Dr Woon Yng Yng Bertha,Female,General Surgery,General Surgeon,GEH,Gleneagles Hospital,1996,qual,30,50-59,1,Bertha Woon General & Breast Surgery,Gleneagles Medical Centre (6 Napier Rd),GEH,True,,,,,,,"AIA, Great Eastern, HSBC Life, Prudential^","Bahasa Indonesia, Cantonese, English, French, Hainanese, Hokkien, Mandarin, Teochew",GEH,55
wu-mei-wen-fiona,Dr Wu Mei Wen Fiona,Female,Urology,Urologist,GEH|ME|MEH,Gleneagles Hospital,2005,qual,21,40-49,2,Aare Urocare Pte Ltd || Aare Urocare Pte Ltd,Gleneagles Medical Centre (6 Napier Rd) || Mount Elizabeth Medical Centre (3 Mount Elizabeth),GEH|MEH,True,,,,,,,"Great Eastern, Income, Prudential^, Singlife","English, Hokkien, Mandarin, Teochew",GEH,46
wu-pang-hung,Dr Wu Pang Hung,Male,Orthopaedic Surgery,Orthopaedic Surgeon,GEH|ME|MNH|PEH,Mount Elizabeth Hospital,2011,text_years,15,40-49,3,Achieve Spine and Orthopaedic Centre || Achieve Spine and Orthopaedic Novena Centre || Specialist Orthopaedic Centre,Gleneagles Medical Centre (6 Napier Rd) || Mount Elizabeth Medical Centre (3 Mount Elizabeth) || Parkway East Medical Centre (319 Joo Chiat Pl),GEH|MEH|PEH,True,,,Thomson Medical,,Thomson Medical,,"AIA, Great Eastern, HSBC Life, Income, Prudential^","Cantonese, English, Hokkien, Mandarin",PEH,40
wu-yik-tian-akira,Dr Wu Yik-Tian Akira,Male,Renal Medicine,Renal Physician,ME|MEH,Mount Elizabeth Hospital,1974,text_grad,52,70+,1,Wu Nephrology & Medical Clinic,Mount Elizabeth Medical Centre (3 Mount Elizabeth),MEH,True,,,,,,,"Prudential^, Singlife",English,ME,77
wujanto-raymond,Dr Wujanto Raymond,Male,Urology,Urologist,ME|MEH,Mount Elizabeth Hospital,1978,qual,48,70+,1,Urological Clinic,Mount Elizabeth Medical Centre (3 Mount Elizabeth),MEH,True,,,,,,,,"Cantonese, English, Mandarin",ME,73
yam-kean-tuck-andrew,Dr Yam Kean Tuck Andrew,Male,Hand Surgery,Hand Surgeon,GEH|ME|MEH|MNH|PEH,Gleneagles Hospital,1997,text_grad,29,50-59,4,Hand Surgery Associates (Parkway East) || Hand Surgery Associates (Napier) Pte Ltd || Hand Surgery Associates (Novena) || Hand Surgery Associates (Orchard),Gleneagles Medical Centre (6 Napier Rd) || Mount Elizabeth Medical Centre (3 Mount Elizabeth) || Parkway East Medical Centre (319 Joo Chiat Pl),GEH|MEH|PEH,True,,Foundation Healthcare,Foundation Healthcare,Foundation Healthcare,,,"AIA, Great Eastern, HSBC Life, Income, Prudential^, Singlife","Bahasa Indonesia, Cantonese, English, Mandarin",PEH,54
yam-pei-yuan-john,Dr Yam Pei Yuan John,Male,Obstetrics & Gynaecology,Obstetrician & Gynaecologist,GEH,Gleneagles Hospital,,,,,1,Acufem Women's Specialist Services,Gleneagles Medical Centre (6 Napier Rd),GEH,True,,,Thomson Medical,,Thomson Medical,,"Prudential^, Singlife","English, Hokkien, Japanese, Malay, Mandarin",GEH,
yan-chee-hong-peter,Dr Yan Chee Hong Peter,Male,Cardiology,Cardiologist,GEH,Gleneagles Hospital,1976,text_grad,50,70+,1,Peter Yan Cardiology Clinic,Gleneagles Medical Centre (6 Napier Rd),GEH,True,,,,,,,"AIA, HSBC Life, Prudential^, Singlife","Bahasa Indonesia, Cantonese, English, Hokkien, Mandarin, Teochew",GEH,75
yan-yet-yen,Dr Yan Yet Yen,Male,Diagnostic Radiology,Diagnostic Radiologist,ME|MEH,Mount Elizabeth Hospital,,,,,1,Radiology Department,Mount Elizabeth Medical Centre (3 Mount Elizabeth),MEH,True,,,,,,IHH hospital department / centre,,"English, Mandarin",ME,
yang-hon-mee-mary,Dr Yang Hon Mee Mary,Female,Obstetrics & Gynaecology,Obstetrician & Gynaecologist,GEH,,,,,,1,Mary Yang Clinic for Women & Adolescents Pte Ltd,Gleneagles Medical Centre (6 Napier Rd),GEH,True,,,,,,,,English,GEH,
yang-shiwen-valerie,Dr Yang Shiwen Valerie,Female,Medical Oncology,Medical Oncologist,GEH|ME|MEH|MNH,,,,,,3,OncoCare Cancer Centre || Oncocare Cancer Centre || OncoCare Cancer Centre,Gleneagles Medical Centre (6 Napier Rd) || Mount Elizabeth Medical Centre (3 Mount Elizabeth),GEH|MEH,True,Tamarind Health,Tamarind Health,Tamarind Health - OncoCare|Thomson Medical,Tamarind Health,Thomson Medical,,"AIA, HSBC Life, Income, Prudential^",English,GEH,
yang-tuck-loong-edward,Dr Yang Tuck Loong Edward,Male,Radiation Oncology,Radiation Oncologist,GEH|ME|MNH,Mount Elizabeth Novena Hospital,1981,text_grad,45,70+,2,Radiation Oncology Centre || Radiation Oncology Centre,Gleneagles Hospital Annexe (6A Napier Rd) || Mount Elizabeth Novena Specialist Centre (38 Irrawaddy Rd),GEH|MNH,True,,,,,,,"AIA, Great Eastern, HSBC Life, Income, Prudential^, Singlife","Bahasa Indonesia, English, Hokkien, Mandarin, Teochew",GEH,70
yang-tze-yi-steve,Dr Yang Tze Yi Steve,Male,Intensive Care Medicine,Respiratory Physician,GEH|ME|MEH|PEH,Gleneagles Hospital|Mount Elizabeth Hospital|Parkway East Hospital,1994,text_grad,32,50-59,3,The Respiratory Practice || O2 Lung Centre || The Respiratory Practice,Gleneagles Medical Centre (6 Napier Rd) || Mount Elizabeth Medical Centre (3 Mount Elizabeth) || Parkway East Medical Centre (319 Joo Chiat Pl),GEH|MEH|PEH,True,OUE Healthcare / Healthway,,Thomson Medical,OUE Healthcare / Healthway,Thomson Medical,,"AIA, Great Eastern, HSBC Life, Income, Prudential^, Singlife","English, Hokkien, Mandarin",PEH,57
yang-wen-shin,Dr Yang Wen Shin,Male,Renal Medicine,Renal Physician,ME|MEH,,,,,,1,Kidney Therapeutics Centre Pte Ltd,Lucky Plaza (304 Orchard Rd),Orchard-other,False,,,,,,,"Great Eastern, Prudential^",English,ME,
yang-yunrui-jasmine,Dr Yang Yunrui Jasmine,Female,Anaesthesiology,Anaesthesiologist,ME|MEH,,,,,,1,Anaesthesia Unlimited,Mount Elizabeth Medical Centre (3 Mount Elizabeth),MEH,True,,,,,,,,English,ME,
yao-che-lin,Dr Yao Che Lin,Female,Anaesthesiology,Anaesthesiologist,ME|MEH,,,,,,1,YCL Anaesthetics Pte Ltd,Mount Elizabeth Medical Centre (3 Mount Elizabeth),MEH,True,,,,,,,,English,ME,
yap-cheng-hoon-jane,Dr Yap Cheng Hoon Jane,Female,Respiratory Medicine,Respiratory Physician,ME|MNH,Mount Elizabeth Novena Hospital,1982,qual,44,60-69,1,Jane Yap Chest & Medical Clinic Pte Ltd,Mount Elizabeth Novena Specialist Centre (38 Irrawaddy Rd),MNH,True,,,,,,,"AIA, Great Eastern, HSBC Life, Income, Prudential^, Singlife",English,ME,69
yap-chin-kong,Dr Yap Chin Kong,Male,Gastroenterology,Gastroenterologist,ME|MEH,,1983,text_grad,43,60-69,1,Yap Chin Kong Gastroenterology & Liver Clinic,Mount Elizabeth Medical Centre (3 Mount Elizabeth),MEH,True,,,,,,,,"Bahasa Indonesia, Cantonese, English, Mandarin",ME,68
yap-hock-leong-michael,Dr Yap Hock Leong Michael,Male,Neurology,Neurologist,ME|MEH,,,,,,1,M Y Neurology & Medical Clinic,Mount Elizabeth Medical Centre (3 Mount Elizabeth),MEH,True,,,,,,,"Income, Prudential^",English,ME,
yap-lian-eng-ivy,Dr Yap Lian Eng Ivy,Female,Gastroenterology,Gastroenterologist,ME|MEH,Mount Elizabeth Hospital,,,,,1,Ivy Yap Gastroenterology & Liver Clinic,Mount Elizabeth Medical Centre (3 Mount Elizabeth),MEH,True,,,,,,,,"Cantonese, English, Hokkien, Mandarin, Teochew",ME,
yap-lip-kee,Dr Yap Lip Kee,Male,Obstetrics & Gynaecology,Obstetrician & Gynaecologist,ME|MEH,,,,,,1,Gynae Consultancy Pte Ltd,Mount Elizabeth Medical Centre (3 Mount Elizabeth),MEH,True,,,,,,,,"Bahasa Indonesia, English, Mandarin",ME,
yap-seok-eng-catherine,Dr Yap Seok Eng Catherine,Female,Anaesthesiology,Anaesthesiologist,ME|MEH,,1977,qual,49,70+,1,Specialist Anaesthesia Services Pte Ltd,Mount Elizabeth Medical Centre (3 Mount Elizabeth),MEH,True,,,,,,,,"Bahasa Indonesia, English, Hokkien, Mandarin, Teochew",ME,74
yap-soo-keong,Dr Yap Soo Keong,Male,Ophthalmology,Ophthalmologist,ME|MEH,,,,,,1,SK Yap Specialist Eye Clinic & Surgery Pte Ltd,Mount Elizabeth Medical Centre (3 Mount Elizabeth),MEH,True,,,,,,,"AIA, HSBC Life, Prudential^",English,ME,
yap-wee-see,Dr Yap Wee See,Male,Respiratory Medicine,Respiratory Physician,ME|MNH,Mount Elizabeth Novena Hospital,,,,,1,Yap Wee See Respiratory And Sleep Clinic,Mount Elizabeth Novena Specialist Centre (38 Irrawaddy Rd),MNH,True,,,,,,,"AIA, Great Eastern, HSBC Life, Prudential^, Singlife",English,ME,
yap-yan-ling-jennifer,Dr Yap Yan Ling Jennifer,Female,Diagnostic Radiology,Diagnostic Radiologist,ME|MEH,,,,,,1,Radiology Department,Mount Elizabeth Medical Centre (3 Mount Elizabeth),MEH,True,,,,,,IHH hospital department / centre,,English,ME,
yau-hok-man-gordon,Dr Yau Hok Man Gordon,Male,Anaesthesiology,Anaesthesiologist,ME|MEH,,,,,,2,Gordon Yau Anaesthetic Practice Pte Ltd || Anaesthesia Unlimited,Mount Elizabeth Medical Centre (3 Mount Elizabeth),MEH,True,,,,,,,,"Bahasa Indonesia, Cantonese, English, Hokkien, Mandarin, Tamil, Teochew",ME,
yeak-chow-lin-samuel,Dr Yeak Chow Lin Samuel,Male,Otorhinolaryngology / ENT,Otorhinolaryngologist,ME|MNH,Mount Elizabeth Novena Hospital,1990,text_grad,36,60-69,1,Amandela ENT Head & Neck Surgery Centre,Mount Elizabeth Novena Specialist Centre (38 Irrawaddy Rd),MNH,True,,,,,,,"Income, Prudential^","English, Mandarin",ME,61
yeap-heng-oon-shang,Dr Yeap Heng Oon (Shang),Male,Medical Oncology,Medical Oncologist,GEH|ME|MEH|MNH,,,,,,4,Icon Cancer Centre Novena || Icon Cancer Centre Orchard || Icon Cancer Centre Mount Elizabeth || Icon Cancer Centre Gleneagles,Gleneagles Medical Centre (6 Napier Rd) || Mount Elizabeth Medical Centre (3 Mount Elizabeth) || Mount Elizabeth Novena Specialist Centre (38 Irrawaddy Rd),GEH|MEH|MNH,True,Icon Group,Icon Group,Icon Cancer Centre Singapore,Icon Group,,,"AIA, Great Eastern, HSBC Life, Income, Prudential^, Singlife","English, Mandarin",GEH,
yegappan-muthukaruppan,Dr Yegappan Muthukaruppan,Male,Orthopaedic Surgery,Orthopaedic Surgeon,ME|MNH|PEH,Mount Elizabeth Hospital|Mount Elizabeth Novena Hospital|Parkway East Hospital,,,,,2,Centre for Sports and Shoulder and Elbow Surgery || Centre for Sports and Shoulder and Elbow Surgery,Mount Elizabeth Novena Specialist Centre (38 Irrawaddy Rd) || Parkway East Medical Centre (319 Joo Chiat Pl),MNH|PEH,True,,,,,,,"AIA, HSBC Life, Prudential^, Singlife","Bahasa Indonesia, English, Tamil",PEH,
yeo-chong-jin,Dr Yeo Chong Jin,Male,Hand Surgery,Hand Surgeon,GEH|ME|MEH|MNH|PEH,Gleneagles Hospital,2001,text_grad,25,50-59,4,Hand Surgery Associates (Napier) Pte Ltd || Hand Surgery Associates (Parkway East) || Hand Surgery Associates (Novena) || Hand Surgery Associates (Orchard),Gleneagles Medical Centre (6 Napier Rd) || Mount Elizabeth Medical Centre (3 Mount Elizabeth) || Parkway East Medical Centre (319 Joo Chiat Pl),GEH|MEH|PEH,True,,Foundation Healthcare,Foundation Healthcare,Foundation Healthcare,,,"AIA, Great Eastern, HSBC Life, Income, Prudential^, Singlife","English, Hokkien, Mandarin",PEH,50
yeo-chong-meng,Dr Yeo Chong Meng,Male,Gastroenterology,Gastroenterologist,ME|MNH,Mount Elizabeth Novena Hospital,1998,text_grad,28,50-59,1,CM Yeo Gastrointestinal & Liver Specialist Clinic,Mount Elizabeth Novena Specialist Centre (38 Irrawaddy Rd),MNH,True,,,,,,,"AIA, Great Eastern, HSBC Life, Income, Prudential^, Singlife",English,ME,53
yeo-chor-tzien,Dr Yeo Chor Tzien,Male,Respiratory Medicine,Respiratory Physician,GEH,,,,,,1,C T Yeo Respiratory & Medical Clinic,Gleneagles Medical Centre (6 Napier Rd),GEH,True,,,,,,,"Great Eastern, HSBC Life, Prudential^, Singlife",English,GEH,
yeo-eng-meng-nicholas,Dr Yeo Eng Meng Nicholas,Male,Orthopaedic Surgery,Orthopaedic Surgeon,GEH|ME|MEH,Mount Elizabeth Hospital,2011,text_years,15,40-49,2,Activ Orthopaedic Centre || Activ Orthopaedic Centre,Gleneagles Medical Centre (6 Napier Rd) || Mount Elizabeth Medical Centre (3 Mount Elizabeth),GEH|MEH,True,,,Thomson Medical,,Thomson Medical,,"AIA, HSBC Life, Income, Prudential^, Singlife","Cantonese, English, Hokkien, Malay, Mandarin, Teochew",GEH,40
yeo-kah-loke-brian,Dr Yeo Kah Loke Brian,Male,Psychiatry,Psychiatrist,ME|MEH,,,,,,1,Brian Yeo Clinic,Mount Elizabeth Medical Centre (3 Mount Elizabeth),MEH,True,,,,,,,,"Bahasa Indonesia, Cantonese, English, Hokkien, Mandarin, Tamil, Teochew",ME,
yeo-khee-quan,Dr Yeo Khee Quan,Male,Orthopaedic Surgery,Orthopaedic Surgeon,ME|MEH,,1970,qual,56,70+,1,Yeo Orthopaedic Centre Pte Ltd,Mount Elizabeth Medical Centre (3 Mount Elizabeth),MEH,True,,,,,,,,"Bahasa Indonesia, Cantonese, English, Hokkien, Mandarin, Teochew",ME,81
yeo-kim-lian,Dr Yeo Kim Lian,Female,Paediatric Medicine,Paediatrician,GEH,,,,,,1,The Kidz Clinic,Gleneagles Medical Centre (6 Napier Rd),GEH,True,,,,,,,,English,GEH,
yeo-kim-teck,Dr Yeo Kim Teck,Male,Ophthalmology,Ophthalmologist,ME|MEH,Mount Elizabeth Hospital,2001,text_years,25,50-59,1,Apple Eye Centre,Paragon Medical (290 Orchard Rd),Orchard-other,False,,,,,,,"Prudential^, Singlife",English,ME,50
yeo-mei-wen-lynn,Dr Yeo Mei-Wen Lynn,Female,Ophthalmology,Ophthalmologist,ME|MEH|MNH|PEH,Mount Elizabeth Hospital,1987,qual,39,60-69,3,Eagle Eye Centre || Eagle Eye Centre || Eagle Eye Centre,Mount Elizabeth Medical Centre (3 Mount Elizabeth) || Mount Elizabeth Novena Specialist Centre (38 Irrawaddy Rd) || Parkway East Medical Centre (319 Joo Chiat Pl),MEH|MNH|PEH,True,HMI Medical,,,HMI Medical,,,"AIA, Great Eastern, HSBC Life, Income, Prudential^, Singlife","English, Mandarin",PEH,64
yeo-motoko,Dr Yeo Motoko,Female,Obstetrics & Gynaecology,Obstetrician & Gynaecologist,ME|MEH,,,,,,2,Motoko Clinic For Women || Motoko Clinic For Women,Paragon Medical (290 Orchard Rd),Orchard-other,False,,,,,,,,English,ME,
yeo-poh-shuan-daniel,Dr Yeo Poh Shuan Daniel,Male,Cardiology,Cardiologist,GEH,Gleneagles Hospital,2003,text_grad,23,40-49,1,Apex Heart Clinic,Gleneagles Hospital Annexe (6A Napier Rd),GEH,True,,,Thomson Medical,,Thomson Medical,,"AIA, Income, Prudential^, Singlife","Bahasa Indonesia, English, Hokkien, Malay, Mandarin, Teochew",GEH,48
yeo-shen-ann-eugene,Dr Yeo Shen Ann Eugene,Male,General Surgery,General Surgeon,ME|MEH,Mount Elizabeth Hospital,,,,,2,TEN SURGERY GROUP (Orchard) || Curasia Endoscopy Centre (Orchard),Lucky Plaza (304 Orchard Rd) || Mount Elizabeth Medical Centre (3 Mount Elizabeth),MEH|Orchard-other,True,,,Thomson Medical,,Thomson Medical,,"Great Eastern, HSBC Life, Income, Prudential^, Singlife","English, Mandarin",ME,
yeo-sow-nam,Dr Yeo Sow Nam,Male,Anaesthesiology,Anaesthesiologist,ME|MEH|MNH,Mount Elizabeth Hospital|Mount Elizabeth Novena Hospital,,,,,2,The Pain Specialist || The Pain Specialist,Mount Elizabeth Medical Centre (3 Mount Elizabeth) || Mount Elizabeth Novena Specialist Centre (38 Irrawaddy Rd),MEH|MNH,True,,Foundation Healthcare,Foundation Healthcare|Thomson Medical,Foundation Healthcare,Thomson Medical,,"AIA, Great Eastern, HSBC Life, Income, Prudential^","Bahasa Indonesia, Cantonese, English, Hokkien, Mandarin, Teochew",ME,
yeo-sze-wei-matthew,Dr Yeo Sze Wei Matthew,Male,Plastic Surgery,Plastic Surgeon,ME|MEH|PEH,Mount Elizabeth Hospital|Parkway East Hospital,,,,,2,Picasso Plastic Surgery || Picasso Plastic Surgery,Mount Elizabeth Medical Centre (3 Mount Elizabeth) || Parkway East Medical Centre (319 Joo Chiat Pl),MEH|PEH,True,,,,,,,"AIA, Income, Prudential^","Bahasa Indonesia, English, Mandarin",PEH,
yeo-tong-hong,Dr Yeo Tong Hong,Male,Paediatric Medicine,Paediatrician,PEH,Parkway East Hospital,,,,,1,Parkway East Hospital,Parkway East Hospital (321 Joo Chiat Pl),PEH,True,,,Thomson Medical,,Thomson Medical,,"Great Eastern, Prudential^","English, Hokkien, Mandarin, Teochew",PEH,
yeo-tseng-tsai,Dr Yeo Tseng Tsai,Male,Neurosurgery,Neurosurgeon,ME|MNH,,,,,,1,Parkway Gamma Knife Centre,Mount Elizabeth Novena Specialist Centre (38 Irrawaddy Rd),MNH,True,,,,,,,,English,ME,
yeo-tun-kuan,Dr Yeo Tun Kuan,Male,Ophthalmology,Ophthalmologist,ME|MNH,Mount Elizabeth Novena Hospital,2006,text_years,20,40-49,1,Eye & Retina Surgeons,Mount Elizabeth Medical Centre (3 Mount Elizabeth),MEH,True,Eye & Retina Surgeons,,,Eye & Retina Surgeons,,,"Great Eastern, Prudential^","English, Hokkien, Mandarin",ME,45
yeoh-ching-sing-nicholas,Dr Yeoh Ching Sing (Nicholas),Male,Orthopaedic Surgery,Orthopaedic Surgeon,GEH|ME|MEH|MNH|PEH,Mount Elizabeth Hospital,2009,qual,17,40-49,4,HC Orthopaedic Surgery || HC Orthopaedic Surgery || HC Orthopaedic Surgery || HC Orthopaedic Surgery,Gleneagles Medical Centre (6 Napier Rd) || Mount Elizabeth Medical Centre (3 Mount Elizabeth) || Mount Elizabeth Novena Specialist Centre (38 Irrawaddy Rd) || Parkway East Medical Centre (319 Joo Chiat Pl),GEH|MEH|MNH|PEH,True,HC Surgical Specialists,,Thomson Medical,HC Surgical Specialists,Thomson Medical,,"Great Eastern, HSBC Life, Prudential^","English, Hokkien, Malay, Mandarin",PEH,42
yeoh-lam-soon-ronald,Dr Yeoh Lam Soon Ronald,Male,Ophthalmology,Ophthalmologist,ME|MNH,Mount Elizabeth Novena Hospital,2014,text_grad,12,<40,1,Eye & Retina Surgeons,Mount Elizabeth Medical Centre (3 Mount Elizabeth),MEH,True,Eye & Retina Surgeons,,,Eye & Retina Surgeons,,,,"English, Mandarin",ME,37
yeoh-swee-choo,Dr Yeoh Swee Choo,Female,Obstetrics & Gynaecology,Obstetrician & Gynaecologist,ME|MEH,Mount Elizabeth Hospital,,,,,1,The Obstetrics And Gynaecology Practice,Mount Elizabeth Medical Centre (3 Mount Elizabeth),MEH,True,,,,,,,AIA,"Bahasa Indonesia, Cantonese, English, Hokkien, Mandarin",ME,
yeong-cheng-toh,Dr Yeong Cheng Toh,Male,Obstetrics & Gynaecology,Obstetrician & Gynaecologist,ME|MNH,,,,,,1,The Tow Yung Clinic,Mount Elizabeth Novena Specialist Centre (38 Irrawaddy Rd),MNH,True,,,Thomson Medical,,Thomson Medical,,Prudential^,English,ME,
yeow-kok-leng-vincent,Dr Yeow Kok Leng Vincent,Male,Plastic Surgery,Plastic Surgeon,ME|MEH,,,,,,1,Dream Plastic Surgery,Paragon Medical (290 Orchard Rd),Orchard-other,False,,,,,,,,English,ME,
yeow-yuyi,Dr Yeow Yuyi,Male,Urology,Urologist,GEH|ME|MEH|MNH|PEH,Mount Elizabeth Novena Hospital,,,,,4,Advanced Urology Associates Pte Ltd || Advanced Urology Associates Pte Ltd || Advanced Urology Associates Pte Ltd || Advanced Urology Associates Pte Ltd,Gleneagles Medical Centre (6 Napier Rd) || Mount Elizabeth Medical Centre (3 Mount Elizabeth) || Mount Elizabeth Novena Specialist Centre (38 Irrawaddy Rd) || Parkway East Medical Centre (319 Joo Chiat Pl),GEH|MEH|MNH|PEH,True,HMI Medical,,,HMI Medical,,,"Great Eastern, HSBC Life, Prudential^","English, Hokkien, Mandarin",PEH,
yik-jing-hui-kevin,Dr Yik Jing Hui (Kevin),Male,Orthopaedic Surgery,Orthopaedic Surgeon,GEH|ME|MEH,Gleneagles Hospital,,,,,2,Elite Orthopaedics (Gleneagles) || Elite Orthopaedics,Gleneagles Medical Centre (6 Napier Rd) || Mount Elizabeth Medical Centre (3 Mount Elizabeth),GEH|MEH,True,,,Thomson Medical,,Thomson Medical,,"Great Eastern, HSBC Life, Prudential^","English, Mandarin",GEH,
yim-heng-boon,Dr Yim Heng Boon,Male,Gastroenterology,Gastroenterologist,ME|MNH,Mount Elizabeth Novena Hospital,1990,text_grad,36,60-69,1,Yim Gastroenterology Liver and Endoscopy Centre,Mount Elizabeth Novena Specialist Centre (38 Irrawaddy Rd),MNH,True,,,,,,,"AIA, Great Eastern, HSBC Life, Income, Prudential^, Singlife","Bahasa Indonesia, English, Hokkien, Mandarin",ME,61
yip-cherng-hann-benjamin,Dr Yip Cherng Hann Benjamin,Male,Gastroenterology,Gastroenterologist,ME|MEH,Mount Elizabeth Hospital,2004,qual,22,40-49,1,Alpha Digestive & Liver Centre,Mount Elizabeth Medical Centre (3 Mount Elizabeth),MEH,True,,,,,,,"Great Eastern, HSBC Life, Prudential^, Singlife","Cantonese, English, Hokkien, Mandarin",ME,47
yip-chin-ling-william,Dr Yip Chin Ling William,Male,Paediatric Medicine,Paediatrician,GEH,Gleneagles Hospital,1986,text_years,40,60-69,2,International Clinic & Adolescent || ICAC (Singapore) Pte Ltd,Gleneagles Hospital Annexe (6A Napier Rd),GEH,True,,,,,,,,English,GEH,65
yip-hwee-seng,Dr Yip Hwee Seng,Male,Respiratory Medicine,Respiratory Physician,GEH|ME|MEH|MNH|PEH,Gleneagles Hospital|Mount Elizabeth Hospital|Parkway East Hospital,2001,text_grad,25,50-59,4,The Respiratory Practice || The Respiratory Practice || O2 Lung Centre || The Respiratory Practice,Gleneagles Medical Centre (6 Napier Rd) || Mount Elizabeth Medical Centre (3 Mount Elizabeth) || Mount Elizabeth Novena Specialist Centre (38 Irrawaddy Rd) || Parkway East Medical Centre (319 Joo Chiat Pl),GEH|MEH|MNH|PEH,True,OUE Healthcare / Healthway,,,OUE Healthcare / Healthway,,,"AIA, Great Eastern, HSBC Life, Income, Prudential^, Singlife",English,PEH,50
yip-wing-kong,Dr Yip Wing Kong,Male,Oral & Maxillofacial Surgery,Oral and Maxillofacial Surgeon,ME|MEH,,,,,,1,Yip Dental Surgery,Mount Elizabeth Medical Centre (3 Mount Elizabeth),MEH,True,,,,,,,,English,ME,
yong-anning-angeline,Dr Yong Anning Angeline,Female,Dermatology,Dermatologist,GEH,Gleneagles Hospital,2011,text_years,15,40-49,1,Angeline Yong Dermatology,Gleneagles Medical Centre (6 Napier Rd),GEH,True,,,,,,,"Great Eastern, Prudential^, Singlife","Cantonese, English, Mandarin",GEH,40
yong-kailing,Dr Yong Kailing,Female,Ophthalmology,Ophthalmologist,ME|MNH,,,,,,1,My Eye Specialist & Retina Surgeon,Royal Square at Novena (101 Irrawaddy Rd),Novena-other,False,,,,,,,"HSBC Life, Prudential^, Singlife","English, Hakka, Hokkien, Mandarin",ME,
yong-ren,Dr Yong Ren,Male,Orthopaedic Surgery,Orthopaedic Surgeon,GEH|ME|MNH,Mount Elizabeth Hospital,,,,,2,The Orthopaedic and Pain Practice || The Orthopaedic & Pain Practice,Gleneagles Medical Centre (6 Napier Rd) || Mount Elizabeth Novena Specialist Centre (38 Irrawaddy Rd),GEH|MNH,True,,,,,,,"AIA, Great Eastern, HSBC Life, Prudential^, Singlife","English, Hokkien, Mandarin",GEH,
yong-shao-onn,Dr Yong Shao Onn,Male,Ophthalmology,Ophthalmologist,GEH,Mount Elizabeth Novena Hospital,,,,,1,The Ophthalmology Practice,Gleneagles Medical Centre (6 Napier Rd),GEH,True,,,,,,,"AIA, Great Eastern, Prudential^, Singlife","Cantonese, English, Hakka, Hokkien, Mandarin",GEH,
yong-su-ern-jenica,Dr Yong Su-Ern Jenica,Female,Otorhinolaryngology / ENT,Otorhinolaryngologist,ME|MEH|MNH,Mount Elizabeth Novena Hospital,,,,,2,ENT Surgeons Medical Centre || ENT Surgeons Medical Centre,Mount Elizabeth Medical Centre (3 Mount Elizabeth) || Mount Elizabeth Novena Specialist Centre (38 Irrawaddy Rd),MEH|MNH,True,,,,,,,,"English, Mandarin",ME,
yong-thon-hon,Dr Yong Thon Hon,Male,Cardiology,Cardiologist,ME|MEH,Gleneagles Hospital|Mount Elizabeth Hospital,2011,text_years,15,40-49,1,Forte Cardiology Clinic,Mount Elizabeth Medical Centre (3 Mount Elizabeth),MEH,True,,,Thomson Medical,,Thomson Medical,,"HSBC Life, Prudential^, Singlife","Cantonese, English, Hakka, Hokkien, Malay, Mandarin",ME,40
yoong-chee-seng,Dr Yoong Chee Seng,Male,Anaesthesiology,Anaesthesiologist,ME|MNH,Mount Elizabeth Novena Hospital,1996,text_years,30,50-59,1,Paincare Center,Mount Elizabeth Medical Centre (3 Mount Elizabeth),MEH,True,Singapore Paincare,,Thomson Medical,Singapore Paincare,Thomson Medical,,"Great Eastern, Income, Prudential^, Singlife","Cantonese, English, Malay, Mandarin",ME,55
young-ming-stephanie,Dr Young Ming Stephanie,Female,Ophthalmology,Ophthalmologist,PEH,Parkway East Hospital,,,,,1,Eagle Eye Centre,Parkway East Medical Centre (319 Joo Chiat Pl),PEH,True,HMI Medical,,,HMI Medical,,,"AIA, Great Eastern, HSBC Life, Prudential^, Singlife","Cantonese, English, Mandarin",PEH,
yu-chia-wen-carmen,Dr Yu Chia-Wen Carmen,Female,Pathology,Pathologist,GEH,,,,,,1,Parkway Laboratory Services Ltd,Gleneagles Hospital Annexe (6A Napier Rd),GEH,True,,,,,,IHH hospital department / centre,,English,GEH,
yue-wai-mun,Dr Yue Wai Mun,Male,Orthopaedic Surgery,Orthopaedic Surgeon,GEH|ME|MNH,Gleneagles Hospital,1992,text_grad,34,50-59,2,The Orthopaedic Centre (Gleneagles) || The Orthopaedic Centre (Novena),Gleneagles Medical Centre (6 Napier Rd) || Mount Elizabeth Novena Specialist Centre (38 Irrawaddy Rd),GEH|MNH,True,,,,,,,"AIA, Income, Prudential^, Singlife","Cantonese, English, Hokkien, Mandarin",GEH,59
yuen-heng-wai,Dr Yuen Heng Wai,Male,Otorhinolaryngology / ENT,Otorhinolaryngologist,ME|MEH|PEH,Mount Elizabeth Hospital,2001,text_years,25,50-59,2,Ascent Ear Nose Throat Specialist Group || Ascent Ear Nose Throat SG East,Mount Elizabeth Medical Centre (3 Mount Elizabeth) || Parkway East Medical Centre (319 Joo Chiat Pl),MEH|PEH,True,,,Thomson Medical,,Thomson Medical,,"Income, Prudential^, Singlife","Cantonese, English, Hokkien, Mandarin",PEH,50
yuen-pei-shan-patricia,Dr Yuen Pei Shan Patricia,Female,Dermatology,Dermatologist,ME|MEH,,,,,,1,Patricia Yuen Dermatology,Paragon Medical (290 Orchard Rd),Orchard-other,False,,,,,,,,English,ME,
yung-shing-wai,Dr Yung Shing Wai,Male,Orthopaedic Surgery,Orthopaedic Surgeon,ME|MEH,Mount Elizabeth Hospital,1985,text_grad,41,60-69,1,"SW Yung Orthopaedic, Foot and Shoulder Surgery",Mount Elizabeth Medical Centre (3 Mount Elizabeth),MEH,True,,,,,,,"AIA, Great Eastern, Prudential^","English, Mandarin",ME,66
yung-wai-yin-ambrose,Dr Yung Wai Yin Ambrose,Male,Orthopaedic Surgery,Orthopaedic Surgeon,GEH|ME|MEH,Gleneagles Hospital,2000,qual,26,50-59,2,Spire Orthopaedic Centre || Spire Hand Centre,Gleneagles Medical Centre (6 Napier Rd) || Mount Elizabeth Medical Centre (3 Mount Elizabeth),GEH|MEH,True,,,,,,,"Great Eastern, HSBC Life, Prudential^, Singlife","Cantonese, English",GEH,51
zee-ying-kiat,Dr Zee Ying Kiat,Male,Medical Oncology,Medical Oncologist,GEH|ME|MEH|MNH,Mount Elizabeth Hospital,,,,,3,Parkway Cancer Centre || Parkway Cancer Centre || Parkway Cancer Centre,Gleneagles Hospital Annexe (6A Napier Rd) || Mount Elizabeth Medical Centre (3 Mount Elizabeth) || Mount Elizabeth Novena Specialist Centre (38 Irrawaddy Rd),GEH|MEH|MNH,True,Tamarind Health,Tamarind Health,Tamarind Health - Parkway Cancer Centre / TalkMed,Tamarind Health,,,"AIA, Great Eastern, HSBC Life, Income, Prudential^, Singlife","Cantonese, English, Mandarin",GEH,
zhang-junwei,Dr Zhang Junwei,Male,Diagnostic Radiology,Diagnostic Radiologist,GEH,,,,,,1,Radiology Department,Gleneagles Hospital Annexe (6A Napier Rd),GEH,True,,,,,,IHH hospital department / centre,,English,GEH,
zhao-yi-jing,Dr Zhao Yi Jing,Female,Neurology,Neurologist,ME|MEH,Mount Elizabeth Hospital,,,,,1,Zhao Neurology and Headache Clinic,Mount Elizabeth Medical Centre (3 Mount Elizabeth),MEH,True,,,,,,,"Income, Prudential^, Singlife","English, Hokkien, Mandarin",ME,
zhuang-qingyuan,Dr Zhuang Qingyuan,Male,Palliative Medicine,Palliative Medicine Physician,GEH|ME|MEH|MNH,,,,,,4,Oncocare Cancer Centre || OncoCare Cancer Centre || OncoCare Cancer Centre || OncoCare Cancer Centre,Gleneagles Medical Centre (6 Napier Rd) || Mount Elizabeth Medical Centre (3 Mount Elizabeth),GEH|MEH,True,Tamarind Health,,,Tamarind Health,,,"HSBC Life, Income, Prudential^, Singlife",English,GEH,
